altitude_m,ambient_temp_c,pressure_kpa,load_current_a,vibration_g,operating_hours,internal_temp_c,dielectric_margin,health_status
2747.2,-10.5,72.39,19.93,2.55,3652.7,52.0,24.18,1
6204.3,-4.5,45.87,17.98,3.76,930.7,63.4,16.4,2
4892.0,24.1,54.8,10.46,2.86,1739.7,53.2,26.79,1
4092.0,-14.5,60.91,31.15,0.51,3319.8,112.7,14.8,2
1436.1,25.2,85.22,24.88,1.01,2415.6,103.7,24.43,1
1436.0,-33.4,85.22,43.55,1.17,3695.5,138.5,15.91,2
848.5,18.3,91.54,3.54,1.36,4806.4,23.2,67.6,0
5697.1,23.6,49.17,32.91,2.87,591.6,176.4,11.46,2
4106.7,-26.4,60.79,38.62,2.57,3550.7,145.7,12.5,2
4748.4,-7.7,55.86,38.46,1.1,1159.4,170.7,11.53,2
623.5,-27.6,94.06,44.53,0.43,2078.2,141.2,17.25,2
6319.5,13.0,45.15,36.99,0.94,174.0,200.9,9.61,2
5494.7,0.2,50.54,46.53,4.92,688.2,245.1,8.94,2
1774.0,7.6,81.75,17.97,2.4,1605.7,58.5,29.23,1
1590.9,-25.3,83.62,26.15,4.35,1716.5,59.7,23.13,1
1600.4,-24.1,83.52,2.68,4.26,4498.9,-20.6,65.89,1
2325.5,-36.9,76.33,2.33,2.61,3711.6,-33.9,61.89,2
3648.5,-15.8,64.52,13.53,3.56,4861.2,22.6,27.42,1
3091.7,2.0,69.3,6.84,1.04,2999.4,16.3,41.15,0
2247.4,24.3,77.08,14.49,3.47,1216.2,63.1,31.48,0
4171.1,10.0,60.28,10.5,1.43,1645.0,37.9,29.41,1
1337.0,-7.3,86.26,3.37,4.18,1606.0,-2.6,64.52,1
2252.9,31.5,77.03,45.65,0.51,1639.2,224.6,13.84,2
2698.2,13.9,72.84,2.39,3.89,3368.1,17.1,58.77,1
3236.4,29.8,68.03,37.33,0.59,2658.7,184.8,14.37,2
5211.1,-0.4,52.51,9.3,4.42,1933.3,24.8,27.2,1
1698.0,-20.6,82.52,45.79,1.59,754.0,166.8,14.79,2
3585.4,-36.0,65.04,44.85,3.31,120.5,169.0,11.86,2
4054.5,14.5,61.2,33.39,2.49,1102.0,154.3,14.11,2
778.7,-30.9,92.31,34.27,1.89,546.3,87.2,20.85,0
4145.3,-17.3,60.48,2.26,3.26,3929.4,-14.1,49.35,0
1523.1,-0.1,84.32,49.27,4.74,571.4,205.4,14.22,2
890.3,2.3,91.08,44.14,0.3,3623.9,171.7,16.82,2
6193.3,5.0,45.94,44.97,4.6,1934.4,249.9,8.36,2
6293.8,-27.5,45.31,33.64,3.08,376.2,136.7,10.38,2
5350.4,-11.5,51.54,18.55,4.06,4065.5,55.4,18.05,1
2327.7,6.3,76.31,44.9,1.98,2902.4,195.8,13.9,2
1086.0,32.7,88.94,15.99,2.41,1186.4,74.1,34.22,0
4605.4,14.6,56.93,29.01,4.36,4474.5,133.7,14.59,2
3140.9,29.2,68.86,6.79,2.13,235.8,43.4,41.02,0
1232.2,17.2,87.37,46.25,2.72,1017.1,201.9,15.53,2
3471.1,4.4,66.01,8.76,0.2,3762.7,25.1,35.19,0
706.3,-25.6,93.12,12.8,0.88,3549.8,4.0,40.85,0
5955.9,10.0,47.47,28.79,3.24,1453.5,139.0,12.24,2
2052.7,6.8,78.98,38.68,3.61,319.5,158.0,16.22,2
4475.1,5.2,57.92,31.73,2.95,4291.8,139.0,13.88,2
2370.3,-3.3,75.91,13.14,0.8,1575.4,30.8,32.8,0
3620.4,-0.4,64.75,2.05,2.28,986.6,2.4,53.76,0
3780.3,-14.9,63.43,38.34,1.84,2585.1,151.8,13.12,2
1609.1,-1.1,83.43,49.29,2.53,4552.0,205.6,14.07,2
6317.5,-25.2,45.16,40.88,4.36,227.3,190.9,8.88,2
5150.8,20.4,52.94,24.09,3.9,3831.4,115.6,15.53,2
6137.0,-26.1,46.3,45.38,0.51,2866.6,221.0,8.36,2
5869.0,-33.6,48.03,21.67,4.46,2133.0,52.6,15.17,2
4087.4,-7.3,60.94,27.2,2.41,3723.0,97.9,16.38,2
6031.2,9.4,46.98,24.9,3.74,4829.5,115.2,13.46,2
1031.0,-7.2,89.54,23.49,0.79,1153.7,63.5,26.74,1
1675.9,-19.2,82.75,39.21,3.39,726.8,131.4,16.82,2
771.4,1.9,92.4,27.28,1.26,4565.3,87.6,24.78,1
2452.0,-14.0,75.13,17.2,2.25,3348.1,35.9,27.62,1
2832.1,30.0,71.62,14.39,0.18,2195.6,69.8,29.36,1
2128.1,29.2,78.24,3.81,0.84,2870.6,35.1,56.65,0
5472.4,-2.3,50.7,29.99,0.55,3730.6,129.9,12.68,2
2640.5,-15.4,73.37,13.04,1.27,3867.4,18.8,31.85,0
2185.6,15.3,77.68,9.11,0.59,4600.3,35.4,40.65,0
3756.2,-37.2,63.62,33.38,3.49,2139.9,99.9,14.67,2
1345.5,-4.4,86.17,34.7,0.24,1474.1,120.0,19.28,2
5313.2,-14.8,51.8,38.1,3.13,3201.9,168.1,10.77,2
947.3,29.0,90.45,26.17,0.79,2084.5,110.8,25.01,2
6421.3,-39.1,44.52,44.91,4.73,2977.0,209.2,8.11,2
5133.5,1.5,53.06,46.94,4.67,2105.7,243.4,9.32,2
1692.3,15.5,82.58,40.75,1.2,773.4,174.7,16.27,2
533.1,-3.6,95.08,32.51,3.11,2352.4,104.4,22.37,1
5392.8,-33.6,51.24,16.58,0.24,3457.7,23.7,19.28,2
4741.1,32.9,55.91,49.18,4.67,3998.4,284.5,9.45,2
4874.0,-1.1,54.94,15.16,2.66,2471.7,47.7,21.84,1
5127.6,6.1,53.1,11.73,0.31,834.5,40.8,24.44,1
944.3,-22.3,90.48,23.22,1.78,2079.3,46.9,27.23,1
2650.8,-3.7,73.28,4.73,0.48,3933.6,4.5,49.75,0
1195.2,-7.8,87.77,48.97,2.03,2070.2,191.8,14.88,2
5678.6,-34.4,49.3,30.24,3.38,3485.7,101.3,12.25,2
4239.8,-32.0,59.74,28.73,2.4,2541.0,82.7,15.42,2
2485.4,22.8,74.82,33.48,1.98,1213.7,149.8,17.21,2
881.4,-22.0,91.18,25.86,0.68,3982.8,58.1,25.43,1
2365.9,-25.4,75.95,3.54,1.3,430.2,-20.0,56.1,0
2451.1,-2.1,75.14,31.39,0.59,2629.2,113.6,18.15,2
4877.6,17.7,54.91,36.38,4.06,1052.4,184.1,11.84,2
4325.3,-35.4,59.07,22.0,0.76,344.7,44.0,18.46,2
5823.3,3.3,48.34,38.35,3.02,2519.6,194.3,10.0,2
3333.3,-31.1,67.19,12.9,1.78,2502.8,4.2,29.34,2
1217.6,-37.3,87.53,12.62,1.21,3537.4,-7.3,38.69,2
4779.5,-36.0,55.63,9.75,3.23,3726.3,-9.9,28.17,2
5064.7,22.6,53.55,19.86,2.34,3641.7,94.8,17.94,0
3867.7,-31.2,62.71,42.66,2.06,2053.7,163.5,11.91,2
5125.8,-36.6,53.12,41.74,3.0,3162.1,168.5,10.27,2
3462.8,-7.2,66.08,20.38,2.51,2889.0,60.2,21.75,1
3636.4,23.3,64.62,30.28,1.59,2113.6,142.0,16.04,2
3065.2,-20.3,69.53,36.6,2.84,2990.1,128.9,14.92,2
652.5,-8.4,93.73,13.58,3.38,4736.8,23.7,39.75,0
1147.3,-37.0,88.28,10.07,0.23,972.5,-15.3,43.98,2
688.6,-6.3,93.32,48.66,2.38,4529.8,185.6,15.91,2
4318.5,3.3,59.12,31.64,0.38,276.7,135.3,14.2,2
2386.1,2.8,75.76,49.11,1.01,1548.9,218.5,12.82,2
3551.4,-15.1,65.33,18.21,2.85,1447.8,42.9,23.16,1
5945.4,-16.3,47.54,35.75,4.34,3135.6,158.2,10.39,2
1995.8,-32.0,79.54,12.68,4.43,664.8,-0.4,35.06,2
2962.3,-12.5,70.45,14.54,0.44,4412.9,28.2,28.71,1
5033.3,-32.5,53.78,26.57,2.15,4144.5,75.8,14.71,2
1872.8,17.5,80.76,17.34,2.96,3263.8,66.1,29.54,1
961.9,32.5,90.29,10.05,0.82,2297.5,53.9,45.04,2
2238.5,32.8,77.17,14.62,3.85,4665.5,71.9,31.35,1
1467.3,24.9,84.9,3.72,3.75,4155.4,30.4,61.9,0
6078.2,5.1,46.68,35.81,4.53,2501.6,181.7,10.19,2
5348.7,12.6,51.55,25.62,0.14,3512.3,117.7,14.47,2
4300.4,-18.6,59.26,6.52,1.16,2839.0,-4.2,35.87,0
5728.8,7.3,48.96,10.24,4.15,2943.8,37.2,24.19,1
5322.0,-5.8,51.74,6.92,3.39,1661.6,11.0,30.57,0
1619.4,-3.8,83.32,31.4,4.48,2315.8,106.1,20.12,2
5855.4,16.8,48.12,6.52,0.38,399.8,32.9,29.13,1
3736.1,-18.9,63.79,38.21,3.03,1793.2,146.5,13.23,2
5344.6,-16.1,51.58,2.98,2.89,3482.2,-11.0,39.72,0
5876.5,29.3,47.99,13.97,0.27,4766.5,76.0,20.02,1
2408.0,-35.8,75.55,44.75,2.62,4815.7,153.9,13.8,1
1160.3,-3.6,88.14,36.49,3.09,2783.1,128.4,18.96,2
1867.6,28.5,80.81,5.5,1.04,3037.0,38.2,52.13,0
3062.6,5.8,69.55,41.41,1.44,936.7,183.1,13.53,2
5408.1,1.0,51.14,25.67,3.24,3479.6,106.8,14.34,2
5664.4,-21.3,49.39,42.65,2.39,362.6,198.0,9.38,2
541.7,-14.3,94.98,30.84,4.3,1430.6,86.2,23.26,1
3564.5,23.9,65.22,34.73,1.78,3345.1,167.0,14.58,2
3004.5,1.9,70.07,49.69,1.41,1558.4,229.9,11.74,2
1832.6,-1.4,81.16,13.15,4.93,258.7,31.6,35.06,1
1219.2,-32.5,87.51,31.95,4.56,4161.0,77.4,20.86,2
2525.7,-38.8,74.44,24.1,0.24,1558.5,41.5,21.83,2
6157.5,32.3,46.17,3.89,3.88,324.9,40.2,33.23,1
2439.2,-11.7,75.25,2.69,0.64,383.2,-8.0,59.28,0
3612.7,5.2,64.82,7.72,0.23,1266.3,22.7,36.57,0
4718.1,-34.0,56.09,33.16,1.44,898.3,110.6,13.0,2
2681.8,11.2,72.99,29.22,1.42,3873.8,117.5,18.61,2
6330.7,29.9,45.08,28.56,4.11,1615.2,160.9,11.69,2
6274.7,3.2,45.43,3.53,3.58,4025.4,10.2,33.58,0
2010.7,-30.5,79.39,24.53,4.91,877.5,49.2,22.99,2
3483.5,3.6,65.9,46.38,3.59,2469.5,217.1,11.69,2
2305.3,17.5,76.53,21.08,2.15,3443.3,83.2,24.62,1
2209.0,-9.5,77.45,32.0,3.52,3263.4,107.6,18.44,2
721.3,26.0,92.95,39.43,5.0,3009.6,169.2,18.8,2
4157.4,8.7,60.39,39.63,3.58,4624.9,187.6,12.17,2
3516.1,27.4,65.63,26.93,3.83,1150.3,127.4,17.77,2
808.9,6.8,91.98,43.18,4.7,2473.7,170.3,17.3,2
2171.9,-30.2,77.81,20.79,0.66,4421.1,33.7,25.28,2
5949.6,-16.8,47.51,44.66,3.55,398.7,221.7,8.69,2
1937.4,-24.9,80.12,13.53,4.27,288.9,9.6,34.05,1
1369.4,28.2,85.92,15.45,4.78,1174.2,68.3,33.76,1
3436.7,17.0,66.3,4.55,1.13,3168.8,25.3,45.57,0
6413.9,10.7,44.56,40.19,2.57,1306.8,223.1,8.88,2
1952.3,-17.4,79.97,22.02,3.43,959.3,50.9,24.98,1
4532.8,-26.2,57.48,13.0,1.31,2299.4,12.3,24.99,1
5069.7,16.7,53.52,13.13,3.04,3071.9,57.2,23.14,1
1925.8,-4.4,80.23,45.27,1.36,1250.3,182.6,14.52,2
4869.3,-23.1,54.97,42.03,1.73,1510.4,180.6,10.57,2
2706.7,6.2,72.76,28.57,2.26,3071.7,109.3,18.87,2
4293.8,-37.0,59.32,31.57,2.69,4729.2,94.4,14.27,2
4301.2,-15.5,59.26,24.77,2.3,3377.0,78.0,17.04,2
3714.6,-4.9,63.97,20.8,2.52,3916.7,65.7,20.77,1
1041.7,-28.9,89.42,45.94,1.56,1840.4,152.0,15.98,2
5511.8,33.8,50.43,8.03,0.88,1368.5,54.8,27.97,1
2424.7,-24.3,75.39,22.09,0.33,2276.8,46.3,23.5,1
1619.1,-30.2,83.33,18.54,1.06,4037.6,22.4,29.2,2
744.7,-24.7,92.69,25.91,2.95,2286.9,54.9,25.81,1
4045.4,17.7,61.28,23.97,3.95,4235.2,105.5,18.04,2
4565.4,-8.1,57.23,26.91,0.93,4944.0,98.8,15.51,2
599.5,2.4,94.33,8.72,0.63,369.4,19.6,50.4,0
3572.6,-38.4,65.15,26.63,3.77,236.6,60.3,17.79,2
1859.0,-37.4,80.9,13.64,1.6,756.5,-2.7,34.23,2
4371.0,-6.6,58.72,10.85,4.76,1928.0,23.0,28.16,1
1546.2,21.2,84.08,5.11,3.6,663.9,29.9,55.64,0
4645.6,26.4,56.63,38.61,1.7,4354.6,204.5,11.65,2
2820.4,-33.5,71.72,22.52,1.52,125.5,40.9,22.06,2
6120.4,0.4,46.41,32.08,2.67,1585.8,152.2,11.03,2
1325.1,28.5,86.39,36.92,0.49,931.6,164.0,18.41,2
2546.4,-10.9,74.25,34.61,0.68,4658.4,122.6,16.64,2
1180.8,22.2,87.92,24.58,0.96,3350.7,98.2,25.42,2
6048.2,-30.0,46.87,20.62,3.9,4561.0,51.4,15.31,2
5764.0,30.2,48.73,20.05,2.62,4861.9,106.9,16.22,2
2047.6,16.4,79.03,32.72,0.15,2490.5,136.0,18.5,2
4459.9,30.6,58.03,25.75,3.4,1179.3,130.4,16.23,2
5403.3,10.7,51.17,42.76,2.18,976.7,227.0,9.7,2
3831.2,-12.7,63.01,43.99,2.6,1122.4,190.0,11.67,2
3677.9,30.4,64.27,10.19,1.15,3545.9,56.3,31.84,0
1951.1,-19.3,79.98,8.54,2.8,211.8,-1.2,43.14,0
1058.6,-15.1,89.24,32.26,4.9,266.3,95.3,21.12,1
5883.3,12.6,47.94,16.46,0.46,3044.6,71.2,18.12,1
5902.5,17.4,47.82,2.89,1.49,3213.9,22.5,37.09,0
4298.6,29.7,59.28,44.65,1.29,3329.7,243.2,10.85,2
2534.2,-24.6,74.36,12.89,1.32,1865.7,8.8,32.49,0
2595.3,19.8,73.79,46.61,1.96,4031.7,223.0,13.04,2
4855.7,15.4,55.07,36.44,4.11,2672.8,182.0,11.86,2
5882.7,-35.2,47.95,38.61,4.57,536.3,158.4,9.86,2
5822.5,-11.0,48.34,11.67,1.09,3987.5,25.2,22.31,2
5179.3,-18.8,52.74,13.24,2.76,4765.8,22.5,22.69,1
4352.2,-17.2,58.86,27.02,3.22,309.6,88.9,15.9,2
1004.8,33.7,89.82,10.26,2.66,1962.8,55.8,44.33,0
1469.8,8.2,84.87,16.66,2.23,2442.7,53.1,31.83,0
5891.3,13.8,47.89,17.43,1.04,740.9,77.5,17.46,0
4138.6,33.2,60.54,9.66,2.49,4339.9,58.0,30.79,0
555.2,-11.7,94.83,11.85,2.07,1427.9,14.6,43.4,0
1108.8,20.1,88.69,39.85,4.0,3917.2,168.9,17.79,2
4481.0,-7.4,57.87,10.03,3.84,3358.3,19.3,28.9,1
530.4,25.2,95.11,3.37,0.76,2994.2,29.7,71.16,0
1464.8,-26.5,84.92,32.21,0.53,968.8,86.4,20.12,1
3792.4,31.1,63.33,48.85,4.55,1111.3,265.2,10.76,2
4651.4,-23.6,56.58,17.9,2.72,246.3,37.2,20.28,1
4411.8,-15.5,58.4,7.7,4.3,1211.2,2.8,33.0,1
1845.6,16.7,81.03,29.38,0.38,1733.8,118.3,20.58,2
4773.1,-10.5,55.68,45.51,2.68,4167.4,215.7,10.03,2
1923.5,5.6,80.25,39.63,2.74,1838.3,160.9,16.17,2
2452.4,-6.7,75.13,31.88,4.32,3775.6,111.6,17.94,2
4978.9,15.7,54.17,17.12,0.58,2202.8,74.0,19.97,1
4397.8,-22.9,58.51,28.01,1.28,3926.5,89.0,15.39,2
5595.3,-35.6,49.86,6.38,2.09,4881.6,-20.3,30.44,2
4445.7,-17.5,58.14,34.59,4.34,1206.8,133.2,13.04,2
3909.9,-4.4,62.37,36.8,4.7,4313.1,154.3,13.33,2
1062.0,-27.4,89.2,48.32,4.96,3112.9,166.9,15.29,2
2706.3,-13.4,72.77,14.5,4.8,4088.3,26.5,29.7,1
2091.2,-10.0,78.6,2.89,0.13,3261.4,-6.0,61.0,0
1963.9,-35.7,79.85,28.19,0.33,2125.5,60.9,20.91,2
6338.1,3.7,45.03,35.93,0.82,1148.1,184.4,9.81,2
2858.6,26.3,71.38,39.94,1.81,359.5,192.7,14.29,2
5852.3,-28.6,48.14,11.3,4.17,2682.2,6.0,22.6,2
4286.8,4.8,59.37,14.56,4.47,4951.7,49.3,24.17,1
5268.9,9.9,52.11,26.6,1.02,3692.8,120.1,14.24,2
3515.8,-8.5,65.63,17.87,3.14,1643.5,47.7,23.55,1
3961.4,12.6,61.95,43.3,4.6,4137.8,212.6,11.62,2
3455.1,-9.2,66.14,24.74,2.37,3847.2,79.2,19.04,1
1671.5,-2.2,82.79,40.38,0.61,1415.4,154.7,16.43,2
4834.7,-39.4,55.22,29.87,2.34,81.4,86.5,13.85,2
2184.6,11.9,77.69,39.11,1.94,599.6,166.7,15.82,2
645.9,9.6,93.8,17.97,2.93,4387.8,57.0,33.54,0
4372.8,-37.1,58.7,41.91,2.25,4184.4,159.1,11.31,2
1562.7,-12.4,83.91,15.18,0.18,1483.1,27.2,33.32,0
6142.8,33.4,46.26,28.21,4.97,1433.1,160.5,12.11,2
6223.6,-8.4,45.75,12.27,2.76,3966.4,31.4,20.54,1
5989.2,-2.4,47.25,24.83,2.42,4689.3,102.7,13.57,2
2721.0,28.2,72.63,17.27,4.78,3897.9,79.3,26.63,1
592.7,13.8,94.4,14.8,0.86,3031.8,49.8,38.06,0
6069.9,3.7,46.73,48.42,1.03,1220.9,272.9,8.0,2
3069.1,19.8,69.49,9.68,4.06,2633.5,43.0,35.31,1
6299.9,24.8,45.27,39.79,1.38,1175.2,232.7,9.09,2
6281.7,-5.7,45.39,49.24,4.02,4042.0,274.0,7.66,2
5618.1,-4.4,49.7,2.96,1.43,1940.9,0.8,38.37,0
2266.7,-11.0,76.9,35.55,0.26,4170.1,125.2,16.88,2
2810.6,32.5,71.81,14.14,2.63,1914.2,71.3,29.75,1
5606.8,12.3,49.78,3.94,1.06,4122.5,20.1,35.7,0
2401.5,-33.8,75.61,21.34,3.81,1673.3,33.5,24.13,2
1517.0,24.7,84.38,46.89,3.24,2206.3,216.3,14.83,2
3840.8,-4.0,62.93,2.56,4.63,3081.3,-0.2,50.08,1
6116.9,-34.8,46.43,30.22,3.94,360.7,104.8,11.54,2
4676.2,1.2,56.4,26.07,0.99,4741.6,104.2,15.64,2
3920.4,-8.7,62.28,43.92,4.02,2872.3,194.8,11.55,2
1083.1,25.8,88.97,6.03,3.24,2544.0,36.4,55.5,0
4190.0,-24.7,60.13,34.71,3.38,4198.6,124.3,13.45,2
6440.3,22.0,44.4,34.65,4.18,4330.2,194.9,9.95,2
1340.5,1.8,86.22,34.12,2.91,2616.1,123.2,19.54,2
3610.0,-35.9,64.84,47.23,2.38,4637.0,184.9,11.33,2
5764.2,32.9,48.73,41.51,3.22,333.0,245.4,9.46,2
4944.6,-1.6,54.42,4.01,1.56,575.0,6.1,38.83,0
4682.1,-18.2,56.35,24.61,0.99,2988.0,76.9,16.28,2
4714.9,-4.8,56.11,21.1,3.12,1776.8,72.0,18.04,1
2656.9,24.3,73.22,16.89,1.25,2326.5,73.6,27.23,1
2261.6,-17.1,76.95,23.66,0.49,1647.1,59.9,22.86,1
5356.2,-25.5,51.5,20.44,0.1,2029.6,51.1,16.92,2
5360.7,-30.3,51.47,22.75,3.08,4115.0,58.8,15.71,2
5702.4,-17.7,49.14,49.0,1.87,2971.4,249.4,8.33,2
5979.4,18.5,47.31,6.25,3.79,4986.7,33.7,29.11,1
3568.1,-4.6,65.19,46.27,1.94,3936.5,209.3,11.59,2
3509.1,-22.9,65.69,25.05,2.48,1375.6,67.3,18.74,1
5289.8,-27.5,51.96,31.94,2.09,1329.1,115.1,12.39,2
4399.8,-15.0,58.5,41.85,3.29,1686.1,181.2,11.28,2
4711.8,30.5,56.13,19.3,1.85,4217.9,98.3,19.16,1
5274.8,-14.3,52.07,22.66,4.82,146.2,73.8,15.94,2
5840.0,34.1,48.23,21.66,4.69,1158.6,120.0,15.23,2
2528.0,-3.6,74.42,19.99,4.26,4525.5,58.2,24.82,1
2753.5,-26.6,72.33,46.43,4.61,3203.1,177.5,12.82,2
1063.9,26.8,89.18,41.79,2.3,1142.0,185.4,17.22,2
3969.7,-5.5,61.88,7.23,2.73,1103.5,10.9,35.91,0
715.7,13.2,93.02,7.19,3.74,4314.5,26.4,54.11,0
3293.6,33.8,67.53,22.54,3.51,4469.8,110.6,20.75,2
3755.9,-36.2,63.63,6.74,4.46,1288.1,-21.7,38.02,2
2219.2,-32.7,77.35,31.72,3.61,2108.3,83.0,18.54,2
4045.0,14.0,61.28,8.9,4.99,4174.6,36.0,32.43,1
683.0,-18.9,93.38,27.07,1.81,3857.3,65.5,25.19,1
724.1,-26.2,92.92,2.35,4.18,4071.4,-23.4,75.26,1
5435.6,-37.0,50.95,17.2,3.52,2596.8,23.5,18.73,2
2661.1,-38.4,73.18,34.51,3.49,4558.6,95.5,16.44,2
1262.4,18.1,87.05,25.23,1.7,1636.5,97.3,24.71,1
3633.5,-29.9,64.64,48.96,3.95,791.8,202.6,10.96,2
5120.0,-4.9,53.16,43.96,4.51,3546.6,215.6,9.85,2
1794.9,5.4,81.54,19.24,1.17,2701.4,61.4,27.89,1
4237.3,-7.9,59.76,4.18,3.16,4274.4,-0.1,42.13,0
1012.1,-38.0,89.74,42.59,2.02,415.0,124.4,17.06,2
810.1,18.8,91.96,45.74,4.95,4220.0,196.0,16.5,2
3688.1,-39.2,64.19,41.39,2.45,1473.5,145.2,12.49,2
3743.8,17.1,63.73,8.14,1.22,3277.7,36.1,35.13,0
4324.6,27.0,59.08,49.9,1.97,210.2,276.8,9.86,2
4856.5,-7.5,55.06,14.41,3.3,3051.8,37.9,22.56,1
6355.1,0.2,44.93,36.76,0.47,3589.2,186.9,9.61,2
3597.8,-4.2,64.94,45.59,3.06,1850.1,205.7,11.68,2
2437.7,-10.8,75.27,13.31,4.66,1084.9,24.0,32.29,1
5271.1,26.6,52.09,45.6,4.27,2692.8,261.0,9.37,2
2125.0,27.0,78.27,16.86,0.43,4167.6,74.5,29.14,1
3133.8,-14.8,68.92,48.87,4.97,1624.5,209.8,11.71,2
970.7,6.1,90.19,15.5,3.52,1269.8,45.5,35.37,0
652.1,29.5,93.73,47.76,0.9,1401.9,216.1,16.23,2
6275.9,32.2,45.42,4.57,0.16,4746.2,42.2,31.18,0
5515.9,-1.8,50.4,36.05,0.94,1802.8,169.7,10.95,2
4675.8,-6.0,56.4,27.54,4.21,28.0,105.2,15.02,2
2953.7,-19.1,70.52,24.94,0.21,3910.6,67.5,20.18,1
1539.8,31.9,84.14,12.73,1.24,3499.4,62.8,37.02,0
1438.6,-29.3,85.19,35.87,3.81,651.6,101.7,18.57,1
2001.5,3.5,79.48,11.16,2.97,4924.7,29.9,37.56,0
3795.4,-18.8,63.3,28.54,3.94,3044.2,91.5,16.43,2
4787.6,-19.1,55.57,14.16,3.76,2508.9,25.1,23.01,1
4461.2,-9.6,58.02,47.87,0.35,1917.3,228.2,10.03,2
2179.6,34.9,77.74,3.37,4.47,4494.4,39.9,58.13,1
6229.2,-35.9,45.72,11.59,1.21,1227.4,0.9,21.18,2
4927.4,3.4,54.55,13.63,2.81,1436.0,45.6,23.08,0
3826.1,-33.8,63.05,21.88,3.26,620.8,42.4,19.78,2
4170.3,-28.4,60.28,13.17,0.93,3798.0,9.9,26.02,1
3017.6,-7.0,69.95,25.58,4.88,2981.8,83.1,19.66,1
1986.4,-1.7,79.63,43.88,2.49,3049.2,178.0,14.78,2
2635.8,-20.6,73.42,36.18,0.38,1100.2,122.3,15.9,2
5047.1,-16.3,53.68,29.84,4.69,3259.3,111.3,13.47,2
586.4,-33.5,94.48,6.27,2.97,3829.6,-22.6,58.06,2
1196.4,-17.3,87.75,35.31,3.53,1795.9,109.0,19.37,2
776.0,32.5,92.34,9.99,2.67,4008.7,53.5,46.2,0
744.4,30.9,92.7,39.75,4.19,1750.5,175.9,18.63,2
5632.8,-14.9,49.61,14.0,0.26,3793.1,31.1,20.67,1
4721.9,2.8,56.06,22.02,1.42,178.3,84.4,17.51,2
3345.0,28.2,67.09,18.82,2.4,2760.3,88.1,23.28,1
1087.0,-39.5,88.93,43.22,0.48,4847.9,127.0,16.71,2
3449.7,20.8,66.19,8.07,3.56,4906.4,39.2,36.62,0
3340.8,31.1,67.12,29.15,2.03,1415.9,141.5,17.14,2
1539.2,-33.2,84.15,8.82,1.44,2212.6,-14.7,44.72,2
3103.1,-27.9,69.19,35.83,0.12,324.3,117.3,15.1,2
2891.0,32.1,71.09,45.44,3.63,4368.0,231.8,12.82,2
4195.1,0.3,60.09,22.86,4.19,2847.2,83.4,18.29,1
4310.6,-38.9,59.19,25.43,2.04,1931.7,58.2,16.71,1
771.8,-20.7,92.39,46.52,2.86,572.7,160.4,16.35,2
2747.7,-6.3,72.39,27.01,1.22,4734.4,89.3,19.56,1
4255.2,12.0,59.62,25.4,3.15,2655.8,108.6,16.84,2
3518.8,15.0,65.6,29.76,0.16,1421.8,130.0,16.5,2
5638.9,34.7,49.56,35.08,2.49,1757.6,201.2,10.99,2
4452.2,-18.4,58.09,7.13,3.26,1360.8,-1.9,33.91,0
1477.6,0.4,84.79,41.41,4.6,3013.0,161.0,16.49,2
923.4,-0.0,90.71,22.9,1.97,4650.5,67.8,27.57,1
4354.5,-9.6,58.85,5.47,3.85,4284.9,1.8,38.03,1
659.1,-27.3,93.65,39.74,3.03,2307.3,116.9,18.83,2
4014.7,33.3,61.52,20.09,4.64,4134.2,101.8,20.44,1
6141.4,24.0,46.27,6.82,2.05,2121.3,41.4,27.51,1
3952.8,-2.6,62.02,32.42,1.66,1269.0,130.7,14.62,2
2829.0,5.2,71.65,44.25,4.45,4917.2,196.9,13.21,2
4359.7,-23.0,58.8,44.61,0.34,1526.4,191.1,10.77,2
3249.5,0.8,67.91,47.97,0.77,1625.4,221.2,11.72,2
3773.7,12.1,63.48,43.65,0.5,4948.6,211.9,11.83,2
6148.8,-1.4,46.23,2.1,4.23,678.3,2.0,38.19,1
2816.6,34.3,71.76,20.25,0.15,3805.1,98.4,23.72,1
6267.1,5.9,45.48,41.29,4.32,4679.7,224.2,8.87,2
5932.1,-12.2,47.62,19.58,2.31,2563.9,62.9,16.1,2
1674.7,17.9,82.76,30.87,0.12,22.6,125.7,20.25,2
916.2,-27.2,90.79,31.1,2.07,1881.5,76.7,22.09,1
1104.7,-11.2,88.74,19.52,1.02,566.7,43.6,30.06,0
609.3,-14.0,94.22,45.41,3.16,2086.8,159.4,17.0,2
1066.7,-7.6,89.15,26.15,3.43,3952.2,74.7,24.66,1
4598.0,18.6,56.99,24.31,2.49,2199.2,111.6,16.61,0
927.1,-3.7,90.67,49.88,0.3,2165.3,197.8,15.14,2
2413.9,19.6,75.49,25.69,3.32,2788.4,106.8,21.15,2
5569.3,3.2,50.04,10.56,4.23,2912.6,34.1,24.33,1
639.6,-14.3,93.87,26.63,3.63,4282.9,67.9,25.63,1
5386.8,20.7,51.29,41.07,4.17,1548.7,224.9,10.04,2
2191.1,-22.1,77.63,39.29,1.08,4110.1,133.8,15.75,2
1209.0,-23.2,87.62,39.85,4.46,2834.0,126.5,17.58,2
4680.4,-2.2,56.37,35.99,1.68,1509.6,159.6,12.26,2
4273.7,-20.4,59.47,14.2,0.17,1482.7,22.4,24.57,1
5764.8,-39.3,48.72,43.38,4.23,1812.1,186.8,9.13,2
4910.4,8.6,54.67,44.89,4.71,3117.2,232.5,9.96,2
5320.9,-1.7,51.74,11.32,3.31,1161.8,31.8,24.27,1
2192.2,-6.6,77.62,8.26,1.23,4602.5,11.0,42.5,0
1564.6,32.5,83.89,48.83,1.33,2878.8,235.9,14.26,2
5003.7,2.8,53.99,43.68,2.39,4600.9,219.7,10.06,2
5341.0,24.8,51.6,44.88,4.5,241.6,255.1,9.4,2
6443.0,-29.5,44.38,44.55,0.83,1719.6,216.3,8.14,2
2975.7,2.7,70.33,28.0,4.15,123.8,104.7,18.51,1
2732.1,25.1,72.53,33.03,1.53,1368.5,151.6,16.86,2
5158.5,3.7,52.89,28.18,4.06,4311.4,122.3,13.85,2
2544.8,13.9,74.26,4.46,4.61,192.7,21.4,51.36,1
6084.5,-12.1,46.64,37.78,2.19,2186.4,178.4,9.76,2
5650.5,-33.1,49.49,26.26,1.89,596.7,78.0,13.65,2
3074.0,-5.7,69.45,33.09,4.03,2090.0,124.0,16.12,2
5005.2,-10.4,53.98,26.13,2.69,4195.9,95.2,14.94,2
5027.3,25.0,53.82,25.61,3.45,3119.1,127.9,15.12,2
1118.7,-21.7,88.59,10.25,3.15,3686.4,0.5,43.76,0
5915.3,32.5,47.73,15.38,0.85,1752.0,86.0,18.81,1
3531.5,31.9,65.5,9.62,4.24,4722.5,55.6,33.37,1
5458.7,-21.4,50.79,11.39,1.06,3549.2,12.6,23.74,1
2420.3,-13.9,75.43,48.7,4.67,2114.8,199.8,12.85,2
5873.1,27.2,48.01,9.35,1.33,2138.1,53.7,24.81,1
2835.2,32.5,71.59,14.92,3.7,4594.2,74.4,28.72,1
565.0,-6.7,94.72,30.35,1.49,2886.3,91.6,23.48,1
5932.3,-15.9,47.62,31.29,1.66,3534.8,128.8,11.53,2
1047.7,-0.5,89.36,9.39,1.62,2091.0,19.1,46.08,0
2415.9,11.6,75.48,40.1,3.76,1126.2,174.3,15.07,2
6200.4,-19.5,45.9,39.69,2.83,3620.6,186.2,9.24,2
6203.6,15.2,45.88,13.39,4.43,3043.0,60.2,19.61,1
3940.6,-36.1,62.12,15.86,1.61,2511.7,12.8,24.02,2
4291.0,-36.3,59.34,47.02,3.49,3123.9,193.1,10.41,2
3190.7,-11.0,68.43,41.63,3.79,1049.3,169.1,13.25,2
2259.3,-13.5,76.97,35.49,0.84,3971.8,122.3,16.92,2
2472.0,-16.3,74.95,5.95,2.06,4741.3,-5.0,47.0,0
4535.1,-3.2,57.46,22.08,2.47,4456.6,77.7,17.91,2
5014.2,-15.9,53.92,28.85,1.84,1614.0,105.5,13.88,2
5249.5,-25.6,52.24,11.0,1.68,2036.0,6.4,24.88,1
5237.7,-16.8,52.33,23.51,3.46,4043.9,75.8,15.61,2
1047.2,33.1,89.36,30.85,1.16,2979.6,136.7,21.88,2
3466.5,-9.2,66.05,17.71,3.58,2744.1,46.3,23.83,1
845.4,-6.6,91.57,39.49,4.68,4633.9,137.9,18.51,2
3797.2,3.2,63.29,42.34,2.87,2684.8,195.0,12.09,2
3149.2,33.8,68.79,17.53,3.1,2579.5,87.3,24.98,1
5826.2,-21.9,48.32,42.26,0.44,219.7,197.0,9.25,2
2605.5,11.1,73.7,6.97,4.34,356.4,25.3,43.42,1
1202.4,13.7,87.69,42.21,1.5,47.0,175.9,16.8,2
1358.0,5.5,86.04,9.33,3.11,4567.1,25.3,44.51,0
5069.1,-33.4,53.52,5.98,4.9,2047.8,-19.9,33.49,2
4209.3,10.8,59.98,32.81,3.02,2348.1,148.6,14.01,2
1106.7,-35.2,88.72,24.65,3.65,4228.5,40.8,25.6,2
1004.6,4.7,89.82,45.58,2.28,3050.1,183.2,16.16,2
4705.8,15.5,56.18,19.43,0.4,3051.4,83.9,19.09,1
936.6,-24.2,90.57,15.78,4.01,1489.7,16.1,35.13,1
5431.2,23.1,50.98,26.04,0.27,4171.2,131.3,14.15,2
4737.5,-37.7,55.94,23.89,3.53,837.5,53.8,16.51,2
988.1,23.3,90.0,18.53,0.21,275.2,73.9,31.54,0
1009.0,-5.5,89.78,35.3,4.33,966.1,119.3,19.82,2
6419.8,-23.7,44.53,38.46,0.87,1346.0,176.1,9.19,2
2745.6,-30.0,72.41,42.94,2.62,1418.7,152.9,13.68,2
2723.9,31.5,72.61,48.7,3.03,3355.9,249.3,12.37,2
5376.8,-34.6,51.35,14.8,2.34,1096.9,14.3,20.71,2
6183.5,-25.1,46.01,36.37,1.77,3386.5,156.7,9.92,2
6416.0,-13.9,44.55,20.92,2.39,464.7,71.3,14.41,2
5020.3,6.5,53.87,34.5,1.63,744.5,162.5,12.11,2
2757.6,0.9,72.3,24.85,2.25,2549.0,85.9,20.75,1
1001.0,-30.6,89.86,49.7,1.86,4610.3,170.8,15.05,2
5162.9,-18.3,52.85,36.99,2.87,4299.2,155.4,11.25,2
3850.4,-22.1,62.85,47.72,1.27,4844.1,205.4,10.89,2
3045.3,-24.0,69.71,42.08,4.94,3255.9,157.1,13.38,2
5938.1,-9.2,47.58,45.34,2.55,3382.3,234.2,8.6,2
1167.2,12.8,88.07,41.09,1.05,3128.9,168.7,17.24,2
3455.8,-23.7,66.14,24.04,2.44,3117.9,61.2,19.43,1
568.1,-12.5,94.68,14.09,4.35,744.1,21.1,39.31,1
3312.0,-10.7,67.37,19.78,0.21,2723.3,53.3,22.63,1
837.8,33.2,91.66,2.97,3.43,1936.5,37.1,70.66,0
1212.9,31.6,87.58,27.15,2.79,2218.3,119.1,23.57,2
1205.2,20.0,87.66,26.24,0.93,2622.8,103.4,24.19,1
4395.3,-21.9,58.53,27.21,4.11,650.7,85.5,15.73,2
4976.3,-34.9,54.19,48.75,1.91,1803.8,217.6,9.22,2
4000.2,-16.2,61.64,45.75,1.54,326.6,200.3,11.06,2
6273.0,-20.0,45.44,9.76,4.16,4898.5,9.0,22.99,1
2749.2,-2.1,72.37,19.71,3.23,601.5,59.4,24.36,1
2214.3,18.3,77.4,22.35,4.5,1300.0,89.2,23.93,1
5711.6,24.4,49.08,19.31,3.19,4457.6,96.9,16.75,2
1841.6,23.4,81.07,40.33,3.73,2418.7,181.6,16.11,2
6279.3,-13.0,45.4,27.15,4.2,686.8,108.5,12.22,2
572.9,11.5,94.63,29.46,0.37,1927.3,105.9,23.98,2
6319.3,-16.5,45.15,42.94,3.9,588.2,215.0,8.53,2
759.0,-35.4,92.53,40.68,3.11,1009.1,114.5,18.26,2
5846.9,12.6,48.18,8.35,0.44,269.6,35.2,26.26,0
3666.2,-39.3,64.37,36.27,2.59,2196.8,113.8,13.91,2
6457.8,-9.3,44.29,22.9,0.5,4035.1,87.6,13.46,2
942.8,-15.3,90.5,16.14,3.71,2934.0,26.3,34.62,1
3823.1,12.0,63.07,4.4,2.78,3035.7,20.1,43.8,0
6315.8,17.5,45.17,25.39,4.77,1010.9,128.4,12.77,2
3638.6,-17.2,64.6,19.06,1.0,1726.0,44.9,22.23,1
4276.4,20.9,59.45,14.07,3.07,4227.8,63.2,24.7,1
4674.5,-18.0,56.41,35.34,1.14,448.4,139.8,12.44,2
3227.2,-6.5,68.11,38.94,3.11,4291.1,157.8,13.92,2
4265.3,14.5,59.54,13.75,3.64,2423.6,55.5,25.07,1
4005.9,12.0,61.59,4.37,3.64,4187.4,20.1,42.85,0
5906.9,34.1,47.79,42.74,4.09,1596.9,257.7,9.06,2
772.7,-23.1,92.38,2.48,4.28,1700.8,-20.1,74.03,1
2185.8,9.7,77.68,46.98,0.48,3760.5,209.9,13.63,2
6202.5,5.7,45.89,32.13,1.78,3927.1,158.7,10.89,2
5841.6,28.6,48.21,17.45,3.47,1155.9,92.1,17.57,2
3233.9,-28.3,68.05,13.83,2.54,4864.6,10.3,28.55,1
4220.8,16.4,59.89,2.43,1.03,431.6,20.0,48.17,0
2164.3,2.6,77.89,13.3,2.81,351.8,36.8,33.42,0
1628.7,-19.4,83.23,8.61,2.1,2981.6,-1.4,44.72,0
3282.2,-4.4,67.63,31.38,2.01,3616.5,117.6,16.34,2
2620.1,-15.0,73.56,9.99,4.07,4804.8,8.6,36.79,1
4001.9,3.4,61.62,27.37,2.1,2030.7,109.0,16.49,2
966.4,26.7,90.24,30.33,0.23,136.2,127.3,22.38,2
6346.4,2.7,44.98,16.31,0.38,3018.5,62.5,17.1,2
6417.3,7.4,44.54,3.68,4.3,1455.6,14.9,32.55,1
4689.0,-1.1,56.3,3.79,4.81,2170.4,5.8,40.83,1
3716.6,-36.2,63.95,3.26,3.47,2447.5,-30.9,48.21,2
2357.2,-22.5,76.03,37.48,1.89,331.9,124.9,16.01,2
5382.8,-3.1,51.31,17.26,4.7,2435.0,57.6,18.82,1
4608.4,-16.7,56.91,40.22,3.35,2137.3,171.5,11.33,1
1475.7,-26.4,84.81,22.72,4.24,3565.6,42.9,25.92,1
5965.6,-2.2,47.4,23.74,3.85,3231.9,96.4,14.05,2
5435.2,-15.8,50.95,26.62,1.96,934.2,95.8,13.91,2
6198.8,-20.6,45.91,36.23,2.45,1038.6,160.3,9.93,2
4854.3,-5.2,55.08,15.13,1.01,1262.5,43.5,21.92,1
4180.5,-30.0,60.2,7.84,1.53,903.0,-11.5,33.75,2
3009.5,29.6,70.02,28.69,3.91,3289.5,135.3,18.1,2
6096.4,25.1,46.56,17.69,4.48,4972.2,91.0,16.81,2
5696.4,13.1,49.18,23.24,3.65,3264.0,107.0,14.8,2
771.3,-32.0,92.4,33.05,2.38,3037.3,80.2,21.46,2
658.2,18.2,93.66,25.72,0.52,2055.5,96.6,26.22,1
2758.8,20.6,72.29,31.77,0.38,1569.8,140.6,17.3,2
5363.3,17.6,51.45,28.12,1.93,4556.3,137.5,13.5,2
6423.7,-31.5,44.5,37.51,2.37,4845.3,161.5,9.37,2
1402.5,8.3,85.57,35.88,3.08,2488.9,139.1,18.65,2
4064.8,22.6,61.12,27.64,0.13,1458.1,130.0,16.24,2
2785.3,3.3,72.04,34.59,4.95,3852.9,138.7,16.16,2
6319.5,8.5,45.15,43.93,1.88,671.0,247.5,8.37,2
5552.7,-5.6,50.15,22.75,4.26,3830.3,84.7,15.31,2
5530.0,-0.3,50.3,21.81,2.72,4096.6,84.6,15.81,2
3312.2,-37.4,67.37,38.68,0.74,633.3,126.4,13.84,2
2988.9,7.9,70.21,29.96,4.01,4884.5,120.1,17.57,2
2140.4,-33.9,78.12,5.41,3.58,4927.7,-24.2,50.7,2
838.3,-7.4,91.65,44.82,2.68,4684.2,165.2,16.72,2
5688.3,-18.1,49.23,3.48,2.62,2485.2,-11.5,36.53,0
5377.4,0.9,51.35,37.92,0.53,1237.9,183.4,10.72,2
6498.3,-30.0,44.05,38.42,3.31,2914.2,170.6,9.1,2
6479.8,11.9,44.16,47.75,4.57,2105.5,283.5,7.65,2
3832.6,19.6,63.0,4.6,0.56,1037.7,28.2,43.15,0
5113.9,-27.7,53.2,30.65,1.39,2124.1,105.3,13.09,2
6168.6,-32.2,46.1,22.54,4.52,3322.8,60.7,14.17,2
5597.9,-29.1,49.84,17.87,1.49,363.9,35.5,17.88,2
1984.1,25.8,79.65,6.34,3.3,1673.8,37.7,48.76,0
3203.3,-0.4,68.32,29.01,2.72,98.8,108.3,17.51,2
1275.0,-5.0,86.92,24.99,3.02,3750.0,73.3,24.84,1
6224.3,-32.0,45.75,7.02,2.14,3207.0,-13.8,26.88,2
4137.0,8.7,60.55,31.4,1.57,322.7,137.7,14.63,2
1871.9,25.1,80.77,37.42,0.34,4824.0,167.9,17.03,2
4530.2,22.1,57.5,38.83,3.75,122.9,200.3,11.78,2
4208.8,7.0,59.98,45.46,3.76,2953.9,224.5,10.82,2
2649.0,-34.4,73.3,21.65,3.39,3884.1,35.3,23.15,2
1181.3,-31.6,87.92,47.75,3.25,3941.6,160.9,15.22,2
4529.4,-36.3,57.5,43.54,1.29,181.1,172.9,10.74,2
3621.8,-20.7,64.74,16.23,0.21,4533.0,28.8,24.68,1
5133.9,-29.8,53.06,9.65,4.06,4593.1,-3.4,27.01,1
3621.0,-20.5,64.75,22.9,2.51,2811.3,59.7,19.68,1
5613.1,-11.1,49.74,21.29,1.6,2415.6,71.5,15.9,2
3811.4,30.7,63.17,29.63,0.6,233.9,147.2,15.94,2
3865.6,5.8,62.73,30.0,0.41,2814.2,124.7,15.68,2
5759.9,22.6,48.76,38.0,1.81,2052.8,210.4,10.16,2
2920.9,13.3,70.82,26.47,4.04,3866.3,107.2,19.42,2
1304.1,-31.6,86.61,7.03,4.6,2025.4,-18.3,50.85,2
672.7,15.2,93.5,43.2,4.49,3421.1,177.4,17.58,2
5030.8,-19.4,53.8,16.87,4.61,516.0,38.0,20.02,1
4221.9,7.9,59.88,48.62,4.55,673.4,247.2,10.21,2
4724.5,-14.4,56.04,7.66,2.68,707.2,4.2,31.74,0
1777.8,34.8,81.71,48.0,1.18,237.2,236.0,14.09,2
1318.2,-20.2,86.46,6.37,4.01,2711.2,-8.7,52.82,1
587.3,-19.1,94.47,13.09,1.15,3971.9,11.3,40.91,0
2603.5,29.8,73.72,4.24,1.41,3056.0,36.9,51.78,0
4039.5,-38.2,61.32,35.85,1.24,2879.0,116.1,13.38,2
2853.5,12.3,71.42,42.81,2.62,3406.3,195.6,13.52,2
3124.8,14.4,69.0,22.84,1.68,1704.8,91.8,21.01,1
5925.0,22.7,47.67,46.57,0.86,1816.2,275.2,8.43,2
2589.5,33.1,73.85,30.33,2.32,1578.2,144.4,18.31,2
3583.9,33.2,65.06,32.24,4.38,3563.4,162.3,15.4,2
5201.9,-35.1,52.58,42.58,2.9,816.6,176.9,10.0,2
2879.3,21.6,71.19,16.25,4.4,75.0,68.9,27.12,1
4232.5,8.5,59.8,19.0,1.06,2985.0,72.7,20.62,1
5674.2,8.6,49.33,45.49,0.92,4712.5,248.7,8.89,2
6197.1,-30.4,45.92,45.25,2.92,3050.9,216.7,8.31,2
1382.4,8.8,85.78,48.87,2.37,3916.8,210.1,14.57,2
6059.5,33.7,46.8,45.29,3.33,3367.2,278.7,8.46,2
3452.7,28.4,66.17,8.11,3.99,2492.2,46.9,36.53,1
2049.5,-7.1,79.01,41.54,3.78,3594.8,160.0,15.33,2
3254.8,-37.0,67.87,21.67,4.72,4122.3,35.5,21.43,2
6380.2,-12.8,44.77,49.56,2.05,1131.4,271.4,7.52,2
3455.7,22.0,66.14,24.67,1.11,1687.3,110.0,19.08,2
2472.5,12.6,74.94,28.58,2.8,1126.4,114.3,19.42,2
4300.4,-5.5,59.27,27.43,0.64,2266.3,102.4,15.83,2
1940.9,-35.9,80.08,17.44,1.52,4426.5,13.4,29.18,2
955.2,-8.0,90.36,5.6,1.12,1732.6,1.5,57.92,0
1273.3,-4.8,86.94,44.99,2.04,1878.6,173.3,15.81,2
1268.3,29.6,86.99,40.53,0.64,4303.2,183.5,17.22,2
1411.4,8.1,85.48,8.7,0.26,2581.7,26.1,45.72,0
1333.0,-16.6,86.3,39.28,3.32,2681.9,131.2,17.51,2
4345.2,-0.6,58.92,32.04,3.09,4305.4,133.9,14.01,2
1591.3,-35.0,83.61,21.64,3.57,2457.7,30.1,26.43,2
2574.0,32.9,73.99,14.19,3.34,3411.0,71.3,30.58,0
5880.7,-13.0,47.96,43.27,0.66,437.4,214.1,9.0,2
3343.8,-4.2,67.1,35.61,1.53,901.4,142.0,14.71,2
4505.3,-13.4,57.69,28.29,0.73,2027.8,100.9,15.07,2
1533.9,11.2,84.2,31.26,4.23,2479.2,119.9,20.41,2
1653.7,9.7,82.97,6.37,3.76,4829.0,21.5,50.68,0
745.2,13.6,92.69,24.75,1.09,4853.6,88.4,26.67,1
1513.6,-19.9,84.41,11.3,1.77,4257.5,6.2,39.64,0
2171.5,-16.3,77.82,12.0,4.84,1584.8,13.3,35.37,1
1562.1,-30.6,83.91,33.74,3.01,4820.5,90.6,19.18,2
1032.2,9.2,89.52,45.74,4.03,3449.8,188.8,16.06,2
1223.8,-37.0,87.46,21.38,1.4,1970.8,25.7,27.87,2
3264.7,4.8,67.78,11.97,1.13,3511.4,36.4,30.85,0
1738.0,25.2,82.12,33.14,3.94,92.4,144.7,19.03,2
2685.6,26.8,72.96,43.82,3.46,739.3,214.2,13.56,2
3520.5,-6.3,65.59,37.92,3.44,4150.1,155.1,13.69,2
4642.4,-5.6,56.65,43.7,2.81,3231.4,206.3,10.55,2
735.9,-34.2,92.79,27.75,2.86,1827.3,53.4,24.58,2
5296.5,10.3,51.91,38.09,3.7,2508.3,192.9,10.8,2
4267.4,21.6,59.52,8.72,1.42,4526.7,43.2,31.79,0
990.6,-21.7,89.98,18.72,1.83,3161.6,29.6,31.33,0
5741.5,-8.4,48.88,20.7,4.37,1996.8,71.7,15.92,2
6025.2,22.9,47.02,26.54,1.61,610.4,138.6,12.87,2
866.5,25.8,91.34,46.6,2.78,1475.8,208.3,16.14,2
2161.3,-21.8,77.92,43.97,3.54,4891.9,160.4,14.44,2
5337.2,1.3,51.63,8.46,5.0,2192.4,23.6,27.97,1
4989.6,-25.6,54.1,10.29,2.23,2364.5,3.1,26.66,1
1607.1,-32.4,83.45,19.17,2.2,2498.0,22.7,28.61,2
1756.1,28.3,81.93,15.96,4.23,4421.7,71.3,31.57,1
2722.8,21.5,72.62,31.51,4.05,3023.6,139.9,17.49,2
3407.1,17.0,66.55,45.33,3.68,3471.4,222.8,12.03,2
4209.5,-36.3,59.98,48.19,2.37,1953.2,199.8,10.31,2
2713.5,23.3,72.7,33.37,1.69,155.1,151.5,16.76,2
3275.2,-7.1,67.69,42.23,3.08,4655.6,177.6,12.96,2
4984.8,-14.3,54.13,27.21,4.39,4746.1,97.3,14.55,2
720.1,1.0,92.97,12.0,4.43,4746.3,28.1,42.26,1
2014.6,-33.1,79.35,27.19,0.63,4719.0,58.9,21.34,2
4780.1,16.7,55.63,28.64,2.2,4078.1,135.1,14.39,2
5871.2,3.7,48.02,37.64,2.38,3426.1,190.4,10.08,2
3570.1,-26.0,65.17,12.55,4.89,4224.1,8.4,28.9,1
3692.7,-25.9,64.15,19.68,3.42,3006.7,39.3,21.61,1
1143.0,-26.2,88.33,19.47,2.1,680.5,28.5,29.97,1
3184.5,-35.7,68.48,48.05,0.23,1962.2,184.4,11.8,2
3695.7,4.1,64.12,23.31,2.87,4856.8,86.7,19.25,1
1954.8,23.0,79.94,38.24,0.57,1762.2,171.0,16.57,2
2115.5,-38.7,78.36,38.04,4.19,4340.5,109.6,16.31,2
2763.7,-36.3,72.24,14.75,3.79,475.1,4.7,29.19,2
620.4,3.0,94.09,29.45,2.36,1677.6,97.6,23.85,1
2432.5,21.5,75.32,44.93,2.2,1761.3,212.4,13.71,2
1768.7,-15.5,81.81,24.81,4.5,267.5,64.3,23.5,1
2465.0,-13.8,75.01,47.37,1.51,604.3,192.3,13.08,2
1218.6,4.7,87.52,12.29,1.32,973.9,33.6,39.26,0
5843.2,-19.4,48.2,5.56,4.7,4190.7,-6.6,30.98,1
4061.6,-38.0,61.15,44.79,4.07,326.4,173.1,11.16,2
4574.6,15.1,57.16,42.69,4.12,1500.5,219.2,10.85,2
5235.0,6.9,52.34,49.64,1.06,60.8,270.4,8.78,2
3490.7,3.6,65.84,34.61,0.8,3481.2,145.3,14.76,2
1021.5,15.6,89.64,46.96,0.23,3105.3,201.9,15.74,2
3722.6,10.6,63.9,41.69,1.26,3228.5,197.4,12.36,2
4021.0,-24.6,61.47,42.53,3.89,1878.2,171.2,11.7,2
4972.6,-13.6,54.22,29.32,1.28,1049.3,110.3,13.79,2
3090.0,-30.5,69.31,20.35,3.67,3604.4,35.2,22.83,2
1265.5,-30.3,87.02,46.86,1.33,4057.5,158.2,15.3,2
2202.7,10.7,77.52,22.74,2.04,701.6,83.3,23.67,1
2678.5,24.4,73.02,27.86,4.92,2439.3,123.8,19.29,2
4375.5,32.2,58.68,23.41,1.3,1251.1,119.1,17.56,2
3924.7,7.1,62.25,29.11,1.94,848.9,121.6,15.92,2
2636.6,-26.2,73.41,24.58,1.58,3674.3,57.0,21.23,1
6419.1,-32.1,44.53,4.3,0.64,2695.1,-22.8,31.14,2
4134.6,21.0,60.57,44.34,2.5,1088.8,230.0,11.15,2
1923.4,3.4,80.25,23.33,1.96,1556.9,77.3,24.08,1
1110.7,6.4,88.67,30.27,3.5,4833.6,107.6,22.02,2
1417.2,18.6,85.42,8.68,4.11,4244.9,36.6,45.73,1
1975.7,12.7,79.73,2.16,2.77,4400.9,15.4,65.56,0
1464.1,22.6,84.93,13.77,0.26,2305.5,56.9,35.72,0
1619.4,-35.8,83.32,35.82,3.13,3122.8,96.4,18.19,2
2210.6,16.1,77.44,6.76,0.37,1890.1,29.4,46.2,0
1540.2,23.8,84.14,45.63,3.12,397.8,208.5,15.13,2
5880.6,-18.5,47.96,12.32,3.46,2011.3,20.6,21.49,1
981.4,8.0,90.08,11.82,1.07,2974.0,35.0,41.28,0
3647.1,-16.4,64.53,10.71,4.11,1442.8,11.3,31.15,1
2962.4,31.8,70.44,2.67,4.56,4241.3,35.6,55.59,1
6394.3,-37.5,44.69,39.05,4.08,764.0,166.2,9.11,2
1172.2,3.5,88.01,44.0,1.6,1842.0,175.1,16.3,2
2887.1,-27.5,71.12,31.48,2.97,633.3,91.9,17.15,2
6316.8,13.4,45.17,11.03,4.58,2030.1,48.0,21.47,1
5693.0,-26.8,49.2,15.69,1.67,207.9,27.4,19.15,1
5402.4,-22.3,51.18,24.84,4.12,1370.0,78.7,14.69,2
2047.4,-2.9,79.03,47.81,0.15,2009.7,200.5,13.67,2
1525.3,28.6,84.29,13.87,0.12,2396.0,63.5,35.31,0
4511.9,-24.1,57.64,37.12,3.82,2723.0,143.0,12.23,2
6076.3,-29.2,46.69,23.09,3.83,1382.2,66.4,14.11,2
3840.6,16.9,62.93,16.3,3.97,2620.0,67.4,23.93,1
3929.7,-2.5,62.21,23.88,4.66,2549.9,84.3,18.36,1
2179.9,28.4,77.74,5.42,0.68,1587.7,38.1,50.42,0
5117.0,-29.0,53.18,40.34,1.24,4152.7,166.5,10.56,2
1622.3,8.4,83.3,13.68,4.53,2732.7,42.8,35.18,1
2442.1,-22.5,75.23,36.82,0.97,1668.0,122.1,16.07,2
3052.6,-28.2,69.64,5.28,3.44,4737.2,-18.3,45.57,0
3545.7,11.3,65.38,47.84,2.7,4227.1,235.1,11.3,2
1954.5,4.5,79.95,11.26,0.51,4913.1,31.3,37.6,0
1189.0,16.6,87.83,44.37,1.5,3464.2,190.4,16.15,2
4163.7,-16.8,60.34,40.85,2.65,1897.3,170.0,11.86,2
2231.8,-6.4,77.23,48.46,4.28,1411.5,203.3,13.21,2
3987.4,-9.6,61.74,24.94,3.57,3320.0,82.9,17.67,2
1426.2,33.8,85.32,36.92,3.15,4904.3,170.1,18.19,2
3386.8,-18.1,66.73,19.79,2.53,3137.3,46.3,22.4,1
3695.5,-17.9,64.13,10.85,1.56,4409.3,10.4,30.76,0
810.9,-13.4,91.95,23.27,0.68,1652.2,55.4,27.64,1
2519.6,2.3,74.5,9.96,2.1,2040.7,25.6,37.33,0
1306.5,-21.1,86.58,49.14,0.24,4532.3,180.9,14.64,2
880.2,28.6,91.19,6.62,1.13,3786.8,40.5,54.87,0
6439.8,-20.1,44.4,30.28,2.22,4907.2,123.1,11.02,2
2434.1,27.2,75.3,32.07,2.15,3876.1,146.3,17.9,2
5359.2,-32.2,51.48,27.83,0.32,2248.1,85.9,13.61,2
2027.8,9.2,79.22,33.78,2.99,2660.0,134.2,18.09,2
4589.0,28.0,57.05,7.58,2.79,4503.6,46.2,32.46,0
5061.4,-27.3,53.58,28.64,0.48,2762.7,93.2,13.87,2
4073.8,32.6,61.05,15.79,4.72,1284.4,81.7,23.68,1
3329.5,-6.0,67.22,47.13,0.59,2183.7,210.1,11.77,2
2971.0,30.9,70.37,38.58,4.29,2586.4,190.6,14.48,2
2593.2,10.8,73.81,48.68,0.1,492.6,226.6,12.58,2
6077.2,-17.4,46.68,3.8,4.42,3721.4,-9.7,33.82,1
5483.7,-25.9,50.62,15.69,0.2,555.7,27.5,19.71,1
6290.2,-17.2,45.33,11.38,3.81,2030.5,18.8,21.2,1
1245.8,-33.0,87.23,2.54,1.87,4025.1,-29.9,69.58,2
4885.2,-29.2,54.85,13.63,3.72,2343.2,12.9,23.21,1
6130.0,-32.2,46.35,34.58,2.07,4211.7,136.6,10.4,2
1587.4,-8.3,83.65,13.09,0.45,1716.0,24.0,36.23,0
899.0,19.7,90.98,26.43,3.86,4788.6,102.4,24.97,1
4946.7,-29.4,54.41,44.62,0.45,1055.2,193.1,9.96,2
3946.8,-30.2,62.07,35.3,4.62,200.9,119.9,13.7,2
5551.0,8.3,50.16,20.94,0.35,4363.4,88.6,16.21,2
1338.6,-25.2,86.24,19.88,2.45,3763.5,31.8,28.86,1
5271.6,-32.7,52.09,23.88,3.64,1167.6,62.1,15.38,2
1709.8,-27.5,82.4,10.5,2.03,4923.9,-3.6,40.2,0
1481.9,29.3,84.74,32.43,1.16,2516.4,143.4,19.97,1
1485.6,21.6,84.71,19.48,3.82,4755.8,77.5,28.73,1
5387.4,-13.4,51.28,42.91,3.94,2530.1,203.6,9.69,2
4491.2,9.2,57.8,38.31,4.62,2364.7,183.7,11.96,2
3638.4,0.3,64.6,31.3,1.94,2251.2,124.7,15.64,2
2653.0,10.8,73.26,19.48,2.58,1681.0,70.9,24.85,2
5763.2,11.2,48.73,12.08,1.88,2673.2,48.9,22.07,1
2854.7,7.2,71.41,39.26,1.36,2268.2,169.5,14.5,2
5399.6,-20.0,51.2,25.35,3.78,193.4,83.9,14.48,2
3134.8,-37.1,68.91,12.79,1.76,1309.6,-2.7,30.24,2
2761.7,-5.8,72.26,11.37,2.2,1073.5,22.6,33.82,0
3276.1,26.8,67.68,9.94,2.08,4338.5,51.2,33.94,0
2308.3,2.7,76.5,39.3,3.59,2998.4,159.9,15.52,2
4985.7,22.4,54.12,12.99,4.6,3820.8,62.1,23.54,1
3516.3,34.4,65.63,27.28,3.37,4784.6,136.1,17.6,2
1893.3,-27.7,80.55,23.67,2.41,3223.8,47.6,23.92,1
5897.4,11.9,47.85,29.82,3.92,4913.2,146.9,12.02,2
2803.3,10.6,71.88,44.1,3.24,1565.7,201.1,13.29,2
3761.3,33.5,63.58,43.65,0.4,939.5,233.2,11.85,2
5938.8,33.9,47.58,23.65,0.57,2022.5,131.8,14.14,2
4245.4,11.5,59.69,2.74,0.29,2359.3,15.8,46.86,0
1201.4,-21.7,87.7,22.47,2.34,4477.9,45.4,27.01,1
6139.0,19.9,46.29,31.1,4.15,2804.1,165.4,11.26,2
4266.2,-32.0,59.53,28.77,1.63,1468.0,83.1,15.35,2
2509.4,18.6,74.59,33.26,1.98,3715.7,144.6,17.24,2
1335.6,28.3,86.28,9.4,4.56,2534.1,48.2,44.48,1
5264.2,-11.3,52.14,33.03,4.2,819.0,138.0,12.12,2
4220.4,7.3,59.89,10.77,3.36,2888.3,36.3,28.84,1
3700.8,-7.7,64.08,38.03,1.41,4557.9,156.2,13.34,2
5863.4,-7.2,48.07,18.28,0.67,4214.7,60.7,17.0,2
5231.6,-16.7,52.37,36.07,0.18,2938.2,151.7,11.37,2
1410.0,17.2,85.49,4.3,0.62,1891.6,23.9,59.8,0
2370.3,30.2,75.91,21.58,1.53,444.0,98.4,24.04,1
1990.9,30.6,79.58,35.84,2.8,2353.5,166.0,17.36,0
4963.7,-26.9,54.28,12.89,0.41,3762.9,12.3,23.71,1
701.2,25.6,93.18,40.17,0.77,1807.8,172.4,18.57,2
3919.3,15.3,62.29,32.28,0.99,1184.9,147.5,14.73,2
5074.8,-21.0,53.48,30.2,3.2,4657.6,109.0,13.3,2
5760.6,-35.0,48.75,18.97,3.12,4109.6,36.0,16.83,2
2552.5,-19.9,74.19,25.16,2.8,3195.0,65.5,21.1,1
5427.5,28.4,51.0,30.67,1.33,692.5,164.4,12.54,2
1163.8,7.5,88.1,24.68,1.92,733.1,83.8,25.41,1
5578.7,14.1,49.97,35.52,0.57,525.1,182.8,10.98,2
1264.9,-20.7,87.02,22.82,1.21,3085.3,48.1,26.52,1
2883.7,14.0,71.15,11.71,4.5,586.7,43.9,32.77,1
5283.8,-37.9,52.0,12.27,4.9,4214.7,-0.5,23.35,2
1399.5,-11.9,85.6,2.28,3.27,4964.9,-9.1,69.72,1
1875.5,7.0,80.73,16.45,4.59,1838.1,52.2,30.53,1
4833.5,-29.0,55.23,37.95,3.25,2273.8,147.0,11.52,2
4820.2,21.7,55.33,40.12,0.26,3561.2,211.9,11.04,2
4346.9,-22.4,58.9,11.72,4.98,4686.4,10.5,27.12,1
4663.7,8.9,56.49,48.03,0.58,4471.5,251.1,9.73,2
3756.3,-9.6,63.62,26.12,3.44,297.4,87.6,17.62,2
2010.8,4.7,79.39,46.01,1.34,853.7,197.1,14.17,2
2574.2,-31.9,73.99,35.92,2.02,3775.4,109.0,16.11,2
1589.6,-38.7,83.63,36.68,3.27,3447.6,97.7,17.92,2
5950.7,28.2,47.5,6.08,2.24,674.8,42.8,29.54,1
4000.4,-19.8,61.64,12.56,1.33,2515.3,15.7,27.32,1
2905.1,21.5,70.96,2.42,1.74,3906.3,24.8,57.12,0
3272.0,35.0,67.72,36.37,1.77,1101.7,184.8,14.6,2
6183.7,-24.1,46.0,18.53,4.8,4357.7,46.6,16.12,2
1420.1,-20.1,85.39,39.76,4.01,274.3,131.1,17.16,2
4017.4,9.7,61.5,18.27,2.35,3913.2,69.7,21.76,1
3535.3,32.4,65.47,41.33,1.08,3082.9,214.7,12.75,2
4168.7,28.7,60.3,8.27,4.07,1582.8,48.7,33.0,1
608.7,-2.3,94.22,10.32,0.87,3607.5,19.5,46.37,0
5732.7,19.6,48.94,18.36,1.13,3914.0,87.3,17.25,2
6092.7,-29.8,46.58,21.61,1.89,4670.2,57.3,14.74,0
3890.8,33.3,62.52,18.74,4.41,1845.2,94.9,21.76,1
4679.9,32.3,56.37,38.66,0.75,3433.2,211.2,11.59,2
6035.0,-27.7,46.96,6.65,0.7,3017.1,-11.0,28.2,1
4743.4,-17.5,55.9,18.86,2.52,2630.8,48.2,19.37,1
1415.2,-32.5,85.44,42.19,1.45,4453.2,131.7,16.37,2
3957.7,-19.6,61.98,5.21,2.89,25.8,-9.3,40.76,0
4140.3,21.2,60.52,47.23,2.31,1417.7,249.7,10.57,2
3044.8,-11.6,69.71,49.34,2.23,2696.0,214.7,11.75,2
4918.7,-33.4,54.61,6.25,0.65,899.7,-19.2,33.6,2
6106.2,-14.3,46.5,15.98,0.79,4540.3,42.9,17.9,2
6053.4,33.6,46.84,19.88,4.12,3241.5,110.9,15.68,2
3205.0,7.2,68.3,39.27,4.44,2394.6,173.3,13.86,2
1179.4,-8.8,87.94,30.6,1.25,4075.4,94.5,21.66,1
6409.0,-27.5,44.59,32.93,0.66,2259.9,133.2,10.39,2
5533.4,34.0,50.28,38.36,0.36,2797.7,221.3,10.4,2
1248.0,21.6,87.2,7.66,3.08,23.7,36.5,49.37,0
6025.1,-18.9,47.02,41.99,3.61,1834.8,201.0,9.04,2
5719.4,-34.7,49.02,35.87,1.93,702.6,138.0,10.69,2
3613.0,-35.8,64.81,29.71,3.43,3451.5,79.7,16.32,2
4047.7,-31.0,61.26,44.71,3.59,2400.3,179.4,11.2,2
2894.0,3.6,71.06,35.61,4.68,1515.8,145.6,15.58,2
828.6,29.7,91.76,11.68,0.42,2344.5,55.9,42.32,0
2511.2,-2.7,74.58,22.63,1.04,1056.1,70.7,22.86,1
5317.1,23.2,51.77,25.71,0.44,4626.2,128.7,14.5,2
527.8,-6.6,95.14,4.65,4.35,279.3,0.5,64.94,1
2501.0,13.1,74.67,47.82,3.98,4328.4,222.5,12.91,2
2889.0,14.9,71.1,8.17,2.92,2561.7,33.0,39.13,0
3724.4,-27.0,63.89,35.48,0.51,3098.5,122.0,14.05,2
6019.1,-12.9,47.06,26.3,1.44,1520.0,101.3,12.96,2
2578.1,7.8,73.95,3.23,1.56,4833.8,12.6,55.9,0
2581.7,-34.7,73.92,46.39,2.85,1416.4,166.9,13.11,2
4925.0,-12.9,54.56,42.89,1.36,2948.5,197.4,10.32,2
3213.3,0.1,68.23,27.16,0.46,4967.1,99.3,18.36,1
1847.6,34.7,81.01,12.99,3.68,4406.7,67.1,35.24,0
3214.6,-4.4,68.22,7.84,1.57,2686.3,13.0,38.24,0
1345.1,21.2,86.18,19.44,2.32,4952.0,76.5,29.27,1
1558.3,-7.6,83.95,14.26,0.73,3509.8,28.7,34.6,0
3490.2,19.7,65.85,26.32,4.03,1051.4,116.4,18.13,2
3013.6,4.7,69.99,48.39,2.87,2033.9,224.5,11.99,2
5989.1,26.5,47.25,29.6,4.52,1679.1,160.9,11.93,2
2674.4,-9.2,73.06,44.72,2.53,1726.6,183.5,13.35,2
3983.5,5.3,61.77,33.24,4.71,3804.7,143.7,14.29,2
4293.6,7.3,59.32,24.81,4.47,2925.5,101.0,17.04,2
578.6,-8.7,94.56,43.02,2.92,200.1,151.7,17.84,2
4481.2,-29.2,57.87,24.63,4.68,4388.5,64.7,16.71,2
1568.2,-33.0,83.85,43.69,1.68,1491.0,141.1,15.62,2
6266.4,-38.7,45.48,16.0,1.89,4985.4,19.1,17.5,2
1392.0,25.5,85.68,8.18,0.32,4771.4,42.0,47.12,0
2987.7,-22.3,70.22,43.06,2.99,4703.2,164.1,13.23,2
1012.1,-24.1,89.74,30.2,3.64,4057.5,76.2,22.33,1
6481.2,15.2,44.15,44.68,3.89,1110.9,262.7,8.07,2
3513.2,-16.0,65.65,47.02,0.83,2667.8,202.0,11.51,2
4072.3,-2.0,61.06,4.57,2.28,1129.3,6.6,41.9,0
902.5,-27.8,90.94,26.05,0.97,1305.8,53.2,25.23,1
4999.8,32.0,54.02,20.0,3.34,3058.6,104.6,18.01,1
1759.4,23.9,81.9,32.04,0.87,213.8,138.0,19.48,2
5888.3,24.8,47.91,40.09,4.53,4847.6,229.0,9.56,1
1730.8,-9.5,82.19,15.47,1.23,4594.2,31.6,32.27,0
1644.1,17.2,83.07,28.73,1.53,1910.0,114.4,21.45,2
719.3,-29.2,92.98,36.02,4.27,2582.0,96.9,20.2,1
3332.4,-39.4,67.2,8.45,2.35,2335.9,-19.9,36.41,2
3889.0,-38.5,62.54,41.08,0.22,4412.2,146.4,12.24,2
894.3,4.0,91.03,31.09,2.52,3446.1,107.8,22.15,2
5153.2,-5.8,52.92,47.58,0.51,1397.8,241.0,9.19,2
3219.7,-1.1,68.17,18.3,4.93,2239.7,55.9,24.09,1
3646.3,-39.4,64.53,7.19,2.98,2150.5,-23.6,37.54,2
3144.6,-8.3,68.83,26.31,1.36,4797.1,86.2,18.95,1
2904.6,13.9,70.96,6.12,2.86,884.8,25.9,44.02,0
3857.8,-6.8,62.79,48.54,0.48,457.0,226.3,10.73,1
1431.4,14.9,85.27,3.86,4.02,4404.3,20.7,61.54,1
1591.6,-22.5,83.61,38.17,4.63,4484.5,121.8,17.36,2
5670.7,21.0,49.35,27.2,4.38,4360.0,137.9,13.26,2
6176.7,4.1,46.05,19.69,1.77,2559.8,81.1,15.51,2
2739.9,-24.2,72.46,5.16,1.7,3302.1,-14.8,47.79,0
2124.5,-22.2,78.27,31.86,0.27,2821.2,93.6,18.7,1
4364.0,7.1,58.77,30.09,3.29,356.5,130.5,14.66,2
2952.4,22.2,70.53,15.48,2.72,2983.2,66.7,27.68,1
652.3,-8.8,93.73,45.69,2.35,77.9,166.5,16.83,2
1436.9,-20.6,85.21,16.6,4.55,1631.7,23.9,32.04,1
4795.8,25.0,55.51,23.59,0.92,4662.1,115.3,16.53,2
4453.5,10.2,58.08,28.1,0.15,1527.2,122.9,15.24,2
662.6,-6.4,93.61,6.81,0.46,4699.7,5.8,55.69,0
1831.8,-3.4,81.17,46.74,1.19,1258.2,191.1,14.3,2
1886.4,-24.7,80.62,19.98,0.26,1579.7,34.7,26.89,1
4531.4,7.0,57.49,5.88,2.56,3145.8,19.7,36.21,0
618.3,-13.1,94.11,20.59,1.64,3810.5,44.2,30.77,0
1124.7,34.7,88.52,30.81,0.98,2511.9,138.6,21.69,2
5299.5,-4.0,51.89,26.66,3.78,4411.8,106.8,14.16,2
1571.3,-3.6,83.82,35.34,1.1,210.8,125.8,18.49,2
4416.5,2.4,58.37,4.66,3.47,4611.8,11.5,39.81,0
1929.1,28.8,80.2,15.66,1.81,989.6,71.1,31.26,0
1096.6,20.1,88.83,41.32,2.61,4422.4,176.5,17.31,2
1959.0,-6.2,79.9,5.83,4.68,2010.3,4.5,50.46,1
4833.6,13.9,55.23,43.06,0.28,4165.5,224.1,10.41,2
5634.2,4.0,49.6,6.41,2.55,3361.6,19.4,30.22,0
5481.3,-3.1,50.63,42.05,4.29,887.9,209.3,9.73,2
2883.1,-25.6,71.16,19.32,2.98,4591.1,34.7,24.27,1
4508.5,-5.2,57.66,31.39,1.46,1235.1,126.9,13.93,2
1729.9,-21.6,82.2,9.34,2.05,1228.3,-1.3,42.5,0
2258.9,28.6,76.97,5.18,3.43,4072.8,37.8,50.72,0
5878.0,-14.8,47.98,12.37,4.46,538.3,24.5,21.45,1
578.0,31.4,94.57,8.14,0.3,1118.0,47.0,52.14,0
1013.1,-0.0,89.73,17.0,0.45,2523.4,44.8,33.24,0
1747.3,7.4,82.02,26.69,1.69,4154.1,95.6,22.35,1
659.2,0.7,93.65,30.26,1.24,745.9,99.2,23.26,1
1588.6,-30.3,83.64,39.91,1.4,2742.9,123.3,16.76,2
3998.2,-11.8,61.65,33.5,1.18,3559.1,128.2,14.17,2
3028.5,-32.6,69.85,31.22,1.06,4304.4,86.6,16.95,2
5856.0,6.7,48.12,21.77,0.74,4678.5,93.4,15.15,2
5404.7,-6.5,51.16,24.74,4.68,3925.4,94.0,14.73,2
2550.9,18.3,74.21,21.9,0.81,3267.6,88.7,23.26,1
2056.5,-23.5,78.94,42.42,1.1,2173.8,148.7,15.06,2
2778.2,-27.7,72.11,13.04,1.31,569.4,6.9,31.3,0
4041.8,-9.5,61.31,2.27,4.67,3551.6,-6.3,49.94,1
2108.4,29.5,78.43,33.26,3.8,4963.8,152.4,18.13,2
4244.9,13.3,59.7,11.72,3.97,3686.4,46.0,27.49,1
2956.5,-8.6,70.5,44.73,0.61,93.4,187.6,12.88,2
3812.3,-1.2,63.16,43.23,4.2,2486.3,196.4,11.87,2
3116.8,-33.7,69.07,5.68,2.1,3077.1,-22.7,44.04,2
2266.8,33.8,76.9,7.11,1.39,3451.5,48.1,44.95,0
6190.7,10.0,45.96,25.77,2.92,3601.4,122.3,12.85,2
5081.6,-18.6,53.43,31.24,4.13,2795.0,117.8,12.96,2
1340.7,3.9,86.22,15.2,3.92,1124.6,43.1,34.22,1
5710.8,-31.8,49.08,36.41,4.46,4711.6,144.5,10.58,2
3424.6,32.4,66.4,30.56,4.65,3486.4,151.0,16.37,2
5867.3,-26.9,48.05,17.59,1.27,1191.8,37.5,17.41,2
5299.1,8.6,51.9,3.22,2.18,1618.4,14.3,39.26,0
3051.3,-21.6,69.65,38.01,0.17,4610.4,135.6,14.51,2
634.8,13.8,93.93,12.31,4.41,4438.6,41.7,42.1,1
2112.1,18.3,78.4,42.05,0.86,2031.7,188.9,15.06,2
3749.8,10.5,63.68,22.17,4.32,201.2,87.8,19.79,1
4300.9,6.1,59.26,29.7,1.71,252.0,126.7,14.93,2
2047.3,26.9,79.03,43.9,1.9,1426.8,207.5,14.66,2
1336.1,-34.1,86.27,43.45,0.29,3149.3,136.2,16.14,2
5509.6,-15.2,50.44,19.83,1.7,2925.1,59.1,16.91,2
6406.4,-21.4,44.61,12.03,4.45,3172.8,17.8,20.25,1
3654.1,34.1,64.47,39.21,0.23,3589.2,204.7,13.1,2
1530.1,-10.8,84.24,22.79,2.09,105.0,59.0,25.69,1
2133.8,14.9,78.18,11.22,0.25,534.4,41.8,36.85,0
610.3,11.4,94.2,45.41,1.92,1803.8,184.7,17.0,2
5985.8,-24.1,47.27,11.51,0.95,782.8,11.7,21.98,1
1206.5,-22.1,87.65,3.24,1.34,385.8,-17.6,66.2,0
3959.1,-18.9,61.97,2.97,4.4,3208.4,-14.2,47.77,1
2144.3,-9.2,78.08,31.87,2.24,4078.5,106.8,18.65,2
3825.1,-22.4,63.06,33.76,1.44,3765.6,117.5,14.41,2
4408.5,-38.5,58.43,16.93,2.99,4087.0,16.8,21.7,2
5478.5,26.0,50.65,17.36,0.8,3332.6,87.5,18.51,1
1738.5,32.4,82.11,18.3,1.37,3679.4,84.4,29.02,1
566.0,-14.4,94.71,34.65,2.78,1366.2,104.0,21.21,1
1321.3,-14.6,86.43,4.79,1.26,4965.1,-6.8,58.43,0
5900.1,-39.5,47.83,46.6,3.43,924.0,212.8,8.45,2
5743.3,11.0,48.87,12.68,2.51,1080.3,51.4,21.54,1
4084.5,21.9,60.96,49.98,3.88,1451.7,268.4,10.16,2
4103.1,-29.0,60.82,10.23,4.75,4876.9,-2.2,30.06,0
4490.2,-28.0,57.8,39.03,0.67,4941.6,151.0,11.79,2
1552.2,19.3,84.02,12.72,1.74,3976.5,50.2,36.97,0
5986.5,6.2,47.27,5.88,1.67,3149.0,20.2,29.76,1
3012.6,-36.6,70.0,44.0,0.84,2605.1,155.8,12.96,2
2798.8,6.7,71.92,43.22,4.07,4853.4,191.8,13.51,2
3613.5,-16.8,64.81,21.37,3.82,3481.2,55.9,20.66,1
781.8,-12.3,92.28,35.72,2.47,4724.2,112.8,20.19,2
1497.7,17.7,84.58,28.74,2.74,1589.6,114.2,21.83,2
4928.2,20.8,54.54,42.94,0.39,1675.5,231.5,10.3,2
996.8,-10.0,89.91,17.12,2.82,4275.1,35.3,33.15,0
4118.9,31.0,60.69,27.14,3.98,757.8,136.1,16.34,2
1972.1,-9.5,79.77,25.3,2.91,4730.2,73.5,22.6,1
2835.8,17.9,71.59,18.99,1.4,2542.3,76.6,24.7,1
2232.2,-3.7,77.23,44.79,3.37,4632.8,184.1,14.1,2
2634.0,27.3,73.43,9.96,1.87,1690.6,50.8,36.79,0
4814.3,28.1,55.37,9.18,2.77,3582.6,52.2,28.88,1
2282.7,-33.4,76.74,29.69,2.49,2419.5,72.5,19.34,2
3898.4,30.2,62.46,33.56,1.97,3137.8,169.6,14.34,2
3356.3,21.9,66.99,11.34,3.62,2526.8,51.4,31.39,0
4482.0,19.3,57.87,20.75,4.43,4835.9,93.3,18.82,1
6121.0,-24.9,46.4,47.44,0.13,3463.6,237.6,8.08,2
4895.4,20.4,54.78,13.84,4.67,1264.1,63.4,22.98,1
1789.6,23.8,81.59,34.08,2.61,4549.3,148.4,18.51,1
687.1,-18.3,93.34,37.53,3.53,1477.2,115.0,19.64,2
2073.6,31.4,78.77,23.51,4.29,1864.3,106.8,23.51,2
4070.5,-36.3,61.08,47.0,2.39,519.6,189.7,10.71,2
808.6,-28.8,91.98,37.36,4.19,4500.8,104.7,19.42,1
3478.2,0.3,65.95,23.98,0.97,1437.7,85.1,19.41,1
4081.1,3.2,60.99,29.33,0.88,1302.0,120.0,15.51,2
2505.5,8.4,74.63,35.25,3.32,4602.1,145.0,16.49,2
5125.5,-38.7,53.12,30.43,4.36,4029.6,93.1,13.14,2
1139.6,32.0,88.36,44.18,4.47,714.0,204.3,16.31,2
950.8,-36.7,90.41,19.13,3.25,3848.9,16.1,31.04,2
4869.1,-29.3,54.97,16.39,2.67,4566.0,25.2,20.83,1
3472.9,-38.9,65.99,12.26,1.72,401.8,-5.8,29.64,2
4630.4,2.5,56.74,3.81,4.9,4127.8,9.5,41.08,1
3109.0,29.9,69.14,4.06,1.67,2741.6,36.8,49.16,0
1978.4,9.9,79.71,43.76,3.75,3349.3,188.9,14.83,2
5414.6,21.7,51.09,34.56,2.71,2469.3,182.3,11.47,2
5296.5,-39.0,51.91,33.71,3.08,3492.0,114.8,11.88,2
4668.2,0.7,56.46,31.5,2.03,180.1,134.9,13.6,2
2132.9,-5.5,78.19,42.76,4.83,3815.9,169.4,14.82,2
4041.4,-2.6,61.31,25.05,2.9,176.4,90.9,17.49,2
2665.8,-34.6,73.14,43.78,4.7,2281.9,152.3,13.6,2
1049.5,11.3,89.34,19.25,0.14,763.3,64.9,30.54,0
6003.9,-2.3,47.16,46.48,2.91,4119.6,250.9,8.35,2
1320.9,17.4,86.43,35.54,3.61,1575.2,145.8,18.98,2
6201.4,-3.6,45.89,14.34,3.75,2275.9,45.9,18.85,1
3176.0,-28.8,68.55,29.08,4.53,2149.5,80.1,17.54,2
1610.8,8.6,83.41,27.59,0.12,3864.8,100.3,22.19,1
3751.4,-27.1,63.66,8.62,0.1,2410.9,-6.5,34.19,0
5737.7,25.4,48.9,30.38,2.41,3946.9,162.5,12.11,2
4893.3,6.0,54.79,17.11,0.24,376.8,63.9,20.21,1
5339.4,-28.2,51.61,4.51,4.88,966.1,-19.0,35.57,1
4452.7,32.2,58.09,47.54,1.19,2762.2,267.5,10.1,2
4653.7,-1.1,56.57,32.79,2.42,4736.0,140.7,13.22,2
5595.2,-34.5,49.86,44.09,0.4,383.0,194.1,9.22,2
1998.0,7.0,79.51,34.45,2.66,225.0,135.2,17.89,2
3436.5,-21.0,66.3,19.14,1.96,791.2,40.6,22.76,1
1827.3,20.3,81.22,26.61,0.32,3209.4,108.6,22.18,2
6426.0,21.3,44.49,34.44,1.74,2001.0,192.6,10.01,2
6164.4,33.4,46.13,48.09,2.02,4129.5,301.9,7.94,2
736.6,-2.4,92.78,14.18,4.95,368.9,31.9,38.38,1
4733.5,-5.9,55.97,44.0,1.12,990.1,209.3,10.37,2
6051.5,16.5,46.85,46.36,2.77,1507.1,269.5,8.31,2
1583.5,-30.1,83.69,34.18,4.94,3137.4,93.5,18.94,1
3907.7,1.0,62.39,46.7,3.98,3429.0,222.6,11.0,2
5992.9,1.0,47.23,21.1,4.97,629.8,84.7,15.19,2
703.7,-33.3,93.15,47.74,4.84,4719.6,153.7,16.13,2
4684.5,-8.7,56.34,35.73,2.5,1711.8,151.6,12.32,2
2284.1,24.0,76.73,4.02,3.51,3568.7,30.4,54.74,0
6046.4,24.2,46.88,45.53,0.64,2625.8,270.9,8.44,2
6326.3,-32.6,45.11,25.25,2.26,1121.6,77.6,12.79,2
6165.6,-33.2,46.12,24.1,4.06,4232.7,68.8,13.53,2
3345.3,-20.3,67.08,29.19,2.58,4093.0,90.4,17.12,2
5672.3,25.6,49.34,9.17,3.54,1986.4,51.1,25.74,1
5567.3,-30.3,50.05,24.52,3.75,2947.2,70.0,14.5,2
2414.6,14.0,75.49,41.89,1.34,1296.6,187.0,14.55,2
5473.5,-32.4,50.69,2.74,4.39,3452.4,-27.8,39.78,2
722.0,6.7,92.95,15.1,2.35,1552.0,44.1,37.03,0
4077.6,-13.3,61.02,2.12,1.13,4222.0,-10.3,50.35,0
1880.1,19.2,80.69,21.95,4.34,1094.8,86.9,25.25,1
1223.4,-22.5,87.47,36.96,2.15,83.9,112.4,18.63,2
961.7,7.9,90.29,40.34,3.78,1349.9,158.0,17.94,2
4677.7,-22.3,56.39,47.37,2.79,963.4,215.4,9.83,2
2539.2,13.5,74.31,31.21,1.97,2546.3,129.0,18.03,1
4848.6,25.5,55.12,14.22,4.07,1026.5,70.1,22.76,1
892.1,-30.5,91.06,46.36,2.96,3818.3,151.0,16.16,2
2391.7,25.0,75.7,39.22,2.01,1214.4,182.5,15.38,2
3736.9,4.5,63.78,29.57,0.64,3537.8,120.1,16.12,2
5244.3,-30.5,52.28,35.39,4.49,2896.6,133.7,11.52,2
2412.5,-7.9,75.51,46.37,0.27,4931.4,191.4,13.4,2
4255.3,-27.9,59.62,36.19,4.33,4999.5,130.7,12.91,2
5815.9,12.5,48.38,19.68,1.86,4348.9,87.6,16.3,2
4195.2,16.9,60.09,36.23,3.23,3802.3,175.1,13.0,2
1897.8,-32.1,80.51,3.93,4.62,1938.4,-26.0,57.78,2
646.4,-2.0,93.8,20.55,0.84,3768.9,55.2,30.7,0
5720.6,21.1,49.02,21.5,2.88,4783.8,105.5,15.56,2
627.6,30.2,94.01,10.01,3.85,126.7,51.1,46.99,1
5748.2,-1.5,48.83,3.11,3.81,2694.2,4.2,37.25,1
3673.6,31.3,64.31,8.4,2.68,1097.8,51.0,34.95,0
6134.4,0.2,46.32,33.42,3.16,2793.8,161.1,10.67,2
5292.7,-10.4,51.94,40.51,3.81,2337.6,188.5,10.28,2
6487.6,23.6,44.11,49.43,4.22,2883.1,308.9,7.42,2
2604.3,-3.0,73.71,18.63,3.83,2759.3,53.3,25.75,1
5103.1,-4.6,53.28,30.77,1.83,4800.9,129.1,13.07,2
2911.6,-3.2,70.9,46.98,4.98,2765.4,206.3,12.44,2
3379.3,23.5,66.79,10.02,2.23,4232.7,48.3,33.37,0
4265.0,22.4,59.54,36.45,0.22,1605.9,182.7,12.82,2
5742.1,-9.7,48.87,38.24,1.88,2196.1,179.5,10.13,2
6404.5,-15.0,44.62,6.27,0.73,2357.4,0.8,27.42,1
5109.6,-3.1,53.23,43.34,0.7,1400.9,212.9,9.98,2
3006.6,3.0,70.05,41.03,1.48,1905.2,177.4,13.73,2
3028.1,-22.1,69.86,3.6,0.36,2996.6,-16.3,51.35,0
4925.5,19.5,54.56,6.37,3.47,2905.1,34.1,33.33,0
1932.7,-3.5,80.16,4.36,0.46,3185.8,3.5,55.83,0
1162.8,-14.9,88.11,18.07,1.1,1765.6,34.4,31.39,0
2627.7,-32.0,73.49,26.45,0.56,1586.0,60.1,20.16,2
2223.4,-22.1,77.31,27.55,0.41,3062.0,73.0,20.59,1
2277.8,31.2,76.79,14.85,1.41,673.0,71.3,30.9,0
1901.6,-17.1,80.47,45.76,2.9,1272.6,172.5,14.43,2
752.6,-27.3,92.61,19.68,4.83,220.2,26.9,31.2,1
607.2,-5.4,94.24,4.19,4.39,372.3,0.7,66.43,1
6426.3,-17.0,44.49,16.41,4.39,1224.5,43.7,16.84,2
3066.6,-37.4,69.52,27.49,0.96,107.5,62.6,18.54,2
2806.0,-15.8,71.86,21.59,1.4,1234.6,54.3,22.74,1
4577.9,0.8,57.14,15.14,0.47,3278.3,48.7,22.72,1
1809.5,1.4,81.39,8.3,3.91,314.9,18.7,44.47,1
6199.8,-13.3,45.9,41.32,0.44,2189.3,204.3,8.94,2
5218.1,-6.5,52.46,49.81,2.83,4566.4,258.0,8.77,2
1036.5,32.4,89.48,17.82,1.31,3958.5,80.4,32.17,0
3005.5,-11.7,70.06,20.32,1.29,1534.1,53.5,23.11,1
5774.7,-20.6,48.66,31.67,4.95,4624.8,125.0,11.68,2
6168.4,-21.7,46.1,36.49,3.81,1654.9,160.7,9.92,2
3304.4,-5.7,67.44,20.82,4.2,371.9,63.1,21.88,1
4180.5,17.0,60.2,45.44,2.9,4970.3,234.0,10.86,2
1502.2,-24.6,84.53,28.88,4.37,4351.4,72.6,21.74,1
6447.0,13.2,44.36,23.62,3.26,2335.0,114.4,13.2,2
1890.0,-38.4,80.59,33.04,4.74,3335.2,81.7,18.72,2
6156.4,-8.6,46.18,47.73,1.48,3359.4,256.9,8.0,2
4397.9,18.2,58.51,40.14,3.02,980.5,203.3,11.67,2
4146.4,-14.6,60.47,3.92,3.48,1008.2,-7.6,43.44,0
3576.1,2.3,65.12,17.95,2.03,2353.2,59.1,23.3,1
1884.0,-24.6,80.65,24.59,4.41,4558.7,54.7,23.32,1
1559.2,15.6,83.94,17.1,4.9,59.9,62.4,30.98,1
1822.9,-36.1,81.26,35.61,2.52,3914.7,96.7,17.82,2
1618.6,23.9,83.33,41.66,2.01,297.1,187.3,16.13,2
5177.5,-25.1,52.75,37.1,2.41,2396.3,149.5,11.2,2
2600.8,25.6,73.74,49.49,4.28,3193.0,246.6,12.4,2
847.1,-13.6,91.55,15.08,3.26,3436.9,24.0,36.5,0
6314.6,14.2,45.18,44.0,0.32,301.8,253.7,8.37,2
5802.7,-16.1,48.47,38.8,2.76,2098.8,177.8,9.93,2
6066.5,27.9,46.75,19.38,0.18,2923.3,102.7,15.91,2
6469.4,-30.5,44.22,37.24,3.91,339.6,161.1,9.36,2
1543.4,-26.6,84.11,7.0,1.71,684.1,-13.2,49.49,0
2877.5,-3.0,71.21,39.89,2.41,3321.6,163.3,14.27,2
5049.4,-33.9,53.66,27.55,4.01,2613.0,80.3,14.29,2
4676.1,-25.3,56.4,16.03,0.33,817.5,26.8,21.67,1
1423.4,30.8,85.35,33.48,0.88,2680.8,149.6,19.63,2
5395.0,33.2,51.23,32.8,2.05,4564.3,182.3,11.97,2
1846.6,-11.8,81.02,12.06,1.23,87.8,17.4,36.74,0
1842.9,29.2,81.06,3.46,1.76,3216.7,34.3,60.23,0
3721.8,0.9,63.91,22.81,4.99,377.5,81.1,19.48,1
4057.6,-19.8,61.18,29.34,4.14,42.2,96.9,15.55,2
3980.5,12.7,61.8,44.08,4.43,761.8,218.0,11.43,2
1048.9,9.4,89.34,46.55,4.69,2120.3,193.7,15.8,2
5764.8,34.2,48.72,27.38,1.77,4013.7,152.9,13.03,2
2093.6,-20.1,78.58,38.18,1.56,1416.1,128.8,16.31,2
1277.1,10.4,86.89,23.09,1.25,3132.1,80.4,26.26,1
5832.5,-36.1,48.27,37.81,4.17,2061.7,151.3,10.1,2
6233.9,-31.5,45.69,11.83,3.43,1179.3,6.4,20.93,2
5672.8,-39.7,49.34,19.81,1.26,2576.1,35.3,16.55,2
5357.1,35.0,51.49,32.44,1.95,3989.3,181.4,12.13,2
4431.5,20.2,58.25,2.87,2.58,4164.1,24.8,45.26,0
3805.1,19.0,63.22,36.68,2.69,4234.1,175.9,13.54,2
1021.9,-1.8,89.64,42.11,4.45,1699.4,158.1,17.2,2
2950.7,-17.5,70.55,21.16,1.96,3969.3,51.3,22.64,1
2736.1,-28.7,72.49,23.5,4.55,1068.8,49.9,21.64,1
2058.5,-18.6,78.92,42.86,2.26,3694.7,156.0,14.93,2
4840.5,-11.8,55.18,39.23,3.76,4742.4,172.8,11.21,2
3475.3,16.7,65.97,15.83,4.66,78.6,64.1,25.54,1
986.3,0.5,90.02,17.55,4.55,2207.4,47.3,32.68,1
1821.1,-34.2,81.28,34.59,0.38,3242.4,93.3,18.23,2
4599.6,-38.6,56.97,29.03,1.11,3511.9,80.5,14.6,2
956.8,-32.3,90.35,9.79,2.44,888.7,-11.7,45.66,2
5607.2,-9.2,49.78,16.88,2.21,4861.2,50.4,18.52,1
3470.9,30.0,66.01,45.2,3.24,3080.2,235.7,11.96,2
3383.5,7.8,66.76,35.03,4.73,830.1,151.0,14.82,2
4054.4,20.1,61.2,49.33,0.65,112.4,261.6,10.32,2
5448.1,-5.0,50.86,38.82,2.31,3918.5,184.4,10.42,2
2586.9,-12.9,73.87,47.21,1.04,407.7,193.9,12.91,2
4568.1,-31.9,57.21,12.38,4.48,713.8,4.2,25.57,2
3894.4,25.7,62.49,39.03,4.83,2878.4,197.9,12.75,2
2102.2,18.7,78.49,2.97,2.45,3021.5,22.9,60.52,0
5771.8,-27.4,48.68,34.2,0.61,3437.6,134.7,11.01,2
5284.6,-1.6,52.0,24.53,3.95,1973.6,96.9,15.06,2
4450.7,-3.4,58.1,18.64,3.52,3871.8,60.0,20.28,1
5603.5,6.9,49.8,43.4,1.84,4872.0,230.6,9.33,2
5703.8,31.0,49.13,43.0,4.45,1362.8,253.4,9.27,2
4750.2,3.5,55.85,3.07,4.88,3518.1,8.7,42.73,1
5522.1,0.5,50.36,31.26,2.83,4643.1,141.1,12.21,2
4684.8,-36.2,56.33,19.66,2.87,3434.6,33.2,19.0,2
4580.8,-35.3,57.12,21.95,1.56,3408.7,45.2,17.88,2
4211.7,-25.9,59.96,41.94,2.96,1126.6,168.4,11.54,2
5016.3,-37.6,53.9,16.87,2.25,2680.3,19.7,20.06,2
1451.6,15.8,85.06,47.27,1.58,2817.0,208.7,14.85,2
5785.2,14.2,48.59,10.62,0.43,3503.6,45.8,23.56,1
5731.1,-29.8,48.95,33.81,1.34,4984.1,129.3,11.17,2
675.5,22.7,93.47,34.26,1.07,177.9,140.0,21.12,2
5454.9,-28.4,50.82,14.11,2.76,335.5,17.5,21.08,1
1273.2,-17.4,86.94,17.59,3.05,399.0,30.4,31.51,0
2510.7,-21.3,74.58,42.07,3.08,3717.5,153.7,14.32,2
4961.0,-12.1,54.3,38.57,2.0,690.4,169.6,11.18,2
1464.6,-20.9,84.92,17.8,2.16,3116.0,28.3,30.55,0
5407.8,-3.3,51.14,27.63,4.19,1630.1,114.0,13.59,2
5492.8,-9.4,50.56,4.96,2.43,2292.0,1.2,33.79,2
3544.8,34.0,65.39,12.02,4.94,1086.2,66.4,29.69,1
538.3,-35.8,95.02,25.32,2.25,4331.9,40.4,26.9,2
2222.2,-29.3,77.33,6.13,3.28,2934.9,-17.8,47.95,0
4201.6,-36.0,60.04,42.48,0.35,4723.4,161.7,11.44,2
6387.1,6.9,44.73,36.46,3.3,2877.2,192.0,9.63,2
4290.9,-35.9,59.34,47.29,4.27,628.3,195.3,10.36,2
2058.8,22.7,78.92,35.29,4.72,862.6,155.8,17.43,2
4304.0,-1.6,59.24,47.14,4.99,4945.5,228.7,10.37,2
3739.9,-0.5,63.76,28.62,1.48,3630.6,109.9,16.51,2
5179.1,2.1,52.74,30.81,2.92,255.9,136.7,12.92,2
1141.9,-27.2,88.34,48.89,2.31,3521.9,171.3,15.0,2
5066.2,-25.2,53.54,32.82,2.86,2066.7,120.8,12.5,2
3747.6,-16.1,63.69,3.48,0.87,1543.0,-10.3,47.26,0
6278.0,4.5,45.41,36.74,4.3,778.8,190.1,9.71,2
2551.2,-24.2,74.2,45.46,4.56,4201.1,171.4,13.38,2
4295.7,-31.3,59.3,40.19,2.3,328.6,152.9,11.82,2
6092.2,32.8,46.59,30.02,1.47,1456.3,170.9,11.64,2
1115.1,-38.4,88.63,34.22,0.79,1538.9,81.9,20.04,2
6123.4,20.2,46.39,49.53,3.45,812.9,299.2,7.79,2
4627.3,19.1,56.77,6.35,1.63,2545.8,33.3,34.71,0
907.0,-17.7,90.89,34.03,4.56,68.4,100.1,20.64,1
2305.8,-29.8,76.52,15.6,3.39,1511.9,13.3,29.89,1
4749.0,-29.1,55.86,32.72,3.26,4668.8,113.2,13.07,2
904.1,12.3,90.92,31.17,2.84,1559.5,116.5,22.09,2
3993.0,8.2,61.7,9.37,0.32,1808.7,31.7,31.86,0
2575.3,18.7,73.98,11.92,4.67,2371.1,48.8,33.74,1
4225.5,30.3,59.85,31.84,3.18,2812.8,162.6,14.31,2
774.5,11.9,92.36,8.16,4.97,4045.5,27.7,50.87,1
5729.2,-28.3,48.96,14.73,2.73,959.7,21.4,19.8,1
6340.9,-21.7,45.02,42.09,3.58,4360.0,203.8,8.64,2
6313.3,23.2,45.19,17.7,0.38,3790.2,90.1,16.31,2
4997.9,-24.3,54.03,25.43,3.2,3616.0,77.3,15.25,2
1280.5,-34.6,86.86,47.17,3.85,443.2,155.9,15.19,2
5049.6,12.7,53.66,12.9,3.91,118.0,52.2,23.43,1
647.5,-9.8,93.78,20.7,3.87,2974.1,48.0,30.55,1
632.7,29.0,93.95,31.11,1.21,4317.0,131.2,22.85,2
2441.7,8.8,75.23,38.26,4.88,2926.4,161.4,15.59,2
3431.9,-33.2,66.34,45.28,4.98,1074.0,172.5,12.0,2
5122.4,31.1,53.14,45.94,0.47,461.7,265.7,9.5,2
4599.8,-20.6,56.97,39.28,4.69,3501.0,161.3,11.56,2
3175.4,-14.7,68.56,12.96,1.52,3611.6,20.4,29.86,1
2141.8,-9.8,78.11,3.19,3.48,870.9,-5.2,59.21,0
6482.7,-36.2,44.14,20.42,1.76,150.7,46.6,14.51,2
3057.1,-2.8,69.6,8.79,4.84,2047.3,17.5,37.03,1
3208.3,-30.8,68.27,36.1,0.6,2917.8,116.9,14.81,2
1481.7,-9.9,84.75,33.73,2.54,3533.0,110.6,19.38,2
5268.9,-13.7,52.11,4.11,2.2,4051.6,-5.6,36.93,0
4662.1,18.0,56.5,42.16,1.7,3056.6,219.7,10.83,2
1824.6,20.2,81.24,13.94,3.26,563.3,56.0,33.94,0
994.3,-28.5,89.94,22.75,0.74,3416.1,38.9,27.46,1
4583.0,-12.5,57.1,34.06,3.61,4921.0,136.4,12.96,2
4427.1,-12.0,58.29,22.61,4.9,4528.9,71.0,17.87,2
2139.6,-28.6,78.13,23.18,4.04,4359.6,45.6,23.55,1
6205.2,19.9,45.87,5.15,4.31,1517.8,31.7,30.28,1
1406.3,13.0,85.53,21.27,1.86,3756.4,76.0,27.35,1
3094.0,-25.7,69.27,38.71,1.69,4257.0,136.0,14.22,2
6161.7,-12.5,46.14,45.93,2.63,3394.8,239.2,8.25,2
3018.4,-32.1,69.94,21.85,0.32,1260.3,40.2,21.96,2
4331.2,7.1,59.03,22.33,4.73,4769.6,88.2,18.26,1
2885.6,-30.9,71.13,35.73,0.8,2259.6,111.7,15.56,2
2145.3,33.9,78.07,47.25,4.52,657.7,235.3,13.64,2
6403.9,18.6,44.63,14.82,0.51,557.8,71.1,17.98,2
2956.0,-10.7,70.5,23.13,4.13,3241.1,67.2,21.28,1
5864.6,3.4,48.06,40.21,0.84,2194.2,208.1,9.57,2
1879.7,28.4,80.69,31.27,0.29,481.5,139.4,19.55,2
1778.6,1.6,81.7,7.31,3.63,3704.4,16.0,47.21,0
686.8,-26.9,93.34,32.13,1.47,3998.6,80.4,22.16,1
4410.0,-11.6,58.42,10.96,3.6,3629.8,18.5,27.87,1
2711.2,23.2,72.72,26.49,2.82,1019.3,116.0,19.93,2
5686.1,8.3,49.25,27.4,0.63,3452.0,126.5,13.17,2
3339.3,8.8,67.14,44.06,4.67,63.5,205.6,12.42,2
6309.2,25.0,45.21,24.2,2.32,1532.5,128.7,13.22,2
1613.2,27.0,83.39,15.41,3.7,2000.1,67.6,32.81,0
5711.7,29.0,49.08,13.09,2.56,4177.9,71.1,21.26,1
5159.6,-32.9,52.88,43.96,3.06,1958.1,188.2,9.8,2
5125.5,0.8,53.12,10.21,1.58,66.2,29.4,26.29,1
5568.7,15.5,50.04,22.44,1.08,1768.2,104.2,15.42,2
5066.1,16.8,53.54,10.98,2.76,2499.6,48.3,25.52,1
4257.3,5.5,59.6,39.12,2.26,4745.5,182.4,12.13,2
1287.5,-27.5,86.78,24.77,2.01,4705.8,49.8,24.96,1
695.2,19.8,93.25,18.85,3.4,912.6,70.7,32.32,0
6025.1,14.0,47.02,19.33,3.48,933.9,88.2,16.03,2
4199.9,-33.5,60.05,42.91,0.33,825.3,167.0,11.35,2
5279.2,-5.2,52.03,28.58,1.76,3946.7,116.8,13.49,2
3389.1,-27.0,66.71,36.46,2.12,40.0,124.5,14.36,2
1203.8,-14.7,87.67,45.06,0.57,644.6,163.1,15.92,2
1251.1,-38.6,87.17,45.28,1.26,2694.4,140.9,15.77,2
4613.4,-10.0,56.87,17.77,0.35,1245.3,50.0,20.48,1
3081.8,1.2,69.38,47.72,4.98,470.9,217.7,12.02,2
1703.1,6.5,82.47,3.19,3.71,1805.8,11.0,62.5,0
3449.6,9.8,66.19,20.09,0.53,1378.3,75.8,22.0,1
885.3,22.7,91.13,45.0,0.2,2560.4,196.7,16.57,2
3991.8,-23.8,61.71,15.18,3.62,4896.4,22.4,24.5,1
2114.0,-31.0,78.38,15.11,2.25,630.3,9.7,31.22,2
5285.4,23.9,51.99,16.53,3.96,1869.9,80.5,19.6,1
2362.2,-28.3,75.98,31.39,4.63,4660.6,86.9,18.36,1
3231.3,33.1,68.07,23.04,3.04,4385.6,112.0,20.6,2
569.7,23.2,94.67,36.88,1.02,1977.4,152.4,20.19,2
934.7,-2.4,90.59,44.96,3.93,3497.8,171.9,16.48,2
2855.0,33.6,71.41,34.36,4.78,448.4,168.4,16.1,2
3379.6,-32.7,66.79,11.81,2.94,3565.6,-1.4,30.62,2
4100.1,-17.3,60.84,46.77,3.44,4864.6,207.5,10.72,2
2250.0,7.9,77.06,14.7,1.75,2692.1,47.4,31.2,0
4669.9,-13.7,56.45,9.19,1.97,2497.5,10.2,29.41,1
5660.7,29.6,49.42,6.32,3.7,944.7,44.8,30.28,0
5179.1,-35.1,52.74,29.04,4.65,3172.6,88.8,13.51,2
737.7,1.2,92.77,7.46,3.18,2956.3,15.1,53.13,0
3383.0,4.3,66.76,8.66,3.97,3263.1,24.6,35.77,1
1129.6,9.0,88.47,16.4,0.94,140.2,51.9,33.51,0
1952.3,-20.8,79.97,15.52,1.14,2748.1,21.0,31.34,0
6420.0,-12.7,44.53,31.0,2.71,2978.7,135.1,10.86,2
1355.0,23.3,86.07,41.2,0.97,1045.6,181.6,16.81,1
3493.3,-25.4,65.82,38.54,3.21,1049.6,139.5,13.56,2
4208.9,22.0,59.98,14.6,1.53,1388.3,66.4,24.38,1
4714.8,2.2,56.11,13.77,3.98,3561.5,44.5,23.6,1
3857.9,17.2,62.79,48.36,4.06,3035.3,249.0,10.76,2
558.6,13.5,94.79,2.4,2.37,4230.4,16.3,76.47,0
2458.8,-24.4,75.07,44.23,0.99,1485.3,162.7,13.84,2
3606.3,2.7,64.87,11.59,3.27,4561.2,33.5,30.05,0
1027.2,25.1,89.58,47.47,4.96,3721.1,214.2,15.59,2
2603.8,-7.6,73.71,18.43,3.15,1981.1,47.9,25.93,1
699.2,32.5,93.2,23.14,0.28,485.4,100.3,28.13,1
971.5,-6.1,90.19,35.94,0.18,1292.3,121.6,19.63,2
2881.5,-29.3,71.17,30.21,1.67,4784.3,83.4,17.7,2
1296.3,-10.8,86.69,17.26,1.06,1558.7,35.9,31.8,0
3905.2,31.4,62.41,28.58,4.08,1656.2,142.8,16.17,2
4636.8,-16.0,56.69,37.07,4.24,956.0,152.2,12.04,2
5303.5,25.1,51.86,4.03,1.37,4036.2,33.0,36.96,0
1700.9,26.1,82.49,2.54,1.7,1385.5,29.4,65.8,0
1504.9,-13.7,84.51,23.99,1.26,1658.0,61.2,24.86,1
1127.4,-33.8,88.49,8.33,4.55,2077.6,-17.1,48.28,2
4318.6,14.3,59.12,33.89,2.56,2174.3,159.6,13.47,2
4738.9,-16.6,55.93,12.27,3.32,2062.6,19.4,25.11,1
689.5,18.7,93.31,22.78,2.14,2523.7,85.0,28.47,1
6117.3,-6.8,46.43,11.49,3.19,4074.4,29.2,21.61,1
811.8,-3.6,91.94,28.33,1.99,4098.2,87.0,23.99,1
3747.8,18.3,63.69,7.57,1.76,3993.6,35.5,36.25,0
4754.4,-11.3,55.82,3.11,3.21,514.6,-6.0,42.58,0
5725.8,-6.8,48.98,4.45,3.0,4000.4,2.6,33.89,0
4784.5,-11.8,55.59,47.8,1.54,610.1,230.7,9.62,2
5310.4,-12.4,51.82,8.83,0.83,632.4,11.2,27.52,1
2536.7,-0.6,74.34,36.01,1.91,4739.8,140.5,16.16,2
5389.0,20.7,51.27,5.26,2.13,4098.8,32.2,33.6,0
980.7,-12.9,90.09,7.19,3.18,2766.5,0.6,52.4,0
5868.9,-0.7,48.04,26.43,4.58,4376.1,113.1,13.19,2
3785.6,10.3,63.38,24.31,0.28,4946.9,98.4,18.47,1
5403.8,-19.8,51.17,47.68,1.29,3057.1,232.0,8.87,2
3213.9,-19.2,68.22,47.35,1.05,3068.4,196.8,11.9,2
4361.5,30.0,58.79,39.42,2.56,3774.6,210.0,11.9,2
3658.4,14.3,64.43,30.9,2.21,1168.4,136.5,15.75,2
4889.5,3.3,54.82,23.84,3.67,844.0,95.5,16.2,2
989.8,8.6,89.99,19.1,1.29,3800.3,61.3,30.93,0
862.1,-37.8,91.39,47.46,3.01,1731.1,149.4,15.9,2
1982.6,6.4,79.67,30.94,4.43,684.0,116.5,19.46,2
1457.3,-1.8,85.0,29.8,4.56,1581.2,99.4,21.36,1
5730.7,0.9,48.95,13.13,4.8,1799.6,43.3,21.16,1
1815.3,-13.0,81.34,4.24,3.89,4826.5,-6.3,57.11,1
6355.2,-33.9,44.93,47.37,4.54,3492.8,232.4,7.83,2
2521.4,-25.5,74.48,17.06,1.25,2659.0,24.0,27.53,1
1592.7,31.3,83.6,23.24,1.07,4844.7,103.4,25.15,1
5238.2,-9.3,52.32,7.5,0.13,4516.7,9.4,29.89,1
4452.2,-5.0,58.09,42.17,3.56,2564.9,194.0,11.13,2
3489.2,-36.0,65.86,3.33,4.69,4529.3,-30.7,49.42,2
3832.2,-37.2,63.0,42.03,1.02,2027.5,153.0,12.11,2
4815.2,13.8,55.37,8.73,3.22,1159.8,36.3,29.55,1
1870.7,0.4,80.78,44.56,3.76,1171.1,182.6,14.81,2
6478.0,-1.8,44.17,37.03,4.65,3315.0,188.4,9.39,2
6348.8,-21.8,44.97,9.9,3.27,2510.3,8.0,22.59,1
4402.0,15.9,58.48,29.16,4.85,3298.2,134.2,14.93,2
1697.3,-27.4,82.53,17.01,1.79,3433.5,19.4,30.56,0
4581.4,-25.8,57.11,10.56,1.81,121.4,3.1,27.78,1
933.2,-5.4,90.61,43.24,2.76,279.7,159.6,17.02,2
683.9,-18.5,93.37,21.37,1.98,2668.1,42.1,29.77,1
2046.1,-21.4,79.04,21.13,0.11,963.3,43.4,25.39,1
3275.7,8.4,67.68,10.15,3.69,3166.3,33.5,33.58,0
5709.6,8.8,49.09,20.39,3.78,2765.4,87.1,16.15,2
4863.0,21.8,55.02,43.84,3.76,2932.9,237.8,10.22,2
4956.2,-8.7,54.34,19.43,1.79,1519.3,60.9,18.46,1
3053.0,-34.5,69.64,47.68,2.66,3202.8,181.3,12.07,2
2575.6,-19.5,73.98,47.42,1.86,4149.2,188.4,12.88,2
2726.2,33.5,72.58,8.96,0.18,4990.4,53.8,38.29,0
6425.9,4.7,44.49,10.51,2.86,4193.8,37.2,21.69,1
740.7,13.2,92.74,43.41,0.71,2791.9,177.3,17.36,2
5702.2,-39.4,49.14,20.85,0.49,975.2,41.3,15.93,2
3972.1,-1.1,61.87,2.21,3.8,3410.4,2.0,50.67,1
3131.7,-37.2,68.94,15.15,0.15,4688.9,6.4,27.42,2
4851.5,2.7,55.1,30.69,4.8,1067.2,133.6,13.54,2
3420.0,29.1,66.44,40.36,2.62,1287.4,204.1,13.19,2
5740.5,32.6,48.88,8.4,4.92,753.6,55.3,26.56,1
5904.2,0.5,47.8,7.31,0.38,3686.2,19.4,27.62,1
3030.3,-5.6,69.84,46.26,2.96,2038.7,201.0,12.41,2
2161.0,30.9,77.92,38.06,1.81,322.9,179.7,16.21,2
4054.1,10.5,61.21,30.31,4.23,4376.0,132.6,15.18,2
5974.2,-35.1,47.35,38.92,1.87,2792.8,161.9,9.68,2
1764.0,-5.1,81.85,22.59,1.38,1662.2,64.9,25.12,1
4237.8,-22.0,59.75,38.41,4.3,1726.5,150.2,12.34,2
4289.4,-4.8,59.35,19.85,1.94,1458.4,63.8,19.89,1
4898.7,-5.8,54.76,13.72,0.18,2282.8,36.7,23.09,1
1289.4,3.7,86.76,36.99,2.01,1691.8,139.2,18.46,2
4794.9,-13.2,55.52,22.14,3.31,2744.3,69.4,17.27,2
5954.2,-27.7,47.48,49.11,1.35,3869.9,244.8,8.03,2
1578.1,-2.2,83.75,18.78,2.22,3375.6,51.2,29.1,1
1925.3,22.3,80.24,46.24,0.38,1479.3,214.9,14.27,2
6328.4,9.8,45.09,46.78,2.98,2648.4,271.0,7.94,2
1585.9,-14.6,83.67,13.61,3.81,4202.2,19.4,35.44,1
5626.3,30.2,49.65,40.31,2.13,350.3,232.3,9.87,2
3453.7,28.4,66.16,22.79,2.16,400.7,107.2,20.18,2
1983.4,-24.3,79.66,46.04,0.53,2785.3,167.9,14.21,2
5724.5,-37.0,48.99,23.61,1.09,3199.2,59.1,14.58,2
3171.8,15.6,68.59,37.73,0.86,1065.0,172.3,14.37,2
3588.9,22.1,65.01,24.41,2.46,3728.6,109.6,18.89,2
2655.4,32.6,73.24,12.93,2.69,3234.9,66.5,31.93,0
4057.7,26.7,61.18,11.57,4.75,4617.2,58.5,28.36,1
1481.1,5.0,84.75,22.42,0.46,853.1,73.1,26.14,1
2846.5,-0.2,71.49,38.26,3.04,3759.4,156.3,14.81,2
6316.5,-37.9,45.17,31.04,2.68,427.4,109.1,11.01,2
2048.8,-21.5,79.01,35.05,2.63,2830.8,110.2,17.54,2
4440.4,-5.5,58.18,15.55,4.38,2764.0,43.7,22.77,1
2451.1,7.1,75.14,25.11,1.11,1948.0,91.8,21.4,1
5140.8,1.8,53.01,4.13,0.3,4224.4,9.9,37.51,0
1285.2,15.7,86.81,41.24,3.39,31.8,173.5,16.94,2
6318.9,-19.0,45.15,49.51,1.79,2605.7,263.6,7.59,2
3222.7,2.4,68.15,21.53,0.19,1093.6,74.1,21.61,1
1916.3,-33.4,80.32,2.53,1.33,3720.1,-30.1,64.13,2
941.0,-9.0,90.52,10.15,1.62,224.9,12.7,44.92,0
1518.5,16.3,84.36,33.32,3.12,4159.5,135.0,19.47,2
3618.6,12.0,64.77,31.38,0.95,4192.1,136.6,15.65,2
2522.0,34.3,74.48,39.82,2.12,4166.0,196.5,14.95,2
5473.3,-19.2,50.69,14.19,2.46,771.3,27.2,20.96,1
3085.3,-2.6,69.35,38.65,2.35,3155.7,158.6,14.25,2
1992.3,-15.3,79.57,35.02,4.87,81.7,115.8,17.67,2
4202.9,-7.0,60.03,17.5,0.32,4241.3,50.2,21.83,1
4740.7,24.3,55.92,28.18,4.76,3617.6,139.7,14.64,2
1502.3,11.3,84.53,9.07,2.95,2660.5,30.5,44.33,0
1505.7,26.2,84.5,23.72,4.0,3655.7,99.9,25.06,1
720.0,-24.7,92.97,44.3,2.21,480.7,143.8,17.12,2
4918.4,25.5,54.61,22.22,2.32,2648.0,109.2,16.95,2
4482.8,-35.5,57.86,42.3,4.41,1463.5,164.8,11.06,2
3347.8,26.6,67.06,30.33,4.49,4863.4,143.4,16.63,2
5565.0,-15.3,50.06,11.21,1.27,4287.0,18.2,23.6,1
5334.0,-16.4,51.65,29.89,1.08,3669.0,114.0,12.95,2
4012.1,-1.6,61.54,26.29,2.53,4669.4,98.2,16.96,2
5709.6,30.6,49.09,21.13,4.51,1740.7,112.9,15.77,2
1735.0,-36.4,82.15,7.74,1.68,4505.4,-20.8,46.3,2
1171.5,-13.6,88.02,22.0,3.29,1632.9,51.4,27.5,1
2118.5,24.2,78.33,5.49,3.57,3666.7,34.1,50.56,0
842.5,-10.3,91.6,6.74,3.92,3684.7,1.9,54.72,1
3687.0,-25.1,64.2,21.96,2.86,101.6,50.9,20.08,1
6119.6,-8.1,46.41,16.66,2.07,1811.7,52.5,17.41,2
736.1,-11.1,92.79,46.43,4.84,107.0,169.1,16.44,2
1232.7,28.7,87.37,20.03,3.1,4985.5,85.9,29.09,1
3213.2,17.1,68.23,38.38,3.67,619.8,178.1,14.1,2
6103.3,-2.1,46.52,27.45,1.79,2718.6,119.8,12.42,2
2396.9,34.1,75.65,35.8,3.38,3954.9,172.8,16.52,2
3543.4,-5.1,65.4,14.49,1.36,1014.3,36.9,26.71,1
749.4,-35.6,92.64,47.21,1.3,2430.4,149.0,16.19,2
1390.1,-20.3,85.7,27.44,3.6,3041.1,69.5,22.89,1
6419.8,-7.3,44.53,41.9,2.65,809.4,218.0,8.58,2
6290.7,-28.2,45.33,19.52,3.45,3895.0,48.4,15.35,2
529.6,31.1,95.12,6.81,1.42,1503.7,43.2,56.59,0
6210.9,17.5,45.83,34.34,3.03,1063.0,185.6,10.34,2
4334.7,-19.9,59.0,2.37,2.28,2795.9,-16.4,47.69,0
5707.5,4.3,49.1,24.81,3.03,2057.5,107.3,14.1,2
3228.4,14.1,68.1,11.25,1.53,4602.2,43.0,32.04,0
3593.6,30.6,64.98,32.11,3.61,4401.5,159.1,15.43,2
3433.1,26.1,66.33,49.01,4.05,2421.9,256.0,11.24,2
4501.2,-1.4,57.72,24.29,1.37,1802.7,90.9,16.83,2
1337.9,18.1,86.25,41.24,1.57,1634.3,176.4,16.83,2
679.8,2.2,93.42,26.37,3.34,1345.1,83.5,25.68,1
2347.6,1.5,76.12,25.8,3.51,2727.3,88.8,21.26,1
4728.1,-31.4,56.01,46.66,3.55,4026.8,202.1,9.89,2
1711.1,-30.5,82.39,44.72,3.45,1560.7,150.9,15.06,2
4540.6,-0.3,57.42,39.72,2.02,958.6,183.8,11.55,2
6319.5,-19.8,45.15,16.22,2.03,2382.7,39.4,17.22,2
1063.4,-38.4,89.19,28.16,1.35,354.5,52.8,23.37,2
4535.6,14.2,57.46,12.75,0.87,3509.4,51.7,25.26,1
3162.5,-37.6,68.67,23.31,3.49,2596.6,42.2,20.62,2
5708.9,4.6,49.1,25.24,0.56,2486.9,110.2,13.93,2
1562.9,0.4,83.91,41.92,4.7,1509.2,164.7,16.16,0
4655.8,32.7,56.55,45.01,4.15,4524.3,253.6,10.28,2
5528.7,-3.7,50.31,21.9,4.3,461.5,81.8,15.77,2
6167.7,-35.2,46.11,2.85,4.54,4350.4,-30.1,35.88,2
4599.5,1.4,56.97,43.37,2.1,1889.8,210.4,10.68,2
3483.0,23.1,65.91,10.37,4.25,4404.3,49.3,32.36,1
4207.1,34.8,59.99,31.85,0.87,3646.5,167.0,14.34,2
5713.4,-7.7,49.06,3.2,0.21,529.8,-1.9,37.17,0
3923.7,-16.0,62.26,21.18,3.95,4159.4,57.3,19.97,2
682.3,28.0,93.39,49.33,0.47,3414.1,223.5,15.74,2
6085.7,-25.7,46.63,6.83,4.94,171.2,-8.3,27.7,1
4637.2,6.2,56.69,22.34,3.41,677.2,88.9,17.53,2
4559.1,-9.6,57.28,16.74,3.79,3181.8,45.4,21.42,1
1794.1,-36.9,81.55,45.44,1.3,3316.4,149.6,14.71,0
4453.3,-14.0,58.08,43.73,3.4,3735.8,195.5,10.81,2
2863.2,-20.1,71.34,13.41,0.31,3604.0,16.0,30.47,0
4407.4,11.5,58.44,5.9,4.21,3301.0,24.1,36.76,1
1139.6,31.2,88.36,32.1,0.93,3833.5,141.3,20.99,2
4447.1,-19.9,58.13,18.15,3.52,2879.7,41.2,20.65,1
6496.5,20.9,44.06,34.26,1.2,1311.3,191.7,9.95,2
789.3,-35.8,92.2,3.54,0.44,4562.8,-30.9,68.08,2
6363.0,0.4,44.88,8.4,2.46,100.9,24.0,24.39,1
2941.4,-34.7,70.63,34.95,0.93,1839.1,104.0,15.71,2
5724.5,30.1,48.99,12.19,3.67,3647.1,68.2,22.07,1
5194.3,17.5,52.63,43.16,1.26,2141.5,233.5,9.9,2
3902.1,9.3,62.43,4.81,1.78,133.9,18.5,42.15,0
4930.7,21.8,54.52,12.34,2.88,339.2,58.6,24.4,1
5771.1,8.6,48.68,49.93,1.5,3246.7,284.0,8.12,2
2924.8,32.7,70.78,22.79,1.95,4824.7,108.8,21.59,2
2462.2,13.5,75.04,35.74,4.1,2763.8,152.5,16.4,2
4505.6,29.3,57.69,10.77,0.98,2538.7,58.9,27.78,1
5347.1,-1.2,51.56,31.27,0.5,1598.4,137.8,12.49,2
5073.7,-31.2,53.49,36.85,1.71,1290.9,140.5,11.42,2
5286.9,-0.4,51.98,17.09,2.18,114.7,59.0,19.18,1
3113.5,-30.5,69.1,41.79,2.76,1372.0,149.7,13.34,2
5407.0,4.4,51.15,30.96,1.92,2251.1,142.1,12.49,2
1221.3,-3.8,87.49,20.68,3.97,997.8,56.0,28.52,2
3766.9,6.7,63.54,28.77,0.29,445.9,118.1,16.39,2
534.6,-39.2,95.07,29.68,2.22,3591.5,55.9,23.96,2
2447.5,-25.4,75.18,9.95,1.97,4474.2,-2.2,37.69,0
2698.8,-3.2,72.84,21.33,3.27,4684.5,65.3,23.25,1
2877.0,31.3,71.21,18.48,4.83,3093.8,87.9,25.0,1
4672.8,-11.2,56.42,21.24,2.6,273.3,66.1,18.06,1
2831.3,-8.2,71.63,38.53,4.94,3706.9,149.8,14.76,2
3192.2,13.6,68.41,25.16,1.58,559.4,102.6,19.46,1
1925.3,5.3,80.24,47.14,0.25,3352.0,203.2,14.04,2
2739.5,-17.6,72.46,16.1,0.91,3899.0,28.7,27.77,1
1863.6,-9.2,80.85,21.95,2.04,3632.1,58.5,25.3,1
939.2,-23.7,90.54,39.77,1.65,4759.9,123.2,18.19,0
4120.7,32.5,60.68,28.21,0.58,3693.3,143.4,15.88,2
4509.3,-30.2,57.66,28.26,2.22,3469.1,83.8,15.07,2
4216.9,-12.1,59.92,4.56,1.76,1316.1,-3.4,41.15,0
3281.0,-38.1,67.64,21.13,0.7,4624.6,32.0,21.73,2
2778.7,-23.4,72.1,15.0,1.55,905.9,18.6,28.85,1
5680.0,18.5,49.29,49.97,4.44,4525.4,292.5,8.22,2
3614.5,-24.9,64.8,16.8,1.58,1570.2,27.0,24.18,1
3375.1,-34.0,66.83,44.46,3.6,659.5,165.8,12.27,2
653.9,-4.4,93.71,34.46,3.1,4135.1,113.7,21.08,2
2547.5,-39.3,74.24,18.36,2.19,22.5,15.7,26.17,2
2781.2,-33.6,72.08,28.09,1.27,4162.1,67.5,18.92,2
2892.9,20.6,71.07,42.35,1.91,1318.9,201.6,13.58,2
3981.0,17.9,61.79,44.4,3.0,4424.8,225.3,11.36,2
3701.6,28.6,64.08,9.7,1.82,3460.5,52.8,32.53,0
4147.4,24.1,60.47,18.3,1.15,3334.3,84.7,21.37,1
5089.3,11.2,53.38,18.09,0.67,1832.9,74.7,19.0,1
5377.9,-36.1,51.35,4.02,4.41,306.4,-28.2,36.63,2
4808.7,18.7,55.41,30.72,2.26,4152.1,149.5,13.61,2
6233.1,23.4,45.69,43.03,3.16,862.8,254.3,8.62,2
609.4,19.9,94.22,20.32,2.5,1867.6,76.1,31.08,0
1674.7,-1.9,82.76,37.52,4.38,3005.8,139.7,17.42,2
545.4,-22.5,94.94,32.13,2.78,2416.4,83.9,22.54,1
4384.8,23.4,58.61,20.03,2.46,1001.3,93.3,19.52,1
5888.2,14.5,47.91,8.77,4.63,711.7,38.9,25.52,1
1960.9,33.6,79.88,36.05,3.63,625.0,169.8,17.35,2
6062.2,-28.3,46.78,43.02,0.65,4316.4,199.7,8.82,2
861.6,-23.1,91.39,34.92,0.97,167.5,98.8,20.35,1
6106.6,-24.1,46.5,2.86,3.96,4885.3,-19.0,36.16,1
2609.7,19.4,73.66,12.38,4.2,1000.7,51.2,32.91,1
1108.5,-26.0,88.7,5.34,2.77,560.5,-17.1,57.84,0
3415.2,-35.0,66.48,29.38,2.82,2889.1,77.2,16.88,2
2040.7,34.9,79.09,38.31,3.2,409.1,184.0,16.37,2
2209.2,-38.1,77.45,7.31,2.25,3016.2,-23.3,44.75,2
2343.7,22.6,76.16,42.24,3.43,4254.6,196.9,14.58,2
5318.2,-12.6,51.76,28.66,0.63,249.0,110.2,13.39,2
3735.0,23.1,63.8,35.12,4.81,4001.3,170.1,14.14,2
2367.8,1.6,75.93,48.63,3.78,1978.4,214.1,12.95,2
4162.0,27.6,60.35,6.02,3.19,805.9,40.4,37.68,0
4796.9,29.5,55.5,45.26,1.65,888.7,254.3,10.04,2
2135.7,-39.3,78.16,8.05,0.89,4594.6,-22.4,43.3,2
2981.3,-34.3,70.28,20.86,2.11,561.9,33.2,22.77,2
1231.3,-21.2,87.38,42.87,3.34,4335.2,144.8,16.53,2
1586.9,10.2,83.66,45.5,3.21,2725.8,194.7,15.07,2
4586.7,26.6,57.07,26.31,1.97,204.9,130.3,15.72,2
1588.6,-5.5,83.64,30.52,3.11,2327.7,100.0,20.64,1
3651.0,5.5,64.5,35.99,4.09,4089.1,156.8,14.02,2
4754.3,-25.9,55.82,41.97,0.23,3633.8,175.8,10.74,2
1141.3,20.4,88.35,7.83,2.31,2449.0,35.7,49.54,0
3903.9,32.5,62.42,40.88,3.82,4301.6,216.4,12.27,2
2039.4,-19.9,79.11,25.1,2.78,610.6,62.6,22.54,1
6277.6,-2.9,45.41,23.63,3.29,4550.6,97.2,13.5,2
3401.3,-33.5,66.6,22.35,2.63,4233.7,42.9,20.59,2
5336.0,1.9,51.64,26.44,4.96,3544.3,111.8,14.17,2
3801.4,-2.3,63.25,47.36,0.37,4091.3,222.1,11.03,2
760.5,-29.2,92.52,28.31,2.51,2723.6,61.1,24.15,1
4298.9,-6.8,59.28,47.75,0.55,3379.1,227.6,10.26,2
6208.4,-14.9,45.85,10.65,0.88,2807.4,17.7,22.2,1
4109.7,-0.9,60.76,36.76,1.98,1783.6,159.7,13.0,2
5415.1,3.9,51.09,40.99,0.86,2848.6,207.9,10.02,2
5805.2,-39.4,48.45,34.6,4.82,1294.8,125.8,10.86,2
1868.5,17.1,80.8,31.13,4.74,2207.0,127.4,19.64,2
1772.3,13.5,81.77,29.11,1.75,1411.1,113.3,20.91,2
4165.9,-12.5,60.32,43.32,3.23,623.2,190.3,11.31,2
2966.2,-36.0,70.41,41.44,2.72,1616.1,140.4,13.69,2
5539.2,16.6,50.24,7.87,4.1,4261.4,37.0,28.11,1
5900.1,31.6,47.83,42.73,3.17,1911.6,255.1,9.07,2
2620.5,-22.0,73.56,21.88,0.1,3742.5,48.6,23.08,1
1921.2,-15.7,80.28,14.18,3.84,884.2,21.1,33.2,1
5183.2,-26.2,52.71,43.75,3.76,2127.9,193.8,9.81,2
2148.8,3.3,78.04,22.74,2.6,583.1,75.6,23.84,1
5435.7,-28.4,50.95,40.8,4.52,701.7,174.5,10.03,2
3042.4,-13.3,69.73,14.64,4.55,3091.0,28.0,28.3,1
4505.3,12.3,57.69,2.19,2.67,3041.3,15.5,47.33,0
1073.2,2.0,89.08,25.78,3.08,1074.7,82.7,24.89,1
4243.2,-11.0,59.71,6.81,4.98,2377.4,4.3,35.52,1
3210.6,-8.5,68.25,38.21,1.56,4317.9,151.5,14.16,2
4019.7,2.2,61.48,15.25,1.69,879.3,48.7,24.35,1
1508.1,-39.6,84.47,23.29,1.0,105.9,32.3,25.37,2
4921.2,-34.1,54.59,6.18,4.49,3263.5,-20.2,33.74,1
5676.8,26.1,49.31,15.76,3.75,277.0,80.6,19.14,1
1800.4,-34.2,81.48,39.51,0.62,4899.9,119.2,16.46,2
1074.3,13.0,89.07,9.28,4.91,3052.0,32.3,46.21,1
641.8,29.0,93.85,33.06,3.68,2357.3,140.4,21.79,2
4351.8,-19.7,58.87,46.04,4.27,2155.7,203.8,10.5,2
4142.6,-12.2,60.5,34.63,0.34,2869.6,135.8,13.56,2
3780.2,2.7,63.43,40.93,2.57,462.2,185.3,12.45,2
1891.7,26.1,80.57,7.23,3.52,4650.8,40.4,46.76,0
2845.4,30.6,71.5,14.04,2.76,3132.0,69.1,29.75,1
4066.9,15.5,61.11,44.94,3.37,928.1,227.6,11.12,2
3480.6,-33.5,65.93,36.33,4.11,2817.3,118.1,14.23,2
6426.7,10.2,44.49,32.7,1.93,674.9,169.5,10.42,2
1318.6,-9.2,86.45,33.86,4.26,97.6,110.8,19.71,2
4670.9,-4.7,56.44,21.88,0.9,3156.3,75.9,17.7,2
2925.9,-36.3,70.77,4.14,1.43,3245.9,-29.3,50.06,2
3069.2,-25.7,69.49,39.65,0.31,2922.6,141.3,14.0,2
4805.6,19.3,55.44,34.58,1.89,925.6,173.6,12.44,2
4654.6,-6.0,56.56,24.69,1.96,3021.1,89.4,16.3,2
6447.5,-17.4,44.36,45.19,4.05,292.0,233.5,8.04,2
1270.4,-11.2,86.97,18.14,3.3,3050.1,38.7,30.91,0
1124.7,24.1,88.52,16.13,2.24,2774.5,66.1,33.88,0
4846.0,16.2,55.14,43.89,3.3,3279.7,232.2,10.23,2
3970.3,-19.6,61.88,40.26,0.36,4478.4,161.1,12.31,2
2145.0,-31.2,78.07,26.72,0.98,4253.3,59.4,21.26,2
976.5,-21.1,90.13,8.28,3.17,4903.5,-4.8,49.32,0
1013.9,29.1,89.72,12.32,3.24,4881.4,57.7,40.19,0
5865.1,3.6,48.06,33.5,3.89,3863.9,162.1,11.05,2
1651.2,0.0,83.0,20.48,2.07,4782.5,60.6,27.23,1
2440.2,4.7,75.25,42.15,3.64,4337.7,179.5,14.43,2
1859.9,-12.5,80.89,47.6,3.45,3640.6,187.3,14.04,2
2630.0,20.5,73.47,40.67,4.82,386.2,188.8,14.5,2
916.5,-0.8,90.79,20.12,1.15,254.8,55.8,30.14,0
3614.4,-31.2,64.8,39.86,2.8,4189.6,142.9,13.0,2
905.7,-30.3,90.91,18.87,3.05,2453.4,21.3,31.49,2
5302.1,0.3,51.87,10.02,4.99,4074.9,28.4,25.91,1
1902.3,30.2,80.46,3.6,1.09,1571.5,35.6,59.15,0
3740.1,-16.9,63.76,20.51,2.66,1994.3,52.4,20.89,1
5780.5,25.2,48.62,45.37,1.8,3503.9,266.2,8.78,2
4405.3,17.3,58.45,13.47,2.68,4577.5,57.5,24.9,1
3697.7,-21.4,64.11,11.91,1.24,447.9,10.9,29.26,1
2446.0,-37.3,75.19,48.55,0.33,4308.8,175.8,12.84,2
2498.0,-32.4,74.7,3.2,2.91,3967.1,-27.6,56.59,2
4516.9,14.6,57.6,39.72,1.75,1584.5,198.4,11.59,2
6464.8,-25.0,44.25,17.43,0.99,1782.5,41.1,16.13,2
4471.0,-12.2,57.95,3.8,1.69,241.8,-5.3,41.99,2
3846.7,-2.4,62.88,46.05,0.34,88.5,214.0,11.22,2
4883.9,14.4,54.86,8.7,4.76,2390.3,36.9,29.33,1
3291.2,-31.5,67.55,28.49,2.95,486.7,75.1,17.55,2
860.9,-9.5,91.4,15.15,4.09,978.1,28.3,36.34,1
3873.8,-3.6,62.66,5.13,2.17,4235.4,6.4,41.42,0
6245.8,0.6,45.61,4.4,4.53,2859.4,10.0,31.68,1
1551.8,21.4,84.02,7.55,2.47,3171.8,36.3,47.88,0
4640.0,-27.1,56.67,5.43,2.91,945.5,-15.7,36.74,0
1705.6,20.6,82.44,38.51,2.51,4145.0,167.7,17.0,2
3715.0,12.0,63.96,25.31,3.69,4341.2,104.8,18.12,1
1080.1,1.7,89.01,18.46,2.88,2621.4,52.3,31.28,0
3202.2,12.5,68.32,22.08,1.43,4563.7,86.6,21.3,1
5037.0,-9.1,53.75,46.59,0.81,4225.7,228.8,9.5,2
2585.4,-29.6,73.88,45.72,3.07,3659.3,168.0,13.26,2
4489.5,9.9,57.81,36.35,2.5,3673.0,172.0,12.47,2
5272.7,-0.6,52.08,44.46,0.57,535.9,225.7,9.56,2
6063.1,8.0,46.77,17.34,2.04,1361.5,71.9,17.11,2
1907.9,-14.7,80.41,20.29,2.62,343.6,46.1,26.54,1
2895.9,28.0,71.04,31.46,4.15,53.3,147.4,17.14,2
1414.5,4.1,85.45,31.93,0.47,800.0,115.2,20.38,2
6454.9,-33.6,44.31,25.12,1.81,4403.6,76.8,12.62,2
6062.0,-6.3,46.78,21.23,4.13,1207.0,78.6,14.98,2
3739.7,16.7,63.76,49.34,3.28,4851.1,253.4,10.75,2
5552.2,19.6,50.15,41.41,1.52,2990.5,228.4,9.75,2
3625.7,-2.9,64.71,22.88,4.24,1193.9,77.2,19.68,1
4241.5,27.1,59.72,36.91,2.52,2490.7,190.0,12.73,2
1034.7,-19.9,89.5,14.94,2.54,1103.3,17.6,35.89,0
5031.6,-9.2,53.79,6.81,4.89,4920.0,6.9,32.0,1
1266.3,27.4,87.01,18.92,4.74,4237.9,80.3,30.09,1
5456.4,27.2,50.81,21.34,1.86,140.9,109.2,16.21,2
5192.2,11.4,52.65,2.79,0.79,4739.4,16.1,41.15,0
4752.5,24.4,55.83,41.11,1.7,3608.1,220.3,10.92,2
717.0,-33.3,93.0,19.24,0.25,421.1,19.1,31.81,2
2318.8,24.9,76.4,29.86,0.2,3356.5,131.9,19.17,2
2078.7,-16.0,78.72,5.55,2.04,3238.2,-6.0,50.62,0
2660.8,-26.6,73.19,10.4,4.71,1101.8,-1.6,35.88,0
1025.9,-22.0,89.59,44.71,4.37,3794.6,151.9,16.38,2
6121.7,-8.7,46.4,31.22,2.61,444.5,137.5,11.26,2
3822.8,-21.2,63.08,47.61,2.87,2452.3,205.2,10.95,2
2333.1,-16.0,76.26,49.94,0.13,59.5,204.1,12.72,2
2881.9,-29.9,71.17,19.85,1.16,4844.0,32.7,23.84,1
3183.2,-17.8,68.49,16.34,0.22,3760.3,30.8,26.0,1
4103.6,2.9,60.81,43.2,3.8,802.7,204.1,11.43,2
3594.1,-6.9,64.97,49.93,0.81,1715.0,231.6,10.84,2
6016.4,-14.0,47.08,32.22,4.36,811.2,137.7,11.15,2
3481.8,16.0,65.92,40.17,3.25,3835.4,190.5,13.14,2
6452.9,27.0,44.32,39.52,1.22,303.9,235.1,8.95,2
5608.5,16.8,49.77,19.06,0.87,4203.6,87.5,17.13,2
1751.1,-15.1,81.98,29.56,3.18,4711.6,86.8,20.72,1
6083.6,15.8,46.64,41.99,4.51,3386.4,236.6,8.97,2
1198.2,-28.6,87.73,35.03,3.62,1072.7,96.3,19.48,1
5404.7,-30.2,51.16,3.02,1.81,1806.8,-24.9,39.31,2
2783.7,-14.1,72.06,18.16,2.98,2391.4,40.9,25.59,1
5767.8,20.6,48.7,8.93,1.62,3027.1,45.3,25.72,1
5708.3,-21.5,49.1,13.18,5.0,3346.6,21.0,21.18,1
5335.6,-35.3,51.64,45.46,3.77,2775.5,199.3,9.31,2
5240.2,-30.1,52.31,3.77,3.11,1763.1,-23.0,37.98,2
2328.1,24.4,76.31,12.55,2.17,4455.7,56.2,33.84,0
985.5,7.5,90.03,16.86,3.13,416.1,51.8,33.52,0
2917.9,-21.0,70.84,31.61,1.77,2336.6,99.4,17.03,2
1541.1,1.6,84.13,27.64,0.24,3880.1,93.2,22.35,1
4669.7,-0.4,56.45,12.48,2.04,313.8,36.3,25.11,1
2576.6,9.2,73.97,9.88,4.66,3529.6,32.3,37.2,1
6353.7,-22.5,44.94,13.37,3.17,4100.4,22.8,19.23,1
4345.8,24.8,58.91,26.12,0.51,3307.5,125.9,16.31,2
5434.9,-16.8,50.95,15.02,4.44,74.6,33.3,20.37,1
1295.1,12.1,86.7,47.48,1.42,908.9,204.4,15.08,2
5672.1,-38.8,49.34,24.27,1.29,1717.1,60.8,14.4,2
6036.5,-12.1,46.95,4.82,1.56,1176.1,-1.4,31.67,0
3422.4,-13.6,66.42,37.0,2.93,4813.6,141.4,14.13,2
4137.5,0.8,60.54,17.78,2.77,3261.5,59.0,21.79,1
5088.9,-34.5,53.38,33.37,2.51,1491.9,115.0,12.31,2
1549.0,19.3,84.05,15.42,3.62,4649.2,59.7,33.06,0
3515.4,-23.7,65.63,29.4,1.65,3705.6,89.3,16.66,2
2892.0,10.8,71.08,39.06,3.93,1430.2,172.4,14.49,2
1378.2,20.2,85.83,46.54,0.96,1900.6,208.2,15.18,2
2705.2,2.1,72.78,14.53,3.93,1005.2,42.2,29.66,1
909.0,15.6,90.87,18.07,3.35,4855.7,64.2,32.37,0
654.9,9.6,93.7,24.28,3.45,2591.3,82.0,27.33,1
1311.0,-13.3,86.54,46.5,2.46,4481.3,173.7,15.31,2
6278.7,20.7,45.41,45.27,3.37,1739.0,269.3,8.22,2
3797.2,-17.9,63.29,6.31,0.49,4305.6,-4.5,38.79,0
6294.9,2.8,45.3,8.33,4.27,278.9,26.1,24.71,1
3095.0,15.9,69.27,25.78,0.37,4910.6,107.4,19.36,2
2370.9,-11.6,75.9,7.12,0.83,4561.1,2.8,44.34,0
3536.9,-17.3,65.45,18.59,2.93,1822.4,42.3,22.9,1
3137.1,-5.5,68.9,9.12,3.72,3875.9,15.9,36.03,0
1134.0,21.3,88.42,32.53,0.47,3763.8,133.5,20.79,2
4345.0,29.7,58.92,47.58,4.61,4507.3,263.7,10.23,2
1796.2,0.9,81.53,49.84,4.87,1543.2,213.2,13.62,2
4217.5,9.6,59.91,20.01,3.07,2332.9,78.6,19.96,1
4401.2,27.7,58.48,30.75,2.46,4326.3,155.2,14.35,2
1412.1,-32.6,85.47,43.1,3.73,3895.1,136.6,16.1,2
868.1,-22.6,91.32,7.64,1.71,1973.4,-8.1,51.78,0
5184.6,13.2,52.7,35.1,2.52,4230.2,174.8,11.69,2
3258.8,21.8,67.83,21.62,4.59,244.3,94.1,21.45,1
849.0,24.3,91.53,11.9,4.78,3912.4,51.2,41.81,1
6469.2,-8.9,44.22,21.33,4.64,1041.8,79.0,14.11,2
846.7,-33.3,91.56,5.65,1.39,1437.7,-23.8,58.52,2
4670.2,-7.2,56.44,35.38,1.24,2471.1,150.7,12.44,2
6402.1,-22.7,44.64,14.13,1.56,2254.2,26.4,18.5,1
1935.1,-18.2,80.14,16.95,2.26,2607.6,29.1,29.74,1
1353.5,17.9,86.09,7.81,1.64,2728.4,33.3,48.33,0
1228.3,-34.3,87.41,43.5,1.93,1664.3,135.1,16.34,2
2319.7,22.1,76.39,25.69,3.14,884.4,108.8,21.41,2
1106.3,-7.9,88.72,29.46,3.84,3844.7,89.6,22.48,1
4653.0,4.7,56.57,29.33,3.7,2005.9,126.0,14.38,2
873.8,-33.3,91.26,21.7,4.09,2534.1,29.4,28.79,2
3556.5,-14.7,65.29,11.24,0.26,3227.0,14.8,30.74,0
6480.2,-33.3,44.16,37.77,0.33,4549.1,162.3,9.24,2
5383.8,32.1,51.31,8.1,3.97,3540.7,53.1,28.35,1
4191.3,20.5,60.12,6.99,2.71,236.8,36.3,35.39,0
2337.5,-5.5,76.22,36.09,2.93,4194.4,134.2,16.54,2
4243.4,-23.2,59.71,12.02,0.36,4946.9,10.7,27.11,2
3662.2,30.0,64.4,16.73,1.35,2367.7,81.8,24.1,1
3056.5,-14.2,69.61,24.81,3.23,4848.3,72.4,20.0,1
1284.3,-27.9,86.82,23.57,4.31,2741.2,44.2,25.86,1
5819.6,2.2,48.36,36.01,4.59,2303.5,177.1,10.51,2
3198.7,30.8,68.35,31.92,2.55,1663.7,155.0,16.3,2
1667.7,-39.7,82.83,32.93,2.77,3291.2,78.2,19.29,2
2706.6,-22.1,72.76,36.27,4.18,1156.8,121.9,15.72,2
2984.8,30.4,70.24,16.05,2.73,533.6,77.2,26.97,1
5465.2,-27.2,50.74,17.47,2.63,145.9,34.9,18.47,1
4901.7,-31.5,54.73,23.02,4.53,1469.0,56.4,16.57,0
5115.8,2.8,53.19,16.76,3.97,1984.9,59.9,19.88,1
566.2,24.6,94.71,49.28,4.55,2764.9,218.5,15.98,1
2996.9,-4.2,70.14,41.07,1.17,1470.8,170.4,13.73,2
3388.1,34.6,66.72,9.9,2.67,4920.5,59.0,33.52,0
615.2,10.9,94.15,2.27,4.23,1465.8,13.6,76.74,1
2058.9,-34.4,78.92,4.05,0.64,2210.5,-28.0,56.15,2
5061.7,34.5,53.58,13.72,3.99,525.3,77.5,22.59,1
1322.7,-9.4,86.41,7.49,1.0,1310.5,5.1,49.42,0
3711.9,-18.4,63.99,27.6,4.06,251.2,86.3,17.02,2
1791.2,1.8,81.58,43.18,3.1,2801.9,175.5,15.34,2
572.7,-17.2,94.63,37.36,1.05,3757.8,114.5,19.98,2
1947.2,-33.5,80.02,12.35,2.42,986.6,-3.1,35.8,2
6355.2,-39.9,44.93,21.17,3.44,1845.9,46.3,14.42,2
5309.2,-6.3,51.82,26.38,3.21,92.9,103.0,14.25,2
6257.5,22.8,45.54,40.89,2.19,4199.2,238.1,8.95,2
3427.1,2.9,66.38,42.28,4.51,3902.0,189.8,12.7,2
1158.4,34.9,88.16,45.67,2.64,325.6,215.6,15.84,2
3787.8,-18.5,63.36,26.44,2.58,1830.7,80.7,17.39,2
3226.3,-19.0,68.11,35.33,0.41,4776.9,124.5,15.03,2
5566.1,-28.0,50.06,7.37,4.62,1966.2,-9.4,28.82,1
1088.5,-27.7,88.91,29.13,0.97,2635.8,68.2,22.72,1
3429.4,-18.6,66.36,13.94,2.69,1782.7,20.9,27.72,1
1400.3,19.5,85.6,22.72,4.04,2984.7,88.4,26.16,1
2448.1,27.9,75.17,32.43,1.16,4891.0,149.1,17.71,2
4924.1,33.1,54.57,14.34,2.68,4987.5,78.5,22.42,1
3356.1,-22.6,66.99,4.5,1.28,3875.8,-14.5,46.19,0
2755.3,26.1,72.32,2.49,3.82,2027.5,29.5,57.89,1
2866.9,-15.4,71.3,3.06,2.87,2477.2,-10.8,54.58,0
3256.7,-31.5,67.85,2.4,4.29,1790.1,-28.2,54.71,2
5210.1,25.3,52.52,7.3,4.48,4928.0,43.2,30.36,1
5852.5,7.7,48.14,13.5,3.28,3541.7,52.1,20.49,1
6232.0,-27.6,45.7,12.62,3.65,2250.2,13.8,20.2,1
5221.4,-7.8,52.44,49.37,2.79,70.5,253.4,8.83,2
2392.4,-18.5,75.7,16.69,1.98,2607.2,29.2,28.36,1
4628.8,15.3,56.75,8.12,3.28,4919.8,35.3,31.33,2
3125.6,-6.0,69.0,28.19,4.55,2620.1,97.9,18.07,1
2028.0,34.2,79.22,43.18,2.14,920.3,210.4,14.9,2
5545.2,-35.9,50.2,34.55,1.64,120.2,126.1,11.27,2
730.6,-13.4,92.85,16.21,2.0,1780.0,27.9,35.42,0
5910.6,-3.9,47.76,28.96,2.23,4592.0,125.8,12.26,2
3268.9,-2.3,67.74,36.31,0.46,4982.8,147.2,14.63,2
4323.2,-16.3,59.09,36.95,2.54,4727.4,147.7,12.59,2
4456.1,14.7,58.06,33.99,2.52,3649.8,161.9,13.2,2
5870.7,25.6,48.02,43.8,2.98,2795.1,256.4,8.93,1
4320.0,30.4,59.11,43.77,1.88,2957.5,238.2,10.99,2
4183.6,20.4,60.18,29.79,3.1,2699.6,140.6,15.12,2
899.9,23.8,90.97,22.63,4.4,3538.2,90.3,27.88,1
3610.4,1.3,64.83,32.8,4.78,2100.2,133.8,15.15,2
1401.0,21.9,85.59,41.27,2.96,3349.3,181.0,16.69,2
4924.6,-17.2,54.57,2.27,0.31,616.8,-13.8,44.47,0
3573.3,-10.1,65.15,49.62,4.85,1335.8,225.9,10.93,2
4581.4,-16.2,57.11,10.78,3.56,4181.7,13.5,27.49,1
750.0,-4.9,92.63,24.57,1.75,4519.7,69.0,26.79,1
1008.8,-18.6,89.78,43.86,0.82,2699.7,150.5,16.67,2
4797.9,32.1,55.49,12.8,0.8,167.9,70.5,24.34,1
932.5,-16.5,90.61,24.89,0.92,4635.6,59.6,25.97,1
927.5,-32.6,90.67,8.36,0.32,3513.3,-16.1,49.37,2
572.7,-0.5,94.63,20.96,4.52,2076.0,58.1,30.56,1
6239.0,-35.7,45.66,10.5,2.75,2995.9,-3.7,22.27,2
4925.1,-31.7,54.56,19.45,3.53,2154.6,37.8,18.52,2
2619.5,-23.5,73.57,19.93,4.16,2332.0,38.4,24.58,1
2279.2,-5.2,76.78,49.67,3.98,4435.2,212.5,12.87,2
2598.2,-7.5,73.77,49.75,4.42,813.8,215.1,12.35,2
5147.9,20.0,52.96,7.51,4.84,527.3,38.6,30.25,1
4468.2,15.5,57.97,36.85,2.25,23.6,180.4,12.37,2
1611.2,-8.0,83.41,4.48,4.76,1576.9,-0.8,57.59,1
1544.7,-15.0,84.09,3.45,3.64,745.6,-10.0,62.53,0
1090.4,-16.3,88.89,7.06,0.45,1107.7,-3.1,52.12,0
4461.8,18.0,58.02,48.34,3.44,66.1,259.2,9.94,2
5086.2,-36.1,53.4,47.16,3.46,1143.7,206.7,9.34,2
2090.3,-39.0,78.61,11.31,4.54,1670.2,-11.9,36.89,2
625.7,19.7,94.03,9.76,1.93,167.5,39.8,47.59,0
993.0,-4.2,89.95,13.55,2.97,3043.4,28.4,38.2,0
6307.2,-30.2,45.23,26.75,0.16,2848.3,89.1,12.31,2
2272.7,-22.3,76.84,29.35,1.73,494.2,81.8,19.53,1
5115.3,29.9,53.19,12.64,0.4,2979.1,68.4,23.5,1
4248.0,24.5,59.67,38.32,2.66,4993.3,196.2,12.35,2
2791.6,13.2,71.99,16.86,4.11,4722.9,62.8,26.8,1
1734.1,-3.8,82.15,46.26,1.11,23.3,186.7,14.6,2
1228.3,-1.0,87.41,33.52,2.68,3978.9,116.7,20.08,2
4190.1,33.1,60.13,22.94,1.1,1774.5,116.6,18.25,2
5147.8,32.4,52.96,39.92,0.69,327.6,225.4,10.61,2
4363.4,-23.9,58.78,41.26,2.6,1487.0,168.1,11.47,2
3681.8,20.8,64.24,15.94,0.49,1615.5,69.3,24.76,1
751.7,-25.2,92.61,18.31,2.98,2621.0,23.8,32.72,0
6310.9,-24.0,45.2,46.93,0.25,3308.8,238.0,7.94,2
5292.3,10.7,51.94,9.91,0.62,3747.8,38.4,26.09,1
2256.9,-9.6,76.99,4.02,2.79,1237.1,-3.2,54.9,0
6379.8,29.9,44.78,23.79,3.0,1615.6,131.6,13.25,2
4111.3,-33.3,60.75,40.46,0.24,1548.8,150.3,12.04,2
3994.5,-1.6,61.68,39.04,2.91,1820.1,171.7,12.58,2
4988.4,28.9,54.1,46.14,4.21,4998.3,262.8,9.64,2
5370.6,27.8,51.4,27.59,3.64,3891.9,144.7,13.67,2
4438.9,-28.3,58.2,6.8,0.74,4875.2,-12.8,34.63,0
1268.6,-12.5,86.99,30.26,3.0,3468.6,89.7,21.61,1
2529.6,6.4,74.41,39.36,3.39,2037.3,166.1,15.07,2
6068.5,-28.0,46.74,6.48,0.28,1954.8,-11.9,28.36,1
1847.7,32.6,81.01,10.29,4.29,2448.0,56.0,39.93,1
2733.0,28.6,72.52,2.59,4.54,2090.2,32.2,57.6,1
3092.5,-27.5,69.29,30.5,4.27,4143.3,88.3,17.11,2
3136.4,-30.9,68.9,44.56,4.14,2330.4,166.5,12.63,2
4177.6,-33.6,60.23,34.19,3.75,1485.1,112.1,13.63,2
6158.5,28.2,46.16,49.14,3.2,3876.6,304.8,7.81,2
1944.2,-25.5,80.05,5.03,3.43,4273.6,-16.8,53.27,0
1229.0,-8.8,87.41,45.34,4.05,2107.9,170.8,15.79,2
1684.8,-6.3,82.66,41.08,3.35,3342.4,154.5,16.18,2
5821.5,4.9,48.35,17.08,1.71,303.4,66.5,17.85,2
4374.9,-34.6,58.69,48.73,1.94,2652.0,207.8,9.99,2
2215.4,-23.0,77.39,15.82,4.5,234.5,20.7,29.97,1
5395.7,29.9,51.22,44.69,0.18,155.7,259.7,9.37,2
5668.2,28.1,49.37,44.28,3.52,3068.5,259.3,9.1,2
5579.1,18.6,49.97,38.37,4.78,1523.6,206.6,10.33,2
6013.6,-38.5,47.09,29.05,3.56,3715.3,92.6,12.06,2
2013.4,-15.5,79.36,7.76,4.97,4481.5,0.4,44.69,1
5030.3,7.1,53.8,27.53,3.47,705.6,121.0,14.33,2
3263.2,-19.4,67.79,19.13,0.27,3625.4,41.5,23.28,1
5552.0,28.2,50.15,40.03,4.15,2577.5,227.3,10.03,2
4870.9,7.5,54.96,38.39,1.49,569.5,186.9,11.36,2
5158.7,-34.6,52.88,45.71,2.29,3261.4,198.9,9.49,2
4437.0,28.2,58.21,2.71,1.63,3051.2,32.4,45.79,0
1564.6,31.8,83.89,40.84,1.42,2583.1,190.2,16.5,2
3770.2,-34.2,63.51,47.05,2.21,4633.1,187.7,11.13,2
6408.0,-0.1,44.6,39.89,1.96,2610.2,210.0,8.94,2
6124.3,-17.2,46.38,8.25,3.2,4952.7,5.4,25.42,1
759.0,-10.5,92.53,5.9,4.08,2551.1,-0.5,58.19,1
1488.9,-26.5,84.67,3.0,1.56,588.1,-22.5,65.13,0
1290.4,3.4,86.75,32.18,1.15,2357.7,114.9,20.57,2
4855.9,31.8,55.07,32.22,3.37,919.8,172.1,13.04,2
5406.7,-2.3,51.15,49.37,3.38,2989.7,262.2,8.61,2
1781.1,-33.8,81.68,21.11,4.52,3468.7,29.9,26.26,2
3535.1,6.5,65.47,17.93,0.18,2347.5,63.1,23.44,1
5544.2,-14.5,50.21,31.97,4.28,497.5,130.8,11.96,2
4896.8,24.2,54.77,41.63,2.65,2348.5,225.5,10.61,2
3753.4,-7.4,63.65,46.97,3.14,416.5,213.7,11.17,2
4042.1,-25.5,61.3,40.55,0.55,3413.8,157.9,12.13,2
3550.2,-25.7,65.34,22.48,2.22,3953.9,52.1,20.12,1
2285.3,17.7,76.72,32.48,1.21,4812.3,137.8,18.06,2
3890.1,-20.1,62.53,43.1,1.35,752.5,177.7,11.77,2
4633.3,17.5,56.72,25.55,2.57,2666.8,117.4,15.96,2
5739.9,-24.6,48.89,12.4,4.08,2842.0,14.5,21.82,1
4317.7,-15.9,59.13,10.15,3.74,4613.2,11.0,29.35,1
5066.7,-5.1,53.54,2.01,3.0,3140.1,-2.2,44.59,0
1460.4,30.7,84.97,36.48,2.74,736.1,165.1,18.28,2
3269.3,29.9,67.74,7.33,2.19,2187.4,45.8,39.08,0
556.0,-24.5,94.82,13.7,4.87,3277.3,7.8,40.0,1
1980.1,-13.1,79.69,16.3,2.84,3504.4,31.8,30.3,0
4858.8,-28.8,55.05,28.9,1.34,4316.7,91.7,14.15,2
6450.9,-1.8,44.34,21.1,1.23,910.7,84.7,14.26,2
1095.1,-5.5,88.84,34.38,3.1,4758.2,115.5,20.02,2
2909.0,27.6,70.92,4.67,2.66,305.1,35.8,48.34,0
5300.4,29.8,51.89,7.95,0.14,4919.0,50.1,28.91,1
1724.2,-11.2,82.26,25.96,4.17,4290.3,73.6,22.87,1
3830.5,-3.1,63.01,18.17,3.55,3304.8,55.7,22.37,1
4898.4,27.2,54.76,16.2,3.34,3677.6,80.9,20.9,1
4195.9,20.5,60.08,5.22,0.44,372.7,31.0,39.48,0
1628.1,-39.7,83.23,44.99,1.87,217.0,142.3,15.14,2
2632.3,-16.0,73.45,35.21,4.68,517.8,121.5,16.25,2
5202.8,-8.4,52.57,7.84,4.33,445.9,11.5,29.47,1
3825.4,-22.8,63.06,5.12,1.5,2741.4,-12.8,41.7,0
531.4,-25.0,95.1,48.79,0.87,1085.1,165.8,16.18,2
5065.9,-37.2,53.55,34.7,2.3,4302.4,120.6,11.98,2
711.9,8.3,93.06,22.04,1.84,2234.3,71.6,29.05,1
4974.4,-20.3,54.2,35.68,3.44,3480.6,142.8,11.87,2
1714.9,-36.1,82.35,38.3,4.84,3267.8,110.0,17.05,2
6248.4,-22.7,45.6,39.44,1.88,1606.1,181.9,9.22,2
2707.6,20.1,72.75,24.94,0.4,1223.4,105.4,20.82,2
2461.6,23.9,75.04,22.63,4.5,1718.9,97.1,23.0,1
1393.3,-3.8,85.67,2.53,0.29,3985.3,-0.6,68.37,0
2333.6,-8.8,76.26,46.47,4.77,2935.5,190.2,13.5,2
5759.9,33.3,48.76,30.96,3.36,1275.2,174.3,11.9,2
6478.0,-25.0,44.17,11.75,4.71,4091.1,13.2,20.31,1
2709.9,-23.8,72.73,46.14,1.08,283.2,177.9,12.96,2
3191.7,-18.1,68.42,45.92,0.3,3498.9,188.5,12.24,2
4832.4,-27.0,55.24,49.48,2.49,2201.1,228.2,9.29,2
5817.2,-11.5,48.38,43.95,2.31,3659.1,219.6,8.97,2
4058.3,28.3,61.17,49.89,1.72,4638.0,273.7,10.21,2
2849.2,6.2,71.46,13.74,4.79,3752.7,43.5,30.1,1
2975.7,-9.1,70.33,42.43,4.13,2215.4,173.3,13.41,2
4673.7,30.1,56.42,41.51,3.34,763.4,227.6,10.95,2
519.3,-36.4,95.24,13.09,0.9,4033.7,-6.2,41.26,2
4217.5,-24.2,59.91,6.73,3.7,2308.9,-9.2,35.82,0
2633.0,2.4,73.44,49.01,3.66,385.8,220.9,12.45,2
5265.2,6.2,52.13,16.21,2.18,3598.1,61.3,19.89,1
1057.9,-37.0,89.24,43.8,4.63,1466.3,132.3,16.59,2
4029.2,-9.8,61.41,2.2,0.92,254.0,-6.7,50.34,0
3385.8,8.7,66.74,3.01,1.41,4514.7,13.3,51.3,0
4354.0,12.4,58.85,24.36,0.41,2420.7,104.1,17.13,2
889.1,7.9,91.09,13.46,4.0,1412.0,40.0,38.83,1
3979.9,-16.0,61.8,35.11,3.15,3584.8,133.4,13.7,2
3868.9,-33.0,62.7,29.15,1.64,4430.7,81.2,16.02,2
3864.0,-8.0,62.74,5.72,0.9,11.5,3.7,39.91,0
4120.9,-30.3,60.67,9.81,0.3,3442.4,-5.1,30.63,2
4558.8,31.1,57.28,20.63,0.92,3837.4,104.7,18.7,1
5329.9,-4.4,51.68,10.91,2.32,1057.5,27.4,24.72,1
2118.9,-16.2,78.33,40.03,1.31,2453.2,143.1,15.66,2
5450.3,17.5,50.85,21.97,1.37,455.5,102.9,15.9,2
3489.5,-2.7,65.85,6.48,4.39,3736.3,10.9,39.95,1
962.3,-16.7,90.29,25.25,2.62,4238.8,61.1,25.61,1
851.3,20.9,91.51,6.36,3.67,549.9,32.1,55.93,0
2505.4,25.0,74.63,8.19,0.27,4084.1,42.7,41.03,0
5209.4,10.5,52.53,13.5,1.89,3860.1,53.0,22.35,1
4746.1,-36.5,55.88,43.26,2.45,1741.1,173.8,10.49,2
5231.7,2.5,52.37,46.38,1.01,3454.5,242.0,9.29,2
3603.6,17.2,64.89,41.66,0.69,10.2,202.4,12.56,2
3141.2,-29.8,68.86,18.04,4.36,4659.7,25.9,24.56,1
1384.7,-22.8,85.76,15.08,4.7,2756.4,16.0,34.2,1
2469.2,26.2,74.97,28.36,0.49,3105.5,126.7,19.54,2
3104.1,-38.5,69.19,36.65,1.81,3326.7,111.3,14.83,2
1031.6,16.5,89.53,49.68,4.8,2811.2,218.1,15.0,2
1823.7,-4.5,81.25,8.32,0.51,4285.3,12.9,44.36,0
4089.4,-6.5,60.93,4.37,3.25,3052.4,1.6,42.41,0
4914.0,-39.5,54.64,35.33,4.86,4539.7,120.7,12.05,2
6490.1,21.5,44.1,41.95,4.89,2915.8,248.2,8.49,2
6098.7,-13.0,46.55,42.62,2.41,863.9,212.7,8.84,2
4355.4,0.6,58.84,34.57,0.9,4568.7,150.3,13.2,2
3027.5,10.8,69.86,47.79,1.09,3411.3,227.0,12.09,2
4317.1,12.7,59.14,26.53,4.46,3499.2,115.8,16.19,2
5213.9,31.7,52.49,45.86,4.57,4927.6,267.2,9.4,2
1210.0,-0.1,87.61,48.45,3.08,385.2,196.7,14.99,2
2959.4,-10.0,70.47,42.66,3.85,2148.7,173.6,13.38,2
5538.8,31.5,50.24,16.87,3.73,1203.1,90.9,18.7,1
2803.0,8.2,71.88,11.42,3.34,3155.8,36.9,33.56,0
3931.2,-17.6,62.19,28.31,4.15,4036.0,92.5,16.23,2
4026.6,-30.5,61.43,23.74,3.46,4831.9,56.1,18.2,2
1606.9,23.2,83.45,44.13,2.72,2278.4,200.2,15.42,2
2673.4,-12.8,73.07,6.8,1.26,3933.2,1.0,43.49,0
2507.1,9.5,74.62,14.37,3.75,4586.1,48.4,30.62,0
657.2,-4.7,93.68,38.09,2.42,3419.8,131.2,19.48,2
645.2,-25.1,93.81,6.56,1.54,1221.2,-13.5,56.65,0
5490.2,5.1,50.57,17.4,4.03,3043.2,66.9,18.46,1
2138.4,-35.4,78.14,20.58,3.51,4850.1,27.4,25.55,2
3608.5,-9.0,64.85,31.88,4.69,4937.9,118.4,15.48,2
2292.4,1.0,76.65,9.59,0.91,3215.4,22.8,39.13,1
6144.1,-7.3,46.26,43.31,3.28,4436.1,224.2,8.68,2
2055.8,16.2,78.95,23.48,1.3,1009.7,91.4,23.58,1
3077.9,22.1,69.42,46.02,4.53,1237.9,227.8,12.39,2
5736.4,17.8,48.91,24.46,0.59,4764.9,119.0,14.19,2
5551.6,-37.1,50.16,15.2,3.32,684.8,14.3,19.9,2
1616.6,-25.4,83.35,8.81,3.98,963.6,-6.9,44.32,1
5315.9,0.2,51.78,2.18,1.84,2108.5,3.6,42.51,0
3249.1,30.1,67.92,27.54,4.78,2952.0,131.5,18.09,2
3397.8,22.6,66.63,7.14,4.27,3023.0,38.1,38.87,1
1300.9,23.2,86.64,20.8,1.54,1467.0,83.8,28.13,1
983.6,-17.3,90.05,30.29,0.14,4603.9,83.3,22.35,1
4867.6,-7.8,54.98,15.23,1.55,4576.3,41.4,21.79,1
3478.8,-4.7,65.94,10.41,1.48,1966.4,21.7,32.31,0
3121.1,-28.2,69.04,39.19,4.46,2177.1,136.5,14.04,2
4877.0,-37.7,54.91,47.45,4.84,3515.5,203.8,9.56,2
5093.1,31.0,53.35,6.82,0.45,3318.3,47.2,31.72,0
1453.4,-21.9,85.04,9.47,2.41,1917.7,-1.6,43.68,0
4161.4,-22.0,60.36,48.08,2.79,2077.1,212.6,10.39,2
1312.1,-33.7,86.52,3.81,0.56,1746.7,-28.1,62.64,2
5008.3,29.6,53.96,48.93,1.95,1184.6,283.9,9.16,2
4441.7,3.5,58.17,2.22,1.65,2296.1,6.7,47.59,0
6239.7,10.0,45.65,43.94,2.73,3435.3,247.8,8.46,2
913.7,28.4,90.82,16.75,3.34,3712.4,72.1,33.95,0
842.3,-14.1,91.61,47.05,3.55,3896.6,170.7,16.06,2
2193.1,6.6,77.61,17.21,0.77,1879.9,55.7,28.52,1
2070.2,-37.1,78.8,33.41,4.08,3825.5,86.2,18.15,2
1981.9,-26.0,79.67,5.84,3.42,42.5,-15.3,50.29,0
5937.5,22.3,47.59,13.63,4.46,2390.5,67.6,20.14,1
1997.3,17.5,79.52,39.14,2.3,3971.6,170.7,16.18,2
2131.7,-13.7,78.2,27.38,4.48,3153.9,80.0,20.92,1
5056.4,-11.7,53.61,46.54,4.34,2375.6,226.1,9.48,2
3198.4,0.0,68.36,22.58,2.25,3226.8,76.5,20.98,1
5160.3,-40.0,52.87,43.75,1.97,4535.7,179.7,9.84,2
892.2,-21.9,91.06,23.55,4.67,2836.2,48.4,27.14,1
3425.4,-24.4,66.4,49.0,3.6,4000.9,205.3,11.25,2
701.7,-21.2,93.17,48.07,4.65,4903.9,167.6,16.04,2
875.9,20.4,91.24,17.8,4.01,3530.8,67.9,32.82,1
5938.6,-19.0,47.58,44.52,3.09,2870.9,218.3,8.73,2
1335.5,-25.6,86.28,42.69,0.67,197.1,140.5,16.38,2
3694.5,-2.2,64.13,12.11,1.53,1878.6,30.9,29.0,1
2966.6,24.9,70.41,31.97,4.85,2831.6,147.6,16.78,2
2584.1,-21.9,73.9,5.49,1.67,3988.1,-11.7,47.71,0
5899.0,-34.1,47.84,42.16,0.56,2196.1,185.1,9.17,2
630.9,-13.3,93.97,10.38,3.57,4800.7,8.7,46.11,0
4482.7,16.1,57.86,5.4,3.7,1366.3,27.3,37.57,0
6280.4,1.3,45.4,21.21,1.5,3725.4,87.3,14.54,2
3861.0,21.3,62.76,29.69,1.56,2101.0,138.4,15.81,2
6120.9,32.0,46.4,43.04,2.4,2435.1,261.1,8.75,2
813.5,19.4,91.93,48.76,0.21,4014.5,213.3,15.64,2
3012.8,5.3,69.99,23.1,3.97,1488.1,83.3,21.15,1
2060.9,-3.0,78.9,4.9,1.65,493.1,5.4,52.94,0
4884.9,-37.0,54.86,37.96,4.28,2606.1,139.8,11.44,2
6387.8,33.8,44.73,29.13,4.03,2648.7,168.9,11.43,2
2039.2,-11.2,79.11,23.5,3.34,3987.9,64.0,23.62,1
4425.0,-28.6,58.3,16.84,1.69,4841.9,26.4,21.72,1
1688.6,10.0,82.62,26.12,2.63,286.0,95.3,22.88,1
3892.0,-18.7,62.51,18.26,2.28,2962.5,40.7,22.12,1
3283.6,3.9,67.62,38.34,1.76,3409.6,165.4,13.99,2
6332.0,4.0,45.07,28.11,4.26,4929.1,132.0,11.83,2
4151.2,-6.6,60.44,44.09,2.47,4713.5,201.1,11.17,2
2597.0,22.7,73.78,28.09,4.18,3565.1,122.7,19.37,2
1184.6,-20.1,87.88,13.44,0.62,2613.7,12.5,37.5,0
1407.5,-6.4,85.52,42.85,0.79,816.0,161.4,16.18,2
1851.9,0.3,80.97,28.75,4.89,1927.0,98.9,20.9,1
2005.8,9.8,79.44,11.93,2.98,2929.8,38.8,36.23,0
5603.7,18.8,49.8,31.93,2.6,3628.7,164.4,11.88,2
3867.3,-10.4,62.71,19.17,2.66,3180.6,53.1,21.5,1
3640.3,8.5,64.58,42.53,1.15,3573.5,199.5,12.29,2
1188.6,-28.7,87.84,23.76,3.62,2151.5,43.8,26.02,1
5660.8,29.9,49.42,36.87,0.52,3640.9,208.7,10.54,2
4836.9,-11.3,55.21,6.59,2.91,727.3,3.9,33.29,0
906.0,14.7,90.9,21.01,2.9,821.3,74.7,29.32,1
4747.0,-38.5,55.87,49.2,4.58,822.5,213.3,9.44,2
3761.2,-24.6,63.58,40.81,2.68,4455.4,157.1,12.51,2
990.4,-3.5,89.98,9.68,0.77,389.4,16.9,45.73,0
3249.8,25.9,67.91,15.33,2.91,4009.5,70.5,26.81,1
3408.2,-0.5,66.55,17.83,0.55,1175.5,55.3,23.91,2
1494.6,29.7,84.61,33.22,1.1,2347.5,147.8,19.58,2
6174.2,-3.7,46.06,38.34,0.25,4580.6,191.9,9.53,2
5599.9,-3.2,49.83,37.98,2.62,2933.8,182.4,10.39,2
4514.1,-31.0,57.62,26.47,0.51,1058.5,73.1,15.8,2
3273.8,20.2,67.7,40.92,2.4,1427.6,196.9,13.3,2
2970.6,-21.5,70.37,22.98,4.67,4603.0,55.8,21.34,1
4405.8,27.5,58.45,7.95,3.63,2141.4,46.6,32.57,0
3772.6,28.3,63.49,29.09,0.48,2939.1,141.5,16.24,2
873.6,30.7,91.26,47.71,1.2,2305.1,219.5,15.81,2
3575.0,-1.0,65.13,40.06,3.4,1898.4,174.0,13.01,2
5338.4,10.8,51.62,29.78,4.48,1124.2,140.5,12.98,2
3255.4,18.4,67.86,33.05,0.26,3434.1,149.3,15.76,2
811.7,-30.2,91.95,46.67,4.08,3594.0,152.1,16.23,2
5217.7,5.1,52.47,22.56,2.85,1381.7,92.3,16.11,2
1708.2,-37.4,82.42,17.91,2.78,3947.2,12.9,29.53,2
2051.7,-2.7,78.99,48.91,4.79,4274.1,207.4,13.41,2
1488.2,-28.4,84.68,43.45,3.76,4604.2,143.5,15.84,2
2481.3,-26.3,74.86,17.51,4.27,814.4,24.9,27.22,1
5040.5,-12.6,53.73,24.26,1.83,1526.6,82.8,15.68,2
3616.3,-7.6,64.79,21.92,2.82,4303.2,67.9,20.29,1
1729.3,6.7,82.2,9.16,3.12,1000.7,26.5,42.91,0
5767.0,-34.4,48.71,47.98,1.68,27.3,225.9,8.4,2
5777.5,-2.2,48.64,21.41,2.89,4355.4,82.0,15.49,2
5723.5,-26.3,49.0,44.02,1.26,1639.0,203.8,9.07,2
1932.8,3.0,80.16,11.09,0.8,2078.3,29.2,38.01,0
3207.4,7.8,68.28,28.3,1.93,2237.2,112.8,17.83,2
6409.9,1.8,44.59,3.15,3.72,4242.9,7.8,33.91,0
5132.1,15.4,53.07,38.68,4.59,1696.1,199.9,10.9,2
663.0,-14.8,93.61,29.88,2.34,4462.5,82.0,23.47,1
891.2,17.4,91.07,32.03,3.25,3088.5,125.5,21.67,2
3283.6,-7.5,67.62,4.48,0.6,2641.2,0.5,46.69,0
5955.3,-3.7,47.47,12.13,4.53,1634.8,34.8,21.45,1
3732.2,8.6,63.82,5.57,2.89,1226.1,19.8,41.0,0
3486.9,-38.6,65.88,15.87,3.92,3124.1,8.9,25.47,2
1132.8,9.0,88.44,32.12,3.99,2240.0,119.2,21.0,2
4440.7,6.4,58.18,29.18,1.36,4553.5,125.1,14.85,2
5432.6,-16.8,50.97,31.38,2.69,2463.3,123.7,12.32,2
2782.5,-33.6,72.07,28.36,4.81,2563.9,69.0,18.79,2
5153.7,-33.2,52.92,15.11,0.54,2089.4,16.4,21.08,2
6286.9,29.2,45.35,13.74,3.45,3948.4,76.1,19.11,1
1722.6,11.7,82.27,8.58,4.82,2129.9,29.7,44.28,1
3640.0,-30.5,64.59,42.76,1.57,1354.0,162.0,12.24,2
2222.8,-13.2,77.32,31.59,4.32,4311.5,101.9,18.59,1
5257.1,4.4,52.19,10.95,4.67,2988.2,36.2,24.91,1
3965.6,22.7,61.92,10.51,3.76,2961.6,50.2,30.19,0
4307.5,-36.7,59.21,43.91,1.23,3058.0,171.9,10.98,2
5287.5,-22.3,51.98,37.65,1.74,3597.0,157.3,10.91,2
2875.8,26.7,71.22,33.65,0.28,1572.2,157.8,16.32,2
5990.5,-39.3,47.24,21.53,4.17,178.9,46.8,14.98,2
3698.2,-24.9,64.1,14.57,4.26,4054.9,17.9,26.09,1
1447.7,31.9,85.1,49.01,3.2,653.2,234.9,14.42,2
4675.4,6.0,56.4,40.27,1.83,3611.9,195.3,11.22,2
5259.6,-20.4,52.17,16.49,0.48,420.8,36.0,19.7,1
2400.6,-35.0,75.62,42.68,3.79,1882.8,142.4,14.35,2
5643.1,-37.9,49.54,38.43,3.66,324.5,151.4,10.23,2
5936.9,-21.6,47.59,16.26,4.57,2615.8,36.3,18.12,1
2161.4,26.1,77.91,22.47,3.68,3269.1,97.3,23.99,1
6401.1,-8.8,44.64,10.93,4.16,865.5,25.5,21.33,1
1344.3,14.0,86.18,7.33,3.76,1864.4,28.1,49.73,0
1712.1,28.9,82.38,36.69,3.19,4651.9,166.4,17.64,2
1605.3,-9.4,83.47,14.84,2.19,2217.5,29.1,33.6,0
5863.9,-25.7,48.07,41.36,4.52,4014.7,187.3,9.36,1
4425.8,-1.2,58.3,49.79,3.29,4636.7,249.5,9.75,2
1412.6,28.1,85.47,5.68,2.05,4872.0,38.0,54.51,0
3141.9,20.3,68.85,24.71,0.51,4492.6,106.8,19.84,2
4191.8,-35.1,60.12,40.5,1.52,1593.9,149.8,11.9,2
1000.8,11.9,89.87,39.87,2.76,4813.2,159.9,18.02,2
5794.5,2.9,48.53,38.48,1.45,4063.9,194.4,10.01,2
5321.6,28.1,51.74,18.75,1.18,4187.5,95.9,17.99,2
3531.2,-30.8,65.5,23.78,2.68,85.7,53.3,19.39,2
6302.8,0.1,45.25,30.56,0.93,4771.7,143.7,11.16,2
3006.6,26.0,70.05,48.75,4.02,3892.7,248.0,11.92,2
6404.7,-9.2,44.62,17.72,2.47,3842.2,58.2,16.1,2
4507.5,-3.9,57.67,46.31,2.91,416.8,223.9,10.24,2
4308.0,-34.7,59.21,14.93,0.82,1170.5,11.4,23.75,2
1495.7,-19.1,84.6,49.48,1.69,4811.7,187.1,14.22,2
5791.6,-15.7,48.55,34.17,2.11,2508.4,146.5,10.99,2
3064.9,30.9,69.53,24.25,4.06,1995.3,114.7,20.3,2
1473.4,-18.8,84.83,31.44,3.87,4201.3,90.4,20.47,1
575.6,-5.4,94.6,15.08,1.19,445.8,31.5,37.72,0
3858.5,10.3,62.79,15.16,3.12,2090.5,56.1,24.95,1
3664.4,-27.8,64.38,7.45,1.29,1884.7,-11.1,36.9,1
4816.1,-3.5,55.36,7.47,4.94,1755.8,14.6,31.68,1
5841.5,15.4,48.22,18.69,4.77,1545.4,85.3,16.81,2
976.4,25.0,90.13,38.62,2.86,1058.3,166.3,18.54,2
4889.0,7.0,54.83,31.18,3.52,872.8,141.2,13.31,2
1624.5,10.2,83.27,6.92,4.03,3205.6,23.4,49.2,1
5649.1,-30.5,49.5,42.91,3.63,4597.8,190.4,9.36,2
5414.4,30.9,51.09,30.87,3.53,2549.2,168.0,12.5,2
3744.8,-30.1,63.72,48.12,4.8,1496.9,198.5,10.96,2
4761.5,18.1,55.76,34.17,3.02,804.2,169.4,12.63,2
2386.1,-20.1,75.76,10.41,3.22,4152.4,4.4,37.12,0
3327.0,30.0,67.24,24.74,4.26,4857.7,117.7,19.35,2
5429.8,14.0,50.99,33.13,3.38,1752.3,165.5,11.82,2
3255.6,16.5,67.86,3.36,3.69,1461.8,21.9,50.81,0
2646.8,-23.6,73.32,2.72,1.25,3011.4,-19.8,57.66,0
3465.3,-6.8,66.06,8.21,1.92,3878.9,12.1,36.27,1
5469.5,6.3,50.72,14.08,0.82,2282.5,52.2,21.06,1
2511.2,17.7,74.58,22.62,2.58,3154.1,91.2,22.86,1
1542.6,-32.2,84.12,25.4,2.33,3585.6,49.1,23.76,2
4772.1,32.2,55.69,8.63,4.99,4803.4,54.2,29.9,1
5455.9,26.8,50.81,34.32,3.09,833.5,186.3,11.46,2
1103.8,-19.7,88.75,30.61,3.95,4986.9,83.1,21.85,1
1939.2,21.7,80.1,16.13,1.74,1966.9,65.9,30.65,0
1351.8,-1.1,86.1,2.66,4.17,3618.8,2.3,68.04,1
2587.6,-5.4,73.86,5.73,3.11,2866.3,5.4,46.97,0
3202.1,-16.4,68.33,20.8,3.52,2438.5,51.8,22.18,1
4993.0,3.6,54.07,9.39,1.54,3493.4,28.8,27.88,1
4406.9,14.7,58.44,20.09,2.79,1984.8,85.0,19.42,1
4225.6,-9.2,59.85,32.15,3.21,639.3,124.9,14.2,2
2614.2,7.2,73.62,28.27,2.99,2449.6,108.2,19.24,2
5548.7,12.4,50.17,13.1,4.58,2614.4,54.1,21.72,1
3327.7,13.3,67.24,18.5,4.5,1017.5,71.7,23.59,1
6374.6,-36.1,44.81,31.47,4.86,4678.7,114.3,10.8,2
4304.9,24.5,59.23,43.32,3.37,1145.1,229.2,11.11,2
1257.6,-5.6,87.1,38.15,4.86,2052.0,135.7,18.09,2
4557.1,-20.3,57.29,28.56,4.18,783.1,95.8,14.86,2
2450.6,-21.9,75.15,19.39,1.43,2683.6,37.1,25.57,1
4618.0,-3.8,56.84,19.52,2.19,1545.1,64.7,19.25,1
917.8,26.5,90.77,44.21,1.27,2451.5,196.6,16.74,2
1549.3,-11.6,84.05,3.88,0.12,1130.8,-5.8,60.54,0
5634.4,16.2,49.59,49.42,1.02,278.3,285.2,8.35,2
1863.1,-32.7,80.86,33.89,0.12,3898.3,91.5,18.42,2
5522.2,-4.3,50.35,34.69,3.63,3209.0,158.4,11.27,2
2175.7,34.4,77.78,3.82,2.19,1710.3,40.3,56.26,0
4357.3,17.8,58.82,31.07,1.63,247.0,146.7,14.32,2
4664.9,-24.2,56.48,25.27,3.83,4329.2,74.3,16.01,2
3575.9,-2.4,65.12,7.08,4.18,857.3,13.1,38.13,1
2331.9,-22.5,76.27,15.34,4.88,4654.4,19.7,30.1,1
1775.9,-9.3,81.73,44.74,3.25,2398.2,173.0,14.93,2
699.1,18.5,93.2,28.4,2.36,1708.5,108.8,24.27,2
2323.7,17.8,76.35,21.84,1.6,3711.4,87.0,23.98,1
4419.0,-22.9,58.35,5.49,1.19,4385.4,-11.5,37.67,0
6129.8,29.2,46.35,36.28,1.14,1859.9,209.6,10.01,2
5727.2,4.4,48.97,35.74,2.11,2042.6,176.4,10.71,2
5096.4,-11.5,53.33,31.47,4.96,2171.5,126.4,12.86,2
5230.7,-2.4,52.38,26.49,0.1,4612.4,107.0,14.35,2
4489.9,5.4,57.81,22.82,1.07,3465.9,89.8,17.61,2
2061.7,2.0,78.89,30.48,1.02,1245.8,110.4,19.49,2
5943.2,-3.5,47.55,13.2,3.61,933.1,39.8,20.49,1
4524.4,-2.1,57.54,47.18,1.83,1159.5,231.9,10.06,2
3862.6,-26.8,62.75,30.26,2.34,1325.2,93.6,15.59,2
1165.9,21.0,88.08,16.94,0.83,1158.6,66.0,32.7,0
3182.3,0.6,68.5,23.58,2.08,3295.9,81.9,20.4,1
3262.1,-30.2,67.8,40.67,0.61,588.5,145.0,13.38,2
5687.4,17.5,49.24,9.76,2.71,1942.9,45.3,24.92,1
3779.9,29.9,63.43,16.06,0.58,3129.0,79.2,24.34,1
2782.4,31.0,72.07,34.62,3.97,1461.4,166.6,16.15,2
6360.8,-12.3,44.89,17.14,2.88,335.7,51.9,16.54,2
1164.3,-29.8,88.1,40.04,3.65,418.3,120.5,17.61,2
3035.3,-1.1,69.79,8.26,2.15,638.6,17.4,38.22,0
752.1,-31.6,92.61,38.61,1.97,4180.9,107.8,19.05,2
4939.4,30.0,54.46,5.28,0.58,3292.7,41.3,35.64,0
6008.5,-26.2,47.13,2.6,2.67,332.0,-21.8,37.39,0
2180.2,-21.0,77.73,45.11,2.62,1961.4,168.1,14.1,2
5650.1,-9.5,49.49,29.9,2.39,1400.1,123.8,12.4,2
2253.3,-11.3,77.03,18.89,3.73,2894.4,44.9,26.66,1
5964.6,19.6,47.41,13.16,4.18,2618.8,62.8,20.47,1
5023.8,-5.8,53.85,31.61,3.78,2410.8,132.3,12.94,2
5329.4,-27.2,51.68,26.43,0.8,1579.4,82.5,14.19,2
608.0,-20.0,94.23,49.6,3.15,697.6,176.1,15.81,2
6276.9,-1.8,45.42,49.19,0.49,3714.5,277.5,7.67,2
4860.0,-28.9,55.04,32.48,3.5,4400.5,112.9,12.96,2
2328.5,5.9,76.31,23.26,1.97,4721.3,81.4,22.94,1
5476.4,2.4,50.67,25.57,0.75,302.5,108.2,14.24,2
2189.1,13.6,77.65,34.76,4.32,3702.1,144.9,17.35,2
5736.5,30.3,48.91,6.88,3.11,3635.3,47.4,28.98,1
1175.5,28.4,87.98,17.76,1.84,4736.1,76.6,31.69,0
4722.1,31.0,56.06,5.61,0.25,1272.0,43.0,35.9,0
3744.2,-21.6,63.72,5.52,2.73,3713.5,-10.6,41.06,0
1079.2,-30.1,89.01,11.4,4.62,282.6,-4.4,41.59,2
1951.4,-17.3,79.98,25.29,3.02,3159.9,65.6,22.66,1
574.4,27.1,94.61,39.67,4.86,1760.7,170.3,19.05,2
3312.6,32.9,67.37,25.3,0.77,3846.9,123.3,19.08,2
2307.6,24.4,76.51,18.1,2.88,4317.9,77.5,27.22,1
4090.1,-31.7,60.92,5.95,4.01,1830.5,-19.2,38.19,2
2283.4,31.1,76.74,28.41,2.68,2632.7,130.7,19.98,2
2299.5,-8.2,76.58,15.02,0.55,595.8,32.6,30.61,0
4959.2,-39.3,54.32,31.52,2.96,2090.4,97.6,13.08,2
788.9,-6.8,92.2,48.91,3.1,1810.4,187.6,15.65,2
5917.4,-36.5,47.72,7.34,3.67,923.8,-17.5,27.51,2
5613.6,0.8,49.74,12.18,3.83,4473.4,38.6,22.42,1
4506.8,-14.6,57.68,24.71,3.88,749.0,79.9,16.62,2
4059.3,-4.5,61.17,48.49,3.35,3182.3,231.4,10.46,2
5853.8,6.0,48.13,39.05,1.16,4451.8,202.3,9.81,2
1612.0,25.2,83.4,45.12,2.08,4560.7,207.7,15.13,2
973.8,9.6,90.16,18.02,3.9,3968.3,58.2,32.18,1
1937.1,-7.4,80.12,49.62,4.77,888.9,205.4,13.44,2
5267.5,21.5,52.12,6.94,0.49,4089.0,38.2,30.77,0
708.0,27.9,93.1,4.54,2.72,1390.1,34.9,64.02,0
3996.8,-31.0,61.67,43.07,1.63,4612.8,167.9,11.62,2
6472.6,-0.1,44.2,46.51,1.2,3548.3,261.6,7.82,2
5634.2,-18.7,49.6,6.35,2.58,3928.5,-3.5,30.34,0
3628.7,-36.5,64.68,7.44,3.07,434.3,-19.8,37.08,2
881.8,10.1,91.17,3.59,0.15,2918.0,15.2,67.07,0
5488.2,24.7,50.59,7.02,3.92,4107.5,42.0,29.73,1
4093.9,-27.8,60.89,12.05,4.12,4309.3,5.9,27.61,1
1189.6,20.9,87.83,48.56,4.83,152.9,218.2,15.0,2
1063.1,24.0,89.19,34.06,0.99,4696.4,143.1,20.24,2
5957.8,28.6,47.45,39.37,3.01,226.3,228.6,9.61,2
4515.2,-20.1,57.61,39.25,2.19,3076.4,160.7,11.7,1
5475.7,27.8,50.67,27.68,1.74,3470.0,146.0,13.45,2
5773.9,-16.0,48.66,40.28,2.87,545.7,188.0,9.68,2
3930.6,1.4,62.2,30.6,3.93,249.6,124.2,15.32,2
3604.7,-36.2,64.88,17.1,0.21,3926.7,17.0,23.94,2
3082.6,-36.7,69.38,28.93,4.85,1929.5,70.8,17.82,2
2401.7,14.0,75.61,27.61,4.07,544.5,110.4,20.1,2
3107.6,-6.7,69.15,41.53,3.78,3815.7,171.9,13.42,2
5143.3,-20.8,52.99,49.12,3.83,4247.3,237.2,8.96,2
4111.5,-25.7,60.75,21.73,2.01,2941.1,51.2,19.15,1
5855.1,10.2,48.13,38.64,3.78,814.6,203.7,9.89,2
3160.3,-40.0,68.69,6.79,2.0,86.0,-25.8,40.92,2
4142.5,20.4,60.5,39.29,4.5,3507.0,197.1,12.28,2
4287.8,-34.1,59.36,19.83,0.97,2755.2,34.4,19.9,2
4050.2,-25.6,61.24,3.89,1.53,3257.5,-18.7,44.09,0
4715.8,-11.0,56.1,19.44,2.8,4067.8,57.4,19.06,1
1924.6,-3.6,80.24,31.31,1.66,2176.8,108.0,19.42,2
3574.2,-13.4,65.14,7.72,2.18,631.3,4.1,36.75,0
1125.3,-15.9,88.52,46.35,2.51,4700.5,168.1,15.71,2
2807.1,32.3,71.85,5.73,4.3,2730.9,43.2,45.68,1
3426.0,8.1,66.39,46.64,2.66,3080.3,222.5,11.72,2
4413.3,-38.2,58.39,35.94,1.88,4667.7,120.5,12.71,2
6203.2,-7.7,45.88,17.83,1.31,4658.6,59.3,16.49,2
4103.9,25.6,60.81,20.76,2.1,2864.8,97.7,19.77,1
4961.6,-17.4,54.3,37.56,2.63,1495.1,157.7,11.42,2
3537.6,-32.9,65.45,30.87,3.76,4985.6,88.3,16.01,2
4304.6,16.9,59.23,34.24,0.69,3407.3,164.1,13.39,2
925.6,5.5,90.69,20.68,1.19,2048.1,64.2,29.56,1
2026.3,2.8,79.24,25.42,1.96,2803.6,86.6,22.37,1
2671.1,-36.0,73.09,49.51,1.87,2085.0,186.2,12.28,2
3335.0,-29.5,67.17,12.27,2.02,4442.6,3.4,30.17,0
773.9,6.7,92.37,22.06,3.99,2417.7,70.4,28.81,1
1340.1,-24.4,86.23,16.01,1.69,4119.4,17.7,33.15,0
2160.9,-2.2,77.92,38.73,2.56,4202.5,150.3,15.99,2
6329.2,0.9,45.09,38.67,3.16,4123.4,201.0,9.26,2
2488.1,-18.7,74.79,16.04,1.24,3613.7,26.6,28.73,1
3392.2,31.1,66.68,5.91,3.62,4275.8,43.0,41.92,0
1676.6,23.2,82.74,2.55,2.78,1942.3,26.5,65.93,0
4164.7,14.2,60.33,22.52,2.29,582.2,95.3,18.55,1
2184.1,-34.2,77.69,21.7,4.07,4213.8,33.7,24.51,2
1742.0,-32.0,82.08,49.44,1.29,2495.9,177.2,13.81,2
3599.4,-3.0,64.93,24.55,4.43,645.6,85.2,18.79,0
533.0,-27.9,95.08,14.31,2.85,585.4,6.3,39.12,0
546.0,33.4,94.94,44.78,3.08,804.6,202.7,17.33,2
1814.4,-28.1,81.34,25.57,4.39,3757.4,55.4,22.87,1
720.3,-3.4,92.97,30.76,4.11,3557.2,97.7,22.81,1
1148.2,-12.7,88.27,6.59,3.05,1027.1,-0.7,53.2,0
2533.2,8.0,74.37,20.38,3.79,4236.1,71.5,24.48,1
5315.5,-30.3,51.78,47.32,2.22,1413.7,217.4,9.03,2
3932.3,-7.7,62.19,30.3,2.78,3967.0,113.3,15.43,2
3576.0,-19.4,65.12,18.54,0.4,2449.1,40.1,22.82,1
2260.9,26.6,76.95,32.03,0.54,3660.4,144.2,18.31,2
6090.5,-37.0,46.6,45.7,4.16,1913.1,211.7,8.37,2
2882.1,28.5,71.17,15.15,0.39,1742.2,71.4,28.29,1
1022.6,22.5,89.63,26.25,0.93,4208.4,105.0,24.73,1
4202.4,-17.7,60.03,48.02,4.0,186.2,217.1,10.35,2
1183.0,19.2,87.9,10.28,0.11,4873.9,41.6,43.35,0
2571.3,-37.7,74.02,36.54,1.48,3244.4,106.6,15.9,2
3544.5,32.5,65.39,31.5,2.96,2168.1,157.2,15.76,2
5745.3,-0.5,48.85,34.62,3.02,3144.0,164.2,10.95,2
3461.3,-17.3,66.09,18.86,3.91,622.5,43.2,22.9,1
4713.6,-12.8,56.12,17.07,2.58,2575.1,44.3,20.73,1
6456.9,-35.0,44.3,34.84,2.6,4925.6,139.4,9.88,2
1288.9,34.2,86.77,12.35,3.65,1184.0,63.4,38.83,0
2148.4,-37.1,78.04,22.14,2.54,3614.2,32.6,24.28,2
2867.5,9.1,71.3,11.03,3.08,2180.5,36.6,33.9,0
3031.0,-6.8,69.83,2.4,4.5,3265.8,-3.5,56.32,1
2966.1,31.2,70.41,48.56,2.07,1032.4,251.4,12.02,2
5945.7,-21.6,47.53,22.72,1.99,2357.6,71.0,14.53,2
4784.2,-0.1,55.6,48.53,0.12,4900.7,247.5,9.5,2
4147.4,-3.8,60.47,8.74,3.11,984.5,17.7,32.27,0
2356.2,12.7,76.04,30.19,0.25,3185.9,121.7,18.92,2
5442.7,-34.9,50.9,11.65,2.57,2882.2,0.2,23.51,2
6230.4,-25.5,45.71,39.92,4.04,2829.6,182.3,9.16,2
5427.2,-23.9,51.01,39.62,2.79,3079.5,170.7,10.28,2
509.4,15.4,95.35,7.41,1.42,2516.2,29.0,54.78,0
4318.4,-25.8,59.13,45.78,3.95,94.5,195.5,10.6,2
806.8,3.0,92.0,11.34,1.42,4501.5,28.2,43.11,0
2045.6,-23.9,79.05,31.42,3.69,4136.6,89.2,19.08,1
857.1,24.6,91.44,49.31,3.09,879.1,222.1,15.42,2
4122.8,30.7,60.66,44.36,0.93,2072.2,239.7,11.16,2
4619.5,-1.1,56.82,47.92,4.54,3855.0,239.5,9.81,2
1186.9,-13.6,87.86,18.44,1.08,4900.5,37.3,30.89,0
2803.0,-22.4,71.88,7.07,4.95,4756.2,-7.8,42.12,1
3237.4,-36.3,68.02,11.04,0.14,4497.8,-8.1,32.33,2
2714.3,-19.9,72.69,26.02,1.39,800.3,70.7,20.18,1
1226.2,9.1,87.44,40.08,1.08,4573.2,160.1,17.46,2
3013.7,0.0,69.99,9.21,0.17,4393.4,21.6,36.44,0
5007.1,30.8,53.97,33.67,3.69,1891.0,181.5,12.36,2
926.0,-10.3,90.68,17.53,3.5,1978.7,36.3,32.94,0
981.1,12.0,90.08,18.38,3.98,2304.9,62.0,31.74,1
2628.6,-3.3,73.48,33.77,1.36,3284.3,126.4,16.79,2
6150.4,-1.6,46.22,24.42,2.28,1311.6,102.3,13.43,2
4511.4,-19.9,57.64,40.98,3.33,124.5,172.0,11.31,2
4572.0,-5.9,57.18,9.48,2.25,714.7,19.0,29.35,1
2671.5,-4.7,73.09,39.92,3.52,2206.2,159.6,14.64,2
4062.0,13.0,61.14,5.08,3.21,1417.2,23.0,40.54,0
560.8,30.5,94.77,11.31,0.66,3824.9,55.2,44.46,0
4316.6,-15.3,59.14,33.5,3.93,542.4,127.6,13.6,2
5979.7,-36.8,47.31,43.04,3.63,4588.2,190.1,8.92,2
4175.4,-2.8,60.24,14.13,3.31,4477.7,39.5,24.97,1
5742.2,0.8,48.87,17.71,0.86,4544.7,65.2,17.64,2
4843.8,-27.4,55.16,27.78,1.41,3700.7,86.5,14.6,0
1223.4,17.0,87.47,12.16,2.03,543.9,45.5,39.48,0
5914.7,33.9,47.74,40.94,1.47,2196.3,244.5,9.37,2
898.7,30.9,90.98,39.13,1.22,665.7,174.2,18.52,2
3703.8,-25.2,64.06,8.97,4.05,4938.6,-3.5,33.76,1
1352.8,25.7,86.09,24.26,3.23,1671.9,101.1,25.13,1
570.2,12.8,94.66,39.19,2.87,2930.8,153.6,19.24,2
3032.2,-6.0,69.82,18.19,1.21,3899.2,50.0,24.77,1
2270.2,0.5,76.86,32.39,4.6,4603.9,120.1,18.13,2
3416.0,23.7,66.48,4.41,1.04,3780.2,31.6,46.13,0
3963.2,-4.0,61.94,31.22,4.0,3375.8,122.5,15.03,2
762.4,-12.0,92.49,9.33,4.84,2335.2,7.1,47.86,1
1238.0,-3.0,87.31,41.87,3.66,3030.9,157.7,16.83,2
3851.9,3.4,62.84,19.06,4.97,479.9,66.4,21.62,1
2559.0,-25.8,74.13,15.51,3.29,4420.8,17.6,29.05,1
4875.0,27.6,54.93,42.36,1.17,2723.4,233.5,10.49,2
4413.7,10.6,58.39,4.41,1.1,210.3,19.0,40.53,0
5573.6,7.5,50.01,21.04,1.69,4600.3,88.5,16.11,2
4655.0,-32.5,56.56,19.76,0.13,2451.6,37.3,19.0,2
3079.6,5.3,69.4,15.67,3.44,4344.3,50.9,27.04,1
4537.8,-30.9,57.44,45.76,1.42,4285.9,193.5,10.3,2
2152.3,-34.1,78.0,38.04,4.09,4080.6,114.6,16.24,2
2337.9,-0.5,76.22,5.07,1.86,316.4,8.5,50.58,0
5233.9,-9.8,52.35,36.3,2.45,1242.9,160.2,11.31,2
3178.5,4.2,68.53,27.31,4.83,4379.0,103.9,18.37,1
5290.3,-33.3,51.96,45.24,1.29,4496.0,198.9,9.41,2
5434.5,-7.7,50.96,17.02,3.63,2295.8,52.0,18.86,1
5645.4,-26.9,49.52,29.56,3.8,2205.8,104.2,12.52,2
5999.8,34.0,47.18,26.04,1.18,884.0,146.5,13.09,2
3085.9,2.1,69.35,25.5,2.55,4842.4,92.2,19.53,1
2413.2,11.6,75.5,23.89,1.82,1073.6,90.4,22.28,1
3993.2,-15.6,61.69,11.87,3.88,962.8,17.1,28.21,1
2727.0,-32.9,72.58,38.27,3.15,3307.0,122.6,15.03,2
4106.4,33.2,60.79,23.66,2.43,1221.8,119.8,18.06,0
4733.5,-18.5,55.97,48.01,3.92,4694.5,224.6,9.65,2
4630.4,-8.2,56.74,14.52,1.25,64.4,37.0,23.14,1
2747.3,8.7,72.39,34.77,3.79,38.7,144.8,16.17,2
1501.2,-38.1,84.54,47.15,4.34,2529.3,154.8,14.79,2
3083.2,20.8,69.37,33.85,4.41,2445.4,154.6,15.82,2
1355.6,0.2,86.07,43.82,3.94,825.2,172.8,15.99,2
5840.6,-19.1,48.22,41.72,2.1,2477.7,196.0,9.32,2
2575.3,-35.4,73.98,19.29,4.91,2064.2,23.6,25.26,2
1426.8,-27.8,85.32,30.81,1.96,4452.7,78.0,20.91,1
652.7,27.1,93.73,9.5,3.23,56.2,46.6,48.06,0
4374.9,11.5,58.69,27.71,0.89,4881.6,121.4,15.56,2
4321.4,-21.3,59.1,13.06,4.9,3125.7,17.0,25.63,1
2543.6,-35.1,74.27,37.7,3.55,767.7,115.4,15.57,2
930.3,11.8,90.64,27.35,3.79,243.3,98.7,24.27,1
2957.8,2.9,70.49,21.74,0.42,2695.1,74.4,22.21,1
2367.3,-9.7,75.94,14.9,3.84,1182.1,30.9,30.49,0
4562.7,-12.7,57.25,49.94,3.9,1512.8,241.3,9.55,2
4134.7,-23.7,60.57,5.44,3.39,1233.2,-12.6,39.22,0
2687.6,10.2,72.94,4.09,1.53,3254.4,17.0,51.76,0
1807.4,32.8,81.42,12.43,2.5,2772.1,63.2,36.3,0
6428.2,-26.8,44.48,48.61,0.64,399.1,250.7,7.59,2
3224.0,4.8,68.13,49.0,2.41,2637.4,231.6,11.55,2
4629.6,-8.2,56.75,33.44,1.29,3958.0,137.3,13.06,2
1343.3,-6.5,86.19,44.25,1.81,415.2,168.3,15.89,2
3413.5,-20.9,66.5,12.27,0.9,4449.8,12.1,29.86,1
665.2,21.9,93.58,48.66,1.23,2895.8,213.5,15.95,2
3532.7,-3.6,65.49,8.85,0.48,4753.6,17.5,34.73,0
6284.1,0.8,45.37,6.85,4.61,749.2,18.5,26.92,1
2805.2,-17.1,71.86,7.39,2.7,4967.9,-1.5,41.33,0
734.0,-26.4,92.81,29.51,2.04,3224.9,69.2,23.49,1
685.7,-33.6,93.35,39.49,2.72,2841.8,109.6,18.86,2
2827.9,13.6,71.66,19.6,3.18,2581.2,74.9,24.21,1
1460.1,-25.3,84.97,48.94,4.62,128.0,177.4,14.42,2
640.1,11.8,93.87,22.85,0.98,4698.8,78.2,28.57,1
5037.3,-10.7,53.75,9.22,1.55,3223.5,13.9,27.96,1
3251.1,-8.8,67.9,24.37,4.88,467.2,76.6,19.76,1
2235.5,-4.8,77.2,34.59,1.92,114.6,126.0,17.31,2
5900.5,-12.4,47.83,41.95,0.21,263.4,205.3,9.21,2
1196.8,-32.5,87.75,24.02,0.82,3050.9,41.2,25.79,2
6235.5,-16.8,45.68,30.49,0.23,3073.9,125.8,11.28,2
2383.8,9.8,75.78,14.83,4.95,2503.3,50.1,30.52,1
5830.4,9.9,48.29,33.0,1.47,1540.8,164.8,11.23,2
4117.7,-18.5,60.7,49.33,4.63,2663.4,223.9,10.23,2
5460.2,-5.5,50.78,4.35,4.98,2586.3,3.4,35.37,1
6404.1,-25.5,44.62,44.55,3.04,106.9,219.8,8.18,2
2230.4,-24.2,77.25,28.99,0.26,1419.5,77.9,19.81,1
6266.8,-38.3,45.48,14.1,0.5,275.4,10.3,18.87,2
2836.9,27.3,71.57,47.83,2.46,4501.8,241.2,12.38,2
2813.1,-24.2,71.79,25.2,2.09,3628.9,62.9,20.39,1
2542.3,-22.9,74.29,17.92,3.07,4980.6,30.2,26.61,1
3748.4,-19.0,63.69,10.71,2.25,1517.8,8.9,30.75,0
1424.9,-30.4,85.34,13.73,4.68,4393.6,3.7,35.96,2
3822.3,7.9,63.08,41.98,2.72,3019.2,197.7,12.14,2
3750.2,-34.4,63.67,31.49,3.5,2271.1,91.9,15.35,2
5071.4,-29.9,53.51,45.84,4.49,1120.6,203.1,9.58,2
5501.9,8.4,50.49,13.13,0.82,3694.6,50.1,21.83,1
3142.6,-14.5,68.85,7.81,1.23,4521.7,2.7,38.65,0
2314.0,13.1,76.44,2.29,0.63,1184.2,16.0,62.19,0
2056.0,1.8,78.94,26.38,0.78,885.2,90.3,21.7,1
1667.7,-20.8,82.83,49.92,2.61,3484.1,190.3,13.82,2
845.9,8.8,91.57,35.36,1.67,4885.1,132.7,20.19,2
2554.7,-31.3,74.17,16.8,2.17,3752.3,17.3,27.67,2
2121.5,0.2,78.3,44.09,4.91,1430.1,182.7,14.48,2
6298.5,-7.2,45.28,39.52,0.87,2105.6,198.6,9.14,2
3846.3,-19.9,62.89,2.74,2.75,1927.7,-15.7,49.36,0
2583.7,5.3,73.9,41.21,0.58,4262.0,176.2,14.43,2
3982.8,25.4,61.78,16.43,1.66,3859.1,76.9,23.38,1
1335.2,34.9,86.28,9.18,2.68,2949.0,54.2,44.97,0
3164.3,5.6,68.66,12.86,4.74,1382.0,40.3,30.03,1
4257.4,-9.6,59.6,24.49,2.02,4690.6,82.2,17.28,2
3433.4,-23.1,66.33,22.39,0.42,3270.0,53.7,20.48,1
2910.7,-20.7,70.91,15.87,2.0,4852.7,25.1,27.41,1
6463.1,-4.0,44.26,10.27,0.81,2904.8,27.5,21.84,1
5781.9,-12.5,48.61,38.59,1.23,4107.8,179.7,10.0,2
4240.4,28.5,59.73,49.53,3.13,4067.4,274.3,10.03,2
3916.3,-12.4,62.32,39.33,0.43,1693.3,161.9,12.63,2
4224.0,-12.0,59.86,16.2,2.38,4820.5,39.4,22.84,1
1707.9,-11.2,82.42,13.75,3.09,119.5,23.6,34.7,0
2870.8,22.7,71.27,12.45,2.17,3845.9,55.3,31.75,0
736.8,8.8,92.78,8.56,0.19,4828.1,25.7,49.99,0
3353.3,6.1,67.02,28.46,4.93,1701.2,112.9,17.42,2
3758.1,-14.9,63.61,31.06,1.9,3244.1,109.0,15.49,2
1866.5,21.3,80.82,35.86,3.92,2815.5,155.8,17.62,2
6284.2,-37.1,45.37,34.65,1.7,3809.9,133.9,10.16,2
5956.7,25.3,47.46,16.03,2.43,4332.2,82.2,18.23,1
4832.9,-1.5,55.24,17.85,2.0,3019.2,59.7,19.83,1
3700.3,-10.1,64.09,34.71,1.78,4081.4,134.2,14.33,2
5719.8,-2.7,49.02,18.77,0.21,1568.3,67.1,17.04,2
1283.9,10.1,86.82,12.21,1.86,1150.6,38.8,39.1,0
5243.1,-39.0,52.29,19.97,4.46,2159.0,34.6,17.45,2
1248.9,25.4,87.19,15.06,3.48,3391.9,63.8,34.79,0
5265.3,-6.5,52.13,6.24,0.81,944.4,8.0,32.1,0
2154.6,-14.3,77.98,41.85,3.0,3405.0,155.7,15.04,2
5762.5,-29.6,48.74,42.95,4.47,1976.5,193.3,9.2,2
6164.3,-7.0,46.13,12.55,3.53,3979.9,33.9,20.46,1
1392.8,-2.8,85.67,5.11,0.83,193.8,5.8,56.7,0
3276.1,-9.7,67.68,37.46,4.35,3343.2,146.5,14.26,2
6385.9,10.9,44.74,12.15,1.58,3252.6,50.6,20.19,1
3400.4,-8.4,66.61,20.88,2.32,4705.3,61.1,21.57,1
5681.3,32.1,49.28,5.08,2.68,3569.7,43.3,32.68,0
4032.4,4.9,61.38,12.86,4.27,3983.5,41.7,26.85,1
2752.0,20.6,72.35,40.06,4.66,4523.9,186.5,14.45,2
2214.7,-31.8,77.4,40.61,4.66,3378.5,131.8,15.29,2
1719.3,-10.2,82.3,11.94,0.14,1457.9,18.4,37.51,0
5070.8,-14.7,53.51,18.12,4.62,4350.2,48.8,19.03,1
2819.2,2.7,71.74,8.44,0.37,3740.4,21.6,38.89,0
3567.7,24.6,65.19,5.56,1.4,2127.9,35.6,41.9,0
3454.0,-34.1,66.15,49.62,2.62,3555.5,200.1,11.1,2
3963.7,-34.6,61.93,33.47,2.45,4339.8,104.9,14.25,2
5693.5,23.8,49.2,28.02,3.06,4878.5,145.8,12.94,2
6384.4,-24.0,44.75,38.74,2.45,4762.2,177.4,9.18,2
2945.5,10.2,70.6,42.32,4.68,1633.4,191.6,13.49,2
5465.1,0.7,50.75,40.72,1.28,2114.3,203.5,10.0,2
5087.2,22.5,53.39,2.79,1.44,556.6,27.1,41.73,0
3941.2,-30.6,62.11,10.97,4.61,1245.2,-1.4,29.63,2
6236.3,-30.3,45.67,33.44,0.48,4413.3,131.9,10.51,2
1702.8,1.8,82.47,20.04,3.09,1810.6,60.7,27.46,1
1155.6,31.0,88.19,49.16,3.44,3106.6,231.2,14.91,2
5623.8,-8.9,49.67,33.94,2.58,3333.2,149.9,11.3,2
3134.9,-15.5,68.91,47.91,3.5,3911.3,203.0,11.9,2
5581.8,5.5,49.95,11.67,0.95,922.2,41.0,23.05,1
5858.5,29.8,48.1,43.47,4.28,1531.0,258.0,9.0,2
874.7,22.8,91.25,17.42,0.79,2247.2,68.8,33.27,0
5800.8,34.7,48.48,49.5,2.06,1830.6,307.3,8.15,2
3189.9,-38.3,68.43,9.57,0.47,4914.7,-15.3,34.97,2
3562.6,-31.5,65.24,26.78,2.77,4176.4,67.9,17.73,1
4259.6,5.7,59.58,40.06,3.38,2403.6,188.6,11.9,2
6058.3,21.5,46.81,22.77,4.71,4397.6,115.1,14.28,2
614.7,-18.6,94.16,24.47,3.72,1744.8,54.3,27.32,1
3361.1,-22.1,66.95,49.35,2.75,3931.3,208.9,11.28,2
4626.3,19.0,56.77,22.41,4.67,1126.1,102.1,17.51,2
4836.2,-35.8,55.21,31.0,2.44,3863.9,96.9,13.47,2
4655.2,-12.3,56.56,4.62,2.85,2287.7,-3.2,38.69,0
1306.6,-2.1,86.58,42.43,3.02,546.4,162.3,16.52,2
2296.4,2.0,76.61,33.11,2.11,1373.6,125.6,17.77,2
2652.3,14.6,73.26,21.39,4.21,2017.4,83.2,23.34,1
5326.6,-13.4,51.7,2.78,1.01,3749.0,-8.7,40.47,0
2172.6,6.0,77.81,30.4,2.82,374.2,114.7,19.26,2
1764.2,3.9,81.85,2.61,3.64,3301.1,7.3,64.92,0
6244.7,1.1,45.62,2.06,4.53,3582.9,4.3,37.83,1
553.2,8.0,94.85,31.57,4.43,3273.1,111.9,22.82,2
6486.9,-20.5,44.11,11.07,2.59,3805.7,14.6,20.93,1
4560.9,-33.7,57.27,11.21,3.25,899.1,-2.3,27.0,2
5470.8,-31.1,50.71,33.36,2.03,2939.6,122.4,11.7,2
2267.7,-23.2,76.89,4.58,2.39,4706.3,-15.4,52.74,0
585.9,-2.5,94.48,17.04,4.54,3057.8,41.4,34.94,1
4927.2,23.0,54.55,9.17,4.66,3060.6,47.3,28.45,1
5504.9,12.6,50.47,29.85,4.49,3684.8,144.2,12.67,2
4942.9,19.2,54.43,33.76,0.78,1672.7,169.8,12.44,2
1357.1,-13.7,86.05,36.61,4.27,3505.4,120.5,18.46,2
5020.6,-9.7,53.87,14.25,4.75,4582.0,35.6,22.21,1
5113.5,-10.5,53.21,6.28,1.87,64.4,4.0,32.67,0
4451.2,-25.6,58.1,5.78,2.64,4351.9,-13.3,36.83,0
5096.7,-35.4,53.33,22.46,3.92,1100.9,50.6,16.43,2
5575.5,4.3,49.99,47.4,2.85,2285.1,257.0,8.71,2
4181.6,34.2,60.2,12.45,4.97,4263.2,69.6,26.81,1
1031.6,-27.5,89.53,14.32,2.33,4121.3,7.9,36.81,0
3425.8,-36.5,66.39,6.84,3.6,4460.7,-21.9,39.42,2
965.9,18.5,90.25,31.07,3.98,4702.7,122.6,21.98,2
2945.3,-21.1,70.6,34.63,2.52,2241.3,116.0,15.82,2
2942.6,22.2,70.62,32.86,4.3,3285.3,149.5,16.48,2
896.1,12.8,91.01,43.33,2.78,1958.5,178.0,17.06,2
2592.9,30.9,73.81,25.35,2.12,1760.1,117.5,20.88,2
1166.0,-9.3,88.08,8.45,0.63,2163.7,7.7,47.73,0
5349.4,9.6,51.54,15.89,2.03,3717.9,63.5,19.91,1
6186.1,-5.1,45.99,33.8,3.7,2512.2,158.9,10.5,2
933.9,7.3,90.6,31.43,4.61,4072.2,112.9,21.87,2
6230.7,-6.3,45.71,27.49,1.33,3728.6,117.0,12.19,2
3635.5,-25.9,64.63,34.78,1.84,112.2,118.2,14.43,2
2297.4,-1.9,76.6,32.59,0.85,3154.9,118.9,17.98,2
961.2,-0.4,90.3,44.3,3.48,2188.5,170.7,16.63,2
3503.7,20.8,65.73,30.13,4.8,2288.6,137.6,16.38,2
5267.1,15.2,52.12,39.37,3.24,4093.7,206.0,10.56,2
4742.5,9.8,55.9,13.94,3.12,2742.6,52.8,23.35,1
801.4,-31.5,92.06,34.55,2.81,4429.3,88.1,20.66,2
937.4,14.0,90.56,45.31,0.53,3566.9,190.3,16.37,2
2917.2,-2.5,70.85,20.52,3.67,2768.7,63.2,23.22,1
2271.7,27.1,76.85,39.4,3.05,3775.1,184.4,15.56,2
1894.3,29.0,80.54,36.79,3.34,201.4,168.6,17.21,2
2186.0,-35.9,77.68,4.86,4.5,145.1,-27.5,52.28,2
5320.9,21.5,51.74,29.91,3.94,425.9,151.9,12.96,2
6075.4,-37.2,46.7,8.25,3.93,2193.5,-14.6,25.59,2
2930.6,-12.5,70.73,48.43,4.64,1184.9,206.5,12.1,2
5936.7,0.7,47.59,40.95,4.95,4921.5,211.7,9.34,2
2429.0,-28.9,75.35,7.27,2.95,2716.0,-14.0,43.64,0
3358.6,16.0,66.97,7.84,0.63,3315.5,33.6,37.53,0
1856.2,-39.4,80.93,30.53,2.35,1401.3,67.9,19.96,2
4342.9,-27.4,58.94,18.55,3.96,1615.8,35.2,20.64,1
6373.9,3.6,44.81,3.68,0.24,1684.0,11.0,32.77,0
4121.0,13.6,60.67,28.0,0.38,3496.7,123.3,15.97,2
2646.9,28.7,73.31,20.62,0.43,2373.8,93.8,23.95,1
4386.9,12.9,58.6,6.85,3.68,2593.2,28.5,34.77,0
1237.5,10.4,87.32,40.49,2.56,2964.1,163.7,17.29,2
5832.0,-10.4,48.28,45.92,1.91,3846.4,235.6,8.63,2
3518.5,-39.9,65.61,38.32,0.62,460.9,123.9,13.58,2
3196.1,-31.0,68.38,41.48,3.69,3886.6,148.2,13.28,2
4015.2,0.1,61.52,12.39,1.67,2820.5,34.9,27.47,1
4248.7,10.6,59.67,14.65,1.4,3348.8,55.3,24.2,1
930.7,-8.7,90.63,12.01,3.3,1644.5,18.8,41.18,0
4595.7,14.8,57.0,38.72,2.84,2052.8,193.1,11.7,2
1951.6,-0.9,79.97,47.5,1.88,1163.5,199.5,13.91,2
4783.7,-34.4,55.6,36.41,3.24,4896.7,131.2,11.98,2
5435.2,-25.6,50.95,44.31,1.43,2490.0,202.2,9.38,2
5323.8,23.0,51.72,32.66,3.99,4980.4,170.5,12.13,2
3815.0,14.4,63.14,20.61,1.22,2454.0,84.4,20.63,1
3621.0,27.1,64.75,22.44,0.88,1106.6,105.0,19.96,2
1357.3,-31.2,86.05,5.62,3.93,2542.2,-21.5,55.1,2
5152.1,34.3,52.93,3.51,3.57,207.6,40.7,39.18,0
2128.5,-24.3,78.24,35.38,0.99,4524.8,109.8,17.24,2
3480.2,-39.1,65.93,23.04,0.67,4094.6,41.1,19.95,2
2205.6,34.8,77.49,28.51,4.21,3631.8,134.4,20.12,2
1303.0,-18.9,86.62,28.77,3.91,3053.0,76.5,22.34,1
4277.3,10.1,59.44,15.31,1.7,2903.4,57.7,23.48,1
826.0,-26.7,91.79,24.84,3.33,4983.7,48.7,26.34,1
4991.9,3.5,54.08,24.6,0.71,1397.2,100.5,15.63,2
2405.5,27.8,75.57,20.64,2.58,3900.6,92.0,24.66,2
500.8,-16.0,95.45,41.39,0.19,2911.2,135.3,18.57,2
3566.8,10.3,65.2,23.66,2.02,4879.6,93.9,19.37,1
781.1,-25.9,92.29,30.97,0.47,4140.7,76.6,22.52,1
2157.0,6.9,77.96,44.98,2.43,4992.6,194.9,14.18,2
4741.9,-14.8,55.91,43.58,2.17,2945.7,197.7,10.43,2
876.1,-24.2,91.23,44.74,2.28,1030.7,148.4,16.67,2
5536.0,-16.5,50.26,14.96,0.32,2523.4,33.6,20.14,1
522.9,-26.6,95.2,3.68,1.87,3558.4,-21.5,69.59,0
1980.9,27.6,79.68,14.53,3.81,3874.1,65.9,32.48,1
4945.4,-10.2,54.42,15.38,1.91,12.5,39.9,21.44,1
2397.6,-21.6,75.65,45.65,3.6,2530.1,173.3,13.59,2
1111.4,-6.4,88.67,33.16,1.91,1183.8,108.7,20.54,2
2661.4,-16.0,73.18,5.92,2.17,4375.8,-4.6,45.96,0
2122.4,15.8,78.29,8.5,2.86,773.0,34.0,42.33,0
5556.3,32.8,50.12,9.47,4.76,3335.6,59.3,25.74,1
2380.1,-7.1,75.81,32.26,0.63,1337.7,112.6,17.94,2
5233.6,24.6,52.35,37.3,0.26,1789.1,201.1,11.07,2
5851.2,2.4,48.15,43.26,3.08,4703.4,229.0,9.04,2
3102.9,-28.2,69.2,47.15,4.75,1209.8,185.0,12.11,2
5959.7,11.8,47.44,11.68,4.95,484.1,48.3,21.88,1
2763.9,-1.5,72.24,16.87,2.47,355.7,48.0,26.89,1
6284.5,8.8,45.37,13.54,2.39,2528.0,54.7,19.28,1
1035.7,26.7,89.49,19.22,3.26,3212.1,80.1,30.62,0
4622.1,-7.0,56.8,45.9,2.82,1643.2,219.7,10.16,2
3462.9,27.6,66.08,29.61,3.21,3454.4,141.3,16.68,2
2825.9,16.3,71.67,37.43,4.38,314.6,167.9,15.11,2
4296.3,-3.4,59.3,25.53,3.76,4288.1,94.2,16.69,2
4723.1,5.2,56.05,3.39,2.53,4084.7,11.2,41.87,0
526.2,-15.6,95.16,5.08,2.36,4927.6,-7.5,63.1,0
1501.7,33.8,84.54,27.82,3.23,4683.2,125.9,22.35,2
4778.3,10.1,55.64,36.5,2.33,1787.4,176.2,11.97,2
4498.3,-36.7,57.74,12.34,2.34,2002.4,-1.0,25.85,2
6296.3,-15.5,45.3,36.65,0.18,3732.4,169.7,9.71,2
5066.2,6.7,53.54,40.91,0.95,679.1,205.4,10.52,2
6204.6,-35.8,45.87,21.77,2.49,1576.9,53.0,14.44,2
4715.2,-38.2,56.11,37.83,4.13,601.5,135.7,11.73,2
2288.3,-6.2,76.69,21.39,1.47,2279.9,60.7,24.43,1
1132.2,-15.0,88.44,34.56,2.66,2764.5,107.0,19.85,2
5190.9,-7.1,52.66,38.67,1.79,1063.7,178.0,10.82,2
4364.9,-20.3,58.76,49.61,0.61,142.9,228.1,9.86,2
789.1,-27.6,92.2,18.58,4.8,3599.6,22.5,32.26,1
2660.3,11.7,73.19,21.73,4.29,109.8,81.8,23.07,1
6240.8,-1.4,45.64,9.95,0.48,4867.3,28.3,22.88,1
3502.4,-25.0,65.74,11.8,3.63,1115.8,6.4,30.16,0
3096.4,-16.0,69.25,35.28,1.8,3322.9,126.0,15.29,2
3246.2,4.4,67.94,46.02,4.97,2179.4,212.3,12.13,2
1753.3,-34.6,81.96,20.94,1.58,307.8,28.3,26.49,2
2712.2,-28.9,72.71,10.63,1.27,2366.2,-3.1,35.24,0
2718.9,-34.5,72.65,15.68,2.88,2588.6,10.1,28.29,2
814.1,20.9,91.92,23.84,4.19,4274.9,92.1,27.16,1
5105.4,16.4,53.26,15.95,1.04,3664.4,69.7,20.52,1
2999.0,16.5,70.12,13.21,3.58,405.7,52.2,30.21,0
5433.1,13.7,50.97,37.33,0.4,1053.7,192.8,10.77,2
5602.1,10.2,49.81,2.38,4.6,1566.3,14.0,40.25,1
1772.0,-4.2,81.77,27.88,0.5,590.9,89.8,21.59,1
4444.1,8.2,58.16,40.1,4.58,2289.9,193.6,11.61,2
3333.7,-37.1,67.18,14.78,2.5,4921.7,5.5,27.11,2
5780.9,6.6,48.62,30.96,2.3,2577.9,147.7,11.87,2
1794.4,18.3,81.55,34.11,4.87,3712.0,143.1,18.49,2
4566.9,-2.5,57.22,33.44,4.95,3417.9,142.5,13.17,2
4146.5,-13.2,60.47,23.4,3.29,4251.1,72.3,18.11,1
2271.8,-19.2,76.85,18.64,0.72,1086.5,36.0,26.84,1
1319.6,8.2,86.44,42.12,2.58,3771.6,171.1,16.58,2
4409.8,12.0,58.42,38.41,2.69,4408.0,186.1,12.07,2
4931.6,25.3,54.52,17.42,2.62,865.8,84.9,19.88,1
2393.8,-14.3,75.68,6.94,2.89,1740.5,-0.4,44.67,0
4369.0,17.7,58.73,5.45,0.19,4850.8,29.0,38.02,0
2870.8,2.1,71.27,6.53,3.59,3906.1,15.3,43.13,0
4779.2,26.2,55.63,29.98,3.59,1420.1,152.3,13.92,2
1695.3,-0.4,82.55,4.48,0.67,2824.1,6.8,57.01,0
5841.3,-1.2,48.22,18.17,2.89,2027.6,66.0,17.11,2
2224.5,3.3,77.3,38.15,2.88,2454.9,153.3,16.05,2
2706.7,16.2,72.76,16.13,3.44,1782.3,62.5,27.85,1
848.6,32.4,91.54,38.64,0.52,1403.9,172.6,18.82,2
1169.1,-34.5,88.05,37.78,3.17,3377.1,104.1,18.43,2
3595.2,-36.0,64.96,13.8,1.48,3894.9,3.4,27.3,2
2105.6,30.3,78.46,36.98,2.58,4371.0,172.8,16.7,2
5512.9,-0.3,50.42,37.89,3.89,785.1,183.7,10.53,2
588.2,6.1,94.46,21.08,3.56,4116.0,65.2,30.39,0
2774.6,-3.8,72.14,12.1,0.68,1281.5,27.3,32.64,0
2524.1,-33.0,74.46,27.02,3.0,2142.4,61.3,20.11,2
616.0,17.6,94.14,46.23,4.85,4508.2,195.4,16.74,2
1246.2,16.0,87.22,32.7,0.87,2278.0,129.8,20.43,2
2981.9,-16.6,70.27,10.3,4.28,993.3,8.5,34.62,1
3457.2,-17.0,66.13,34.77,3.54,807.7,125.4,14.77,2
2925.7,22.8,70.77,22.51,3.89,2370.2,97.7,21.77,1
3685.6,-34.6,64.21,30.39,1.48,3815.7,85.1,15.9,2
4070.8,26.1,61.07,37.24,1.51,4986.1,189.1,12.93,2
559.5,-20.8,94.78,26.72,4.54,3939.2,61.5,25.81,1
3284.6,4.5,67.61,41.07,1.86,4386.3,182.3,13.24,2
6281.0,30.2,45.39,36.66,0.41,3741.7,215.3,9.73,2
3614.2,10.9,64.8,31.52,3.04,4478.2,136.2,15.61,2
4565.3,-8.9,57.23,9.24,0.71,390.7,15.0,29.75,1
2371.2,11.7,75.9,42.13,4.0,4650.4,185.6,14.56,2
5143.9,-14.2,52.99,46.92,3.24,1988.1,227.8,9.31,2
5137.5,-19.2,53.03,8.57,4.39,4608.9,3.2,28.55,1
3627.8,34.8,64.69,25.44,3.95,387.9,127.7,18.26,2
6356.1,16.3,44.92,14.43,0.65,3579.1,66.7,18.39,1
1253.3,8.4,87.15,38.22,1.97,3681.1,149.9,18.07,2
601.7,-13.4,94.3,36.64,3.9,4984.6,114.9,20.22,2
5120.9,-36.3,53.15,8.76,2.14,3846.6,-13.3,28.33,2
5342.9,-37.7,51.59,44.1,4.86,1919.0,187.2,9.54,2
1221.2,1.6,87.49,10.69,3.71,2790.7,25.3,42.29,0
2093.5,17.2,78.58,40.27,0.18,1839.1,177.6,15.63,2
605.3,0.3,94.26,23.94,4.41,988.1,71.0,27.78,1
2259.9,23.1,76.96,17.76,0.59,1250.0,74.6,27.73,1
5138.9,-37.5,53.03,9.6,0.79,1117.8,-11.3,27.06,2
3607.8,-12.5,64.86,10.05,3.7,2748.6,12.8,32.35,0
2588.6,-22.2,73.86,33.77,4.34,4531.7,107.1,16.87,2
2730.4,-6.5,72.55,28.42,2.73,4564.5,96.0,18.88,1
508.1,-34.6,95.37,7.86,1.52,283.3,-19.8,53.4,2
2298.8,31.6,76.59,7.41,1.82,408.7,46.8,43.99,0
4378.8,-23.3,58.66,5.47,1.78,1233.1,-11.9,37.91,0
6345.2,29.2,44.99,37.7,1.7,1282.7,222.5,9.43,2
5582.4,-8.1,49.95,36.17,1.29,483.5,165.1,10.82,2
641.6,33.9,93.85,4.8,3.08,1948.4,41.4,63.39,0
5891.4,1.6,47.89,28.89,4.51,2942.7,130.7,12.31,2
5199.2,29.8,52.6,6.06,1.6,2895.0,43.7,32.74,0
5182.3,-39.6,52.72,45.38,1.01,2721.7,191.9,9.52,2
3248.0,16.1,67.93,45.54,4.21,1700.0,221.1,12.23,2
2888.0,27.7,71.11,35.52,3.73,3535.2,169.2,15.62,2
2317.5,-29.5,76.41,46.46,4.66,4134.2,169.2,13.53,2
894.2,-32.8,91.03,40.95,0.91,1737.9,119.8,17.87,2
1869.4,-8.2,80.79,41.77,0.81,436.8,158.4,15.61,2
1979.6,30.0,79.7,29.35,2.75,1488.7,132.3,20.26,2
3404.5,0.7,66.58,16.69,3.11,695.5,51.5,24.94,1
4984.7,-0.4,54.13,12.45,2.45,2342.1,36.9,24.11,1
3342.9,-29.4,67.11,17.71,3.03,788.1,25.5,24.22,2
847.1,-39.9,91.55,32.17,0.98,2319.6,68.6,21.71,2
6246.7,20.8,45.61,10.29,2.45,1112.8,51.9,22.48,1
6156.3,-33.4,46.18,14.41,3.32,3696.3,16.2,18.91,2
5211.1,7.5,52.51,24.47,2.22,147.6,105.2,15.24,2
6448.0,28.6,44.35,13.19,3.43,2778.2,73.3,19.13,1
3766.9,-24.4,63.54,30.25,2.31,855.7,95.2,15.78,2
6276.6,9.9,45.42,46.31,1.73,14.9,266.5,8.07,2
953.6,-34.1,90.38,37.91,1.59,4347.3,103.3,18.87,2
2694.1,5.3,72.88,33.99,2.11,3360.9,136.7,16.57,2
1852.3,-27.7,80.96,29.97,0.21,503.7,76.8,20.26,1
1675.0,15.2,82.76,25.42,3.38,3323.7,97.3,23.36,1
1344.8,-17.4,86.18,10.96,4.24,3062.1,7.3,41.13,1
4234.5,-5.2,59.78,44.95,1.84,2372.0,209.3,10.88,2
5187.9,5.0,52.68,13.93,0.33,2102.1,49.3,22.01,1
3969.8,-27.2,61.88,6.38,4.94,4436.5,-13.4,37.77,1
1381.8,15.6,85.79,38.0,1.39,1233.3,157.2,17.87,2
5366.7,-17.3,51.42,10.43,0.72,1997.6,12.6,25.17,1
4315.7,9.7,59.15,19.85,1.91,1652.3,78.4,19.81,1
2829.0,-28.1,71.65,3.36,3.72,3858.3,-22.9,53.64,0
4544.8,11.6,57.39,8.58,1.54,4583.2,33.2,30.89,0
2059.4,-30.4,78.91,10.31,2.92,4250.4,-6.6,38.85,2
2571.2,-8.1,74.02,4.61,2.14,3990.5,-0.1,50.66,1
6004.9,-21.5,47.15,33.52,0.68,4934.1,138.7,10.83,2
2243.0,16.1,77.13,42.18,1.72,3488.8,188.9,14.78,2
3319.9,-20.3,67.3,19.92,3.65,3757.8,44.4,22.49,1
5840.8,26.1,48.22,43.98,3.1,4914.2,257.8,8.93,2
4746.3,26.9,55.88,12.24,0.69,44.9,62.8,25.12,1
873.2,-25.3,91.27,17.62,0.9,3173.9,21.5,33.04,0
1383.8,6.0,85.77,9.24,3.24,3697.5,25.6,44.59,0
547.0,-33.4,94.92,31.79,4.09,4590.0,71.4,22.72,2
4285.5,-10.6,59.38,22.15,1.81,4420.4,69.3,18.47,1
3186.0,13.5,68.47,31.44,3.02,4211.4,135.0,16.52,2
1305.6,9.5,86.59,38.56,0.94,4729.5,153.3,17.83,2
6247.6,6.9,45.6,28.19,1.63,2691.5,134.7,11.94,2
3678.0,-18.8,64.27,32.13,0.2,44.5,110.5,15.26,2
1951.4,-11.6,79.98,46.89,3.86,65.2,185.1,14.06,2
3503.6,-32.3,65.73,16.36,2.06,2727.7,17.4,24.94,2
4577.7,13.9,57.14,19.24,4.1,2182.0,80.8,19.54,1
957.4,-2.2,90.34,36.45,3.57,2261.7,127.9,19.45,2
2148.2,13.2,78.04,31.34,4.16,2008.0,126.5,18.88,2
5341.8,-21.3,51.6,10.57,1.5,4589.5,9.1,25.08,1
3258.0,-15.7,67.84,20.06,1.01,1802.3,49.4,22.57,1
3779.5,-14.9,63.43,24.46,4.86,4282.6,73.9,18.41,1
3096.9,-38.1,69.25,22.13,3.61,4515.3,35.8,21.55,2
763.4,-14.4,92.48,10.56,4.19,2502.5,8.3,44.99,1
1494.5,20.2,84.61,46.37,0.16,2240.2,208.6,15.01,2
3173.2,27.3,68.58,38.59,1.84,3807.5,189.1,14.11,2
1755.1,-1.1,81.94,25.11,3.74,3542.8,79.9,23.34,1
799.9,-5.8,92.08,34.64,0.48,1649.4,114.2,20.63,0
5561.9,-37.7,50.09,45.07,2.88,521.7,197.6,9.09,2
6387.2,25.9,44.73,8.54,2.2,1331.6,50.2,24.13,1
5258.9,-39.0,52.18,14.02,0.19,663.8,5.9,21.72,2
5622.7,30.9,49.67,28.05,1.26,1480.7,152.5,13.05,2
1951.9,-3.3,79.97,40.35,1.5,1316.5,156.2,15.88,2
6263.8,-14.4,45.5,3.74,0.65,3192.2,-6.8,33.11,0
1681.6,29.3,82.69,49.23,3.19,4772.9,236.5,13.96,2
6208.6,-38.2,45.85,23.84,1.29,3431.9,62.6,13.55,2
6468.9,3.6,44.23,19.24,1.46,4634.0,79.7,15.12,0
4770.3,1.2,55.7,16.05,4.5,3922.8,53.7,21.38,1
6386.9,-23.6,44.73,10.37,2.39,3642.1,8.3,21.96,1
3917.2,-7.8,62.31,40.0,2.02,2076.2,170.6,12.46,2
2057.3,8.9,78.93,47.86,3.65,1630.7,212.8,13.64,2
3122.0,14.5,69.03,21.85,4.56,4232.9,87.3,21.67,1
4061.4,-39.9,61.15,47.72,0.22,4527.9,190.7,10.59,2
938.5,30.3,90.55,41.54,2.3,2264.9,186.4,17.57,2
4234.1,-27.7,59.78,25.09,3.09,55.2,67.2,17.04,2
6387.1,-22.5,44.73,34.35,1.66,3964.7,147.7,10.08,2
1640.6,-20.2,83.11,22.88,3.88,1432.5,50.4,25.28,1
5255.6,-37.2,52.2,28.82,4.86,59.3,86.0,13.45,2
5947.4,-30.8,47.52,4.79,4.72,4026.9,-20.3,32.14,2
6162.2,34.0,46.14,35.42,1.4,2591.9,208.9,10.16,2
6260.8,-16.4,45.52,4.54,1.21,3429.2,-6.4,31.31,0
3628.8,-31.4,64.68,41.22,4.79,4574.3,151.3,12.63,2
6363.8,-32.0,44.87,41.6,2.35,2710.5,190.2,8.7,2
5043.9,14.0,53.7,13.38,1.12,2520.9,55.5,22.97,1
1470.0,24.1,84.87,17.54,3.56,1460.4,72.3,30.82,0
3361.4,-20.7,66.95,25.1,1.49,1532.9,69.0,19.07,1
4810.0,-38.4,55.41,30.64,1.41,3984.7,91.9,13.63,2
1984.0,-23.3,79.65,15.79,4.41,2250.7,19.7,30.88,1
4343.7,-35.8,58.93,30.44,0.9,826.0,89.4,14.57,2
4499.6,-32.2,57.73,16.29,0.42,481.7,20.5,21.96,2
1476.2,-7.6,84.8,4.66,1.42,2369.9,-0.1,57.83,2
3890.5,-22.8,62.52,2.12,3.07,2330.1,-19.8,51.58,0
5129.8,-1.3,53.09,6.86,0.7,3270.8,15.1,31.5,0
3493.4,-21.0,65.82,40.03,2.41,2360.6,152.8,13.16,2
572.6,30.5,94.63,48.15,3.17,725.9,218.3,16.27,2
554.2,27.9,94.84,22.49,4.26,2543.9,92.6,29.19,1
2642.2,2.5,73.36,26.61,1.23,4534.9,95.5,20.04,1
6057.2,-13.4,46.81,9.05,4.1,805.6,12.3,24.58,1
1872.1,-11.4,80.77,28.45,1.25,3451.9,85.9,21.01,1
4306.2,-9.1,59.22,8.94,3.42,2973.4,13.4,31.26,2
1832.5,14.6,81.16,31.34,2.21,3745.4,125.7,19.63,2
2430.0,-6.1,75.34,46.8,0.66,761.5,196.0,13.27,2
5588.3,24.3,49.91,11.39,3.6,4708.6,58.6,23.33,1
4873.2,30.8,54.94,38.7,1.17,3108.6,212.3,11.28,2
1072.4,-14.8,89.09,3.13,0.97,4236.9,-10.6,67.86,0
3072.2,2.1,69.47,20.02,1.86,1240.6,66.2,23.14,1
675.0,-32.9,93.47,7.32,3.3,3699.7,-19.4,53.98,2
3385.3,-25.0,66.74,18.92,1.25,3907.3,35.5,23.08,1
4474.6,-9.0,57.92,10.33,1.0,1993.2,18.8,28.49,1
1211.0,-24.5,87.6,19.92,0.15,1925.9,32.2,29.28,1
2233.3,25.7,77.22,22.04,2.41,3292.4,95.3,24.1,1
2887.0,-28.1,71.12,16.43,2.2,476.1,19.9,26.91,1
6017.2,-5.8,47.07,33.52,1.25,3680.8,154.5,10.82,2
6459.5,5.4,44.28,46.1,0.36,224.0,263.7,7.89,2
769.5,11.9,92.42,21.23,2.2,961.0,72.3,29.59,1
5066.0,-11.3,53.54,11.23,3.96,3324.1,21.3,25.22,1
2730.3,25.2,72.55,14.99,3.6,500.6,67.1,29.02,1
2854.7,2.6,71.41,42.99,4.32,4859.5,187.0,13.48,2
5025.6,-7.0,53.84,29.44,0.15,4343.3,118.0,13.65,2
6010.6,-35.0,47.11,23.84,4.84,3135.2,64.5,13.92,2
6205.6,-5.1,45.87,9.18,1.77,4097.1,21.4,23.91,1
3962.7,21.6,61.94,23.59,4.95,4439.0,107.0,18.44,2
2642.7,6.1,73.35,15.37,1.34,1304.8,49.2,28.92,1
5225.3,22.4,52.41,47.27,2.41,4248.6,268.3,9.15,2
2006.0,-2.9,79.44,44.44,1.83,982.0,180.2,14.59,1
3884.4,-31.1,62.57,6.03,1.84,2072.6,-18.5,39.04,2
2651.5,-39.0,73.27,26.8,4.23,2795.7,55.0,19.91,2
4439.8,-17.3,58.19,12.8,3.76,3572.3,20.2,25.52,1
1942.4,12.3,80.07,21.72,4.96,160.4,79.3,25.24,1
1649.6,19.3,83.02,44.09,3.11,1459.6,196.5,15.35,2
6009.4,-17.8,47.12,27.32,2.37,3046.5,102.5,12.63,2
1110.8,-2.8,88.67,18.04,0.54,1793.3,46.2,31.62,0
3535.7,-8.4,65.46,11.98,4.98,3877.4,23.8,29.78,1
1825.1,-9.2,81.24,40.42,2.8,3261.7,149.4,16.11,2
733.6,-22.6,92.82,31.98,3.53,1179.7,84.2,22.11,1
716.1,-29.8,93.01,24.47,2.09,738.2,43.6,26.99,1
1551.3,-25.2,84.02,12.44,2.78,3148.9,4.7,37.45,0
5700.6,-35.9,49.15,18.04,4.72,2257.8,30.1,17.53,2
2194.9,-25.1,77.59,48.07,0.92,853.1,181.7,13.36,2
6202.8,-39.3,45.88,26.96,1.53,1638.6,80.4,12.41,2
3989.7,7.0,61.72,21.23,0.85,1522.2,80.9,19.76,1
3119.7,-16.3,69.05,27.03,3.98,549.6,81.7,18.65,1
3980.5,33.0,61.8,39.39,0.4,2739.1,208.4,12.51,2
3600.2,-25.5,64.92,18.33,0.5,3820.6,33.1,22.92,1
5052.7,-14.1,53.64,10.58,1.56,2881.6,15.8,26.07,1
2195.0,-13.2,77.59,30.08,2.62,4133.2,94.1,19.36,1
2618.3,-39.4,73.58,33.93,2.09,646.6,91.1,16.75,2
5864.6,22.9,48.06,36.21,0.32,2183.7,199.7,10.4,2
6178.7,-37.6,46.04,44.34,4.79,3051.0,202.2,8.47,2
5855.3,30.5,48.12,19.82,4.77,3383.2,106.5,16.14,2
3016.7,26.9,69.96,5.62,1.47,3482.0,37.7,44.8,0
5182.2,0.2,52.72,48.0,3.68,3647.5,250.6,9.09,2
3358.0,0.8,66.97,22.88,2.94,3260.6,79.5,20.37,1
3485.2,9.0,65.89,31.92,1.26,480.2,135.6,15.72,2
1728.1,-11.0,82.22,33.98,1.38,3479.6,112.7,18.69,2
4046.8,8.5,61.27,28.23,2.51,3626.7,119.0,16.02,2
1616.8,-36.6,83.35,11.85,2.15,4967.5,-8.5,38.14,2
2489.4,-35.9,74.78,38.25,1.53,3469.9,117.1,15.5,2
5630.2,-5.7,49.62,40.58,4.06,3437.3,198.3,9.81,2
1742.5,1.2,82.07,28.54,2.46,2578.9,98.2,21.29,1
926.9,26.6,90.67,25.45,3.31,4340.9,105.1,25.58,2
914.0,-32.2,90.82,7.47,1.03,4984.2,-18.0,51.99,2
6144.7,21.7,46.25,6.03,2.71,3897.4,36.3,28.85,1
3541.5,-24.2,65.41,18.3,1.66,3066.4,34.0,23.11,1
2956.5,-10.4,70.5,16.92,2.68,404.0,39.9,26.19,1
5365.3,-16.3,51.43,47.78,3.93,3636.4,235.6,8.9,2
5515.0,-10.0,50.4,39.61,3.87,3545.7,185.8,10.16,2
2493.1,-28.7,74.75,33.68,1.84,3880.1,99.3,17.11,2
4661.7,-2.2,56.51,26.85,3.5,631.5,105.0,15.34,2
5126.7,20.1,53.11,10.03,4.71,3272.1,48.0,26.51,1
4427.9,-6.9,58.28,48.97,3.17,1485.7,238.0,9.88,2
1409.6,-3.2,85.5,20.0,0.83,3803.8,54.5,28.5,1
5755.3,23.7,48.79,7.13,3.43,1209.5,41.7,28.48,1
3734.6,13.0,63.8,25.7,0.61,3423.1,107.9,17.87,2
2194.8,-3.2,77.59,43.95,4.37,1482.0,179.3,14.38,2
3051.4,-20.7,69.65,44.59,2.63,54.9,175.9,12.76,2
725.4,26.4,92.91,2.53,1.99,3170.5,29.4,74.17,0
1267.2,3.3,87.0,44.54,0.38,575.2,178.9,15.95,2
5093.3,-23.4,53.35,15.03,1.97,3299.9,25.6,21.31,1
500.1,-19.8,95.46,3.87,4.53,4628.8,-14.3,68.82,1
2999.4,20.2,70.11,42.69,0.2,4846.5,204.5,13.31,2
3635.1,-36.7,64.63,43.47,2.43,1187.3,160.2,12.09,2
827.8,34.4,91.77,30.62,4.66,4048.2,135.6,22.59,2
6338.5,-30.2,45.03,29.57,2.03,1774.2,107.3,11.38,2
1856.8,19.7,80.92,41.03,2.2,4503.3,182.0,15.86,2
2325.2,-10.4,76.34,39.74,2.93,3939.6,149.4,15.35,2
2323.7,-3.1,76.35,44.73,2.37,378.9,185.4,13.95,2
1882.5,26.0,80.66,28.53,0.93,2041.6,123.8,20.93,2
508.8,-9.0,95.36,48.45,0.19,1693.2,179.6,16.32,2
4876.1,0.3,54.92,49.82,3.09,3928.1,258.8,9.18,2
6301.1,-36.3,45.27,7.59,4.61,2057.3,-15.9,25.73,2
1845.8,-39.8,81.03,42.78,0.62,3426.1,132.1,15.35,2
4478.3,-21.6,57.89,25.99,1.13,3016.2,79.6,16.09,2
4951.4,11.0,54.37,20.6,1.91,4878.4,86.5,17.77,2
5590.6,-30.9,49.89,31.43,4.06,4689.5,111.4,12.04,2
3035.8,-31.5,69.79,4.69,1.42,2144.2,-23.1,47.52,2
2317.6,-9.2,76.41,26.31,4.42,3620.7,80.5,21.04,1
2451.8,8.6,75.14,43.8,0.37,4149.0,193.1,13.97,2
4775.7,13.4,55.66,12.25,4.71,4495.4,49.4,25.02,1
5400.7,-26.6,51.19,22.47,2.85,350.0,61.2,15.77,2
1589.7,-34.0,83.63,47.1,3.33,1517.4,159.6,14.65,2
2725.6,30.5,72.59,22.57,1.9,1607.9,104.7,22.29,1
5911.6,-20.5,47.76,19.2,3.93,2177.9,52.5,16.35,2
5340.2,24.0,51.61,23.15,0.92,854.6,115.2,15.57,2
6409.2,24.8,44.59,26.93,0.34,2486.1,146.0,12.07,2
5025.5,17.9,53.84,32.34,2.04,3319.4,160.5,12.72,2
2859.2,-27.3,71.37,40.43,4.28,2491.8,141.9,14.15,2
4043.8,21.6,61.29,23.7,3.8,3332.3,108.1,18.19,2
4466.1,17.7,57.99,41.24,2.63,341.5,210.8,11.32,2
970.7,4.8,90.19,27.62,2.9,4381.2,93.1,23.98,1
3767.0,-14.7,63.54,18.25,0.74,4696.0,44.2,22.49,1
4755.9,-20.3,55.81,33.58,4.22,3093.4,127.3,12.8,2
1503.9,-30.9,84.52,36.45,3.96,4408.1,103.7,18.19,2
5183.8,-1.8,52.71,28.79,3.32,665.9,120.7,13.59,2
4002.6,3.9,61.62,4.72,2.38,3989.3,12.9,41.87,0
6213.3,-13.0,45.82,10.15,4.83,604.5,17.5,22.73,1
754.5,-4.3,92.58,15.69,4.41,2046.0,35.2,36.03,1
2092.0,-12.7,78.59,15.57,3.26,1625.9,29.7,30.74,0
4109.3,8.1,60.77,34.32,1.92,2932.1,153.9,13.71,2
2279.4,27.6,76.78,2.88,3.13,1514.6,31.6,59.61,0
4786.5,-27.7,55.58,38.27,2.92,3190.2,149.9,11.51,2
5054.0,-11.4,53.63,14.74,2.03,1843.3,36.1,21.68,1
1115.1,-29.4,88.63,16.88,1.6,4305.3,15.3,32.97,0
3583.1,6.9,65.06,27.34,2.09,3173.1,109.4,17.42,2
3553.3,14.7,65.31,12.36,2.91,1084.3,48.4,29.2,1
2715.7,29.9,72.68,44.45,2.2,1687.3,221.5,13.35,2
6097.5,-19.1,46.55,6.1,1.39,4238.6,-4.3,28.92,1
5465.0,31.3,50.75,23.33,3.83,1938.5,124.2,15.23,2
4683.3,-35.3,56.35,42.77,2.7,2683.6,170.9,10.68,2
4786.0,5.2,55.58,31.56,0.43,3248.2,140.8,13.37,2
3270.3,-35.7,67.73,16.03,1.9,1745.6,11.9,26.02,2
6026.0,27.0,47.01,22.2,4.44,1477.0,117.1,14.6,2
4667.6,-0.3,56.46,35.92,3.8,2381.5,161.0,12.3,2
4873.9,10.2,54.94,48.72,1.68,1082.3,260.7,9.36,0
5670.1,22.4,49.35,44.87,4.7,1428.2,257.9,8.99,2
2144.4,-28.7,78.08,18.44,0.48,319.8,25.2,27.46,1
5342.4,-37.1,51.59,49.91,4.81,1526.8,230.3,8.61,2
1671.4,25.9,82.79,2.17,1.3,1610.3,28.5,68.04,0
2572.1,-16.4,74.01,3.33,0.14,4809.5,-11.3,55.54,0
2513.7,-30.3,74.55,41.54,2.23,2952.7,141.7,14.46,2
6371.2,-4.9,44.83,11.57,1.86,3939.0,32.2,20.78,1
5639.2,4.9,49.56,4.92,2.74,236.4,15.5,33.23,0
4707.0,-37.7,56.17,13.38,4.0,541.6,2.9,24.02,2
4862.3,-19.4,55.02,22.45,4.23,4074.5,65.2,16.95,2
3872.4,-37.5,62.67,37.07,2.07,3121.5,122.4,13.32,2
6182.5,-8.5,46.01,31.97,2.21,963.0,143.3,10.96,2
3477.6,27.1,65.95,13.41,0.83,2029.9,64.7,28.18,1
2783.1,33.7,72.06,26.16,0.33,2698.0,125.3,19.93,2
1478.2,7.8,84.78,46.46,3.24,4219.6,196.4,15.02,2
5217.2,-27.9,52.47,41.12,0.42,311.5,174.3,10.26,2
4906.7,27.9,54.7,17.51,3.7,2987.6,87.9,19.88,1
2806.1,-1.3,71.85,49.15,2.74,3588.0,220.5,12.15,2
651.2,-28.5,93.74,36.01,1.07,4889.7,97.1,20.37,1
5534.0,29.1,50.27,5.0,2.74,4037.7,39.9,33.52,2
568.5,16.8,94.68,3.69,1.0,1388.4,22.0,69.17,0
4722.2,14.9,56.06,10.08,2.25,3550.8,42.2,27.91,1
6321.5,13.2,45.14,36.94,4.02,3818.8,200.7,9.62,2
3126.0,-25.0,68.99,10.82,2.36,3651.4,2.2,33.14,0
1909.8,-24.2,80.39,26.55,0.83,4102.5,64.4,21.99,1
4729.2,11.6,56.0,6.48,3.65,4519.6,26.3,33.99,0
5402.8,-23.5,51.18,46.2,1.02,501.2,217.4,9.11,2
3778.6,-7.1,63.44,18.51,3.72,532.8,53.0,22.25,1
6302.2,18.7,45.26,45.59,2.45,3984.0,270.1,8.14,2
810.0,18.8,91.97,47.35,2.32,1269.3,204.8,16.03,2
3528.8,-6.0,65.52,2.29,4.27,302.1,-2.8,53.29,1
4810.7,19.4,55.4,24.28,3.57,2012.1,113.5,16.16,2
5675.8,22.9,49.32,3.18,0.26,4101.2,28.7,37.41,0
1575.5,9.1,83.78,45.62,1.55,641.6,194.1,15.06,2
5300.0,-22.9,51.89,26.88,4.37,3362.5,89.3,14.07,2
3816.2,-19.4,63.13,5.6,0.19,28.0,-8.2,40.48,0
2879.3,-16.4,71.19,7.29,2.77,557.6,-1.0,41.17,0
1290.3,-31.2,86.75,20.41,3.67,1760.7,27.7,28.53,2
5691.8,-19.5,49.21,47.13,3.15,427.2,233.2,8.61,2
1443.6,-24.3,85.14,35.26,3.83,4231.0,103.7,18.81,1
2358.7,-5.9,76.02,43.65,3.66,4321.7,176.7,14.17,2
2240.3,28.1,77.15,19.59,3.49,3780.3,87.2,26.07,1
5728.5,-32.2,48.96,4.07,4.13,1220.0,-23.9,34.79,2
4536.2,14.0,57.45,48.77,3.26,2621.0,259.3,9.78,2
5280.1,11.5,52.03,2.82,2.07,929.1,16.3,40.57,0
2002.8,-32.8,79.47,47.49,2.41,1413.6,168.1,13.82,2
4249.2,29.2,59.66,19.7,3.61,2584.9,96.8,20.09,1
3930.5,2.6,62.2,2.48,4.39,3677.7,6.3,49.82,1
5497.0,-12.7,50.53,35.08,1.43,482.3,152.2,11.21,2
5936.5,16.7,47.59,49.07,1.78,1490.5,288.6,8.06,2
572.9,-20.7,94.63,48.35,4.66,4633.8,168.1,16.22,2
4544.1,12.0,57.39,9.72,2.93,2151.3,37.7,29.1,1
811.0,-37.0,91.95,10.7,0.98,4695.0,-13.8,44.42,2
3793.2,23.0,63.32,29.15,3.35,4957.1,136.6,16.18,2
2225.8,-6.4,77.29,32.59,4.95,2638.0,113.9,18.15,2
2340.7,7.8,76.19,37.49,4.13,1447.3,155.2,16.04,2
2617.8,-23.4,73.58,10.69,3.75,3956.0,2.5,35.56,0
4227.8,10.8,59.83,48.03,1.12,805.0,246.1,10.31,2
2504.3,17.9,74.64,32.66,4.39,1267.7,140.7,17.5,2
4896.2,-4.5,54.77,42.66,2.68,3926.6,203.8,10.4,2
2927.2,6.3,70.76,27.92,4.46,2173.9,107.6,18.66,2
910.1,-5.8,90.86,21.89,1.72,1015.7,57.8,28.5,2
5202.6,27.1,52.57,48.9,0.4,3259.1,284.5,8.93,2
2214.5,-2.7,77.4,29.94,2.43,3666.5,104.1,19.38,1
3096.6,23.1,69.25,43.61,1.42,634.1,214.2,12.92,2
4612.7,20.1,56.88,47.76,3.6,1392.1,259.5,9.85,2
2494.7,-9.2,74.73,34.42,4.79,1114.2,122.8,16.83,2
839.5,-22.7,91.64,28.35,3.49,1905.5,68.1,23.9,1
2743.5,-9.5,72.43,2.17,4.45,3819.6,-6.7,59.52,1
6166.7,22.0,46.11,3.92,2.32,3571.4,30.0,33.12,0
4350.4,-22.9,58.88,11.64,3.88,3316.0,9.7,27.21,1
4528.9,-0.7,57.51,10.93,4.23,41.4,29.5,27.48,1
4293.7,20.5,59.32,14.23,3.58,719.3,63.5,24.48,1
1694.0,-13.5,82.56,16.64,2.59,1124.3,31.9,31.0,0
3010.0,8.2,70.02,19.28,3.17,1367.1,68.8,23.91,1
5005.6,-21.6,53.98,22.19,3.53,740.7,62.4,16.77,2
1108.2,-31.8,88.7,6.75,1.34,2057.5,-19.4,52.97,2
2167.1,19.6,77.86,4.03,4.07,385.2,26.0,55.48,1
2157.9,-32.6,77.95,34.35,4.76,3752.6,96.3,17.58,2
3092.1,-19.6,69.29,27.79,2.38,3940.7,82.0,18.33,1
6382.2,24.1,44.76,23.32,3.54,2875.6,123.1,13.43,2
905.0,-14.0,90.91,32.45,3.71,457.6,96.2,21.42,1
3612.2,33.0,64.82,41.73,3.35,4451.5,218.6,12.53,2
1576.2,33.5,83.77,22.53,2.78,4828.5,102.4,25.75,1
6324.1,-19.9,45.12,32.77,4.42,1019.8,138.8,10.55,2
1179.8,-36.9,87.93,47.77,2.3,3526.2,155.7,15.22,2
2921.6,12.9,70.81,42.3,0.4,4211.3,193.9,13.54,2
4927.3,-6.2,54.55,22.45,4.24,2703.8,78.8,16.81,2
4727.3,-32.4,56.02,32.95,3.4,1623.4,111.0,13.04,2
3036.4,13.1,69.78,10.5,4.26,2398.0,39.0,34.04,1
2579.1,-37.7,73.94,28.91,0.78,2566.2,66.3,19.01,2
2885.7,25.3,71.13,49.1,0.25,2009.2,247.8,12.04,2
2085.7,-29.6,78.65,26.88,4.68,4649.9,61.4,21.33,1
1732.0,-30.5,82.18,46.53,0.82,3722.0,161.6,14.54,2
3398.2,-26.8,66.63,21.55,4.07,1214.1,45.8,21.12,1
2111.2,32.0,78.4,49.94,4.13,2931.9,249.1,13.08,2
2224.8,12.0,77.3,29.8,3.57,3446.6,118.1,19.42,2
4440.5,20.1,58.18,4.03,0.74,709.4,27.5,41.47,0
6311.2,-10.2,45.2,30.16,3.37,1798.5,131.0,11.25,2
4121.8,-14.8,60.67,15.18,4.46,4528.7,31.8,24.09,1
961.9,-22.4,90.29,3.56,2.19,2840.2,-17.4,66.59,0
953.5,-4.0,90.38,41.4,2.13,1092.8,151.5,17.58,2
6208.5,1.4,45.85,15.24,2.27,622.7,55.2,18.17,1
2283.7,7.4,76.73,40.23,0.5,2596.0,169.5,15.28,2
1052.4,-20.7,89.3,15.83,4.47,2743.0,20.0,34.57,1
4094.3,31.1,60.89,11.33,4.36,1678.7,62.0,28.55,1
4241.9,-27.3,59.72,48.75,4.99,3155.8,213.2,10.17,2
4391.0,32.4,58.56,19.36,2.97,352.7,99.1,19.95,1
2104.4,-38.9,78.47,30.87,3.78,734.2,71.7,19.2,2
590.7,-3.9,94.43,31.28,1.09,2735.9,98.8,22.88,1
6290.1,-15.0,45.33,28.9,3.37,318.5,117.8,11.65,2
2005.4,-6.3,79.44,45.91,3.28,4405.7,185.3,14.21,2
4556.2,2.8,57.3,34.37,4.52,719.3,153.3,12.91,2
4739.8,-7.3,55.93,21.38,4.17,3372.9,71.0,17.82,0
4160.0,-8.9,60.37,43.39,4.7,1962.1,194.3,11.31,2
2377.4,15.0,75.84,10.69,4.36,2004.9,40.5,36.65,1
2126.6,11.4,78.25,28.12,4.36,3826.8,108.7,20.53,2
4086.0,22.5,60.95,47.63,0.41,2502.3,252.9,10.58,2
5696.6,-21.3,49.18,32.02,4.25,3631.0,125.9,11.7,2
6180.4,5.7,46.03,41.21,3.08,2530.9,222.2,8.99,2
1135.4,3.9,88.41,33.37,1.96,2968.6,120.1,20.38,2
1429.0,-12.3,85.3,42.29,0.38,3806.0,152.6,16.31,2
6168.4,-3.5,46.1,47.34,3.42,3040.5,259.1,8.04,2
4919.2,-16.5,54.61,15.1,1.71,3081.9,32.3,21.76,1
5798.0,-29.4,48.5,10.14,2.39,3948.2,0.3,24.08,1
1715.8,-24.0,82.34,25.23,3.44,4745.9,57.5,23.37,1
4025.5,-32.1,61.44,35.69,4.57,1889.8,121.1,13.45,2
4706.8,11.2,56.17,12.91,4.14,2889.8,49.8,24.52,1
4580.7,9.6,57.12,2.2,2.31,440.5,12.8,46.83,0
2948.9,31.3,70.57,18.46,2.0,1800.4,88.1,24.79,1
592.4,14.7,94.41,48.51,1.27,2066.1,204.6,16.14,2
3997.6,-36.1,61.66,35.36,1.92,4177.8,114.9,13.59,2
2018.6,26.3,79.31,21.26,0.64,2571.8,91.6,25.37,1
3201.5,24.7,68.33,11.24,4.86,3658.0,53.5,32.17,1
6245.5,-6.8,45.61,19.09,2.91,104.8,67.3,15.68,2
2894.2,3.9,71.06,10.15,0.73,2327.8,28.4,35.26,0
5538.8,33.2,50.24,7.1,1.83,4507.6,50.9,29.38,1
1631.2,-0.1,83.2,45.52,2.78,1129.3,185.0,14.99,2
4534.8,27.9,57.46,49.89,2.71,167.3,281.1,9.6,2
6362.0,-33.8,44.89,9.88,0.27,2172.7,-4.1,22.58,2
1111.4,-25.7,88.67,4.62,4.76,3525.1,-18.4,60.66,1
549.9,-6.9,94.89,17.83,1.45,2277.8,39.7,34.1,0
3101.5,3.9,69.21,24.16,0.18,2305.3,87.5,20.26,1
1055.8,21.2,89.27,11.83,0.47,3352.3,48.3,40.89,0
4990.3,34.1,54.09,16.47,2.94,1279.4,89.4,20.44,1
5987.3,-10.8,47.26,11.64,0.78,3761.9,25.6,21.84,1
3104.1,-36.4,69.19,39.16,0.3,774.0,128.0,14.07,2
2052.3,20.1,78.98,36.2,1.96,1984.8,157.9,17.09,2
3106.4,5.3,69.16,32.48,3.15,3283.5,131.9,16.28,2
4840.7,-25.1,55.18,20.59,0.65,4143.6,49.7,18.04,1
554.3,-2.9,94.84,45.63,1.64,3959.7,171.1,17.05,2
4036.7,15.7,61.35,48.54,2.15,3611.2,251.5,10.48,2
4179.8,17.8,60.21,10.33,0.88,1801.9,45.1,29.61,1
4326.1,-2.5,59.07,12.7,2.58,620.3,34.3,26.01,1
1952.1,-17.1,79.97,27.23,0.52,1092.0,74.8,21.48,1
4784.3,33.0,55.6,6.38,0.33,4325.5,47.5,33.94,0
1048.3,9.8,89.35,22.95,2.65,4288.1,78.2,27.12,1
1695.6,-9.4,82.55,29.93,1.31,4758.3,93.9,20.67,1
5764.8,-19.0,48.72,27.06,0.57,389.2,97.8,13.15,2
4932.3,14.8,54.51,17.88,2.18,2688.7,76.7,19.55,1
582.5,-21.8,94.52,28.04,4.58,3246.9,66.3,24.85,1
1990.3,-27.1,79.59,48.02,3.65,3556.2,176.8,13.72,2
1786.4,-0.3,81.63,11.89,4.1,3222.9,28.3,37.29,1
2124.8,-18.3,78.27,33.43,4.37,3852.4,105.6,18.02,2
1985.4,7.2,79.64,4.08,4.87,1803.8,13.6,56.55,1
875.2,-31.2,91.24,5.19,3.84,905.4,-22.7,60.08,2
3253.6,9.1,67.88,28.49,3.08,1030.9,115.4,17.64,2
4896.4,-18.8,54.77,7.04,1.89,69.8,-2.0,32.15,0
4140.4,-40.0,60.52,3.07,0.99,1758.1,-35.0,46.3,2
4537.2,-30.5,57.45,10.23,3.46,467.8,-2.9,28.39,2
986.9,30.0,90.02,29.11,4.98,1614.2,125.2,23.01,2
6208.9,25.1,45.84,35.76,2.39,3144.8,202.9,10.02,2
5531.0,-22.5,50.3,11.72,3.65,4473.4,13.1,23.16,1
5330.5,18.4,51.68,34.08,2.53,4199.6,175.0,11.72,2
5437.9,5.6,50.93,10.76,2.22,1270.8,37.0,24.54,1
6096.3,32.8,46.56,31.45,2.11,679.1,180.2,11.23,1
3765.5,-12.0,63.55,21.77,2.57,973.4,63.4,20.0,1
1701.7,11.1,82.48,33.38,1.9,4855.2,131.5,19.01,2
4200.7,-35.2,60.04,49.76,3.77,2751.9,211.6,10.05,2
4957.3,-10.3,54.33,47.02,4.38,920.7,229.4,9.53,2
4927.5,32.3,54.55,2.21,4.43,4205.3,35.6,44.69,1
3628.7,0.4,64.68,44.5,1.22,1982.0,203.8,11.87,2
910.8,-18.4,90.85,5.19,4.49,4497.1,-9.9,59.8,1
2726.7,-31.0,72.58,47.75,1.77,1310.8,180.9,12.57,2
6024.6,12.8,47.02,15.53,1.62,1972.2,67.4,18.42,1
4006.7,8.4,61.59,20.34,3.66,2529.7,78.0,20.3,1
3730.0,-12.0,63.84,6.4,1.59,4464.2,1.6,38.93,0
2113.1,31.3,78.38,7.39,0.36,4345.1,46.3,45.08,0
2710.7,-38.3,72.73,36.88,1.93,2876.0,109.1,15.51,2
5872.1,-17.2,48.01,47.33,3.64,1116.7,240.1,8.38,2
4498.8,29.1,57.74,31.32,1.7,2022.8,160.7,13.97,2
5224.3,-15.9,52.42,36.36,3.18,4878.4,154.3,11.31,2
3226.1,-21.1,68.12,38.57,3.33,3042.8,141.2,14.02,2
4281.5,0.1,59.41,14.62,3.7,3907.7,44.7,24.14,1
1990.3,21.8,79.59,4.17,4.5,2254.8,28.5,56.16,1
4732.8,-32.3,55.98,2.09,2.22,2664.7,-29.2,46.3,2
3065.6,30.7,69.53,18.83,0.92,2150.5,89.6,24.11,1
3155.3,19.6,68.74,13.59,1.66,3517.6,57.1,29.14,1
4395.9,-26.4,58.53,4.99,2.22,4258.8,-16.4,39.04,0
6117.7,13.4,46.42,10.62,3.6,2541.7,45.7,22.52,1
884.0,-11.1,91.15,7.98,0.16,2409.5,4.3,50.7,0
5448.5,-9.8,50.86,45.91,1.65,1708.0,229.8,9.1,2
2254.3,18.7,77.02,8.73,3.92,893.7,37.8,41.11,1
3163.5,32.2,68.66,27.81,3.39,4696.8,134.4,18.16,2
631.5,-30.5,93.97,30.47,3.69,1587.2,68.8,23.22,2
2306.3,-8.5,76.52,28.09,4.08,4005.5,89.7,20.09,1
3515.8,-3.9,65.63,6.75,3.94,3579.6,10.5,39.17,1
837.1,-11.8,91.67,17.3,3.44,3956.7,33.7,33.57,0
3446.6,-12.8,66.22,4.46,2.25,4684.5,-4.7,45.79,0
6062.7,-36.1,46.78,20.99,4.92,3120.6,47.4,15.09,2
1132.4,11.4,88.44,11.05,2.89,4490.8,36.2,42.01,0
5086.6,-7.3,53.4,28.96,1.09,846.8,115.4,13.71,2
2958.0,-25.4,70.48,35.25,1.53,3137.3,115.2,15.57,2
4431.0,21.2,58.26,27.54,3.5,3863.7,130.7,15.52,2
2061.4,20.2,78.89,22.84,4.63,1365.5,92.6,24.02,1
1457.0,-3.5,85.0,20.59,0.98,3706.4,56.8,27.79,1
1462.8,-17.6,84.94,42.4,0.5,3894.6,148.2,16.21,2
923.0,7.9,90.72,12.53,4.42,4157.6,37.0,40.27,1
1613.9,-18.4,83.38,37.24,4.58,1571.3,121.2,17.65,2
4485.3,-22.3,57.84,38.36,1.45,3411.2,152.4,11.96,2
5790.1,14.8,48.55,22.12,1.95,1528.2,103.0,15.12,2
5384.8,-37.0,51.3,16.27,3.33,3697.8,18.9,19.53,2
4610.8,-32.9,56.89,24.59,1.72,2320.2,61.6,16.45,2
1162.6,-39.5,88.12,6.47,4.4,2991.7,-27.8,53.49,2
2235.1,-28.5,77.2,4.2,0.63,2085.0,-21.7,54.35,0
2358.8,-34.8,76.02,7.36,0.29,818.3,-19.7,43.8,2
1999.7,34.7,79.5,10.98,1.12,898.4,60.6,37.89,0
3590.0,-18.3,65.01,26.2,1.5,397.1,78.3,17.96,2
3713.3,-28.8,63.98,42.76,0.65,3094.2,164.6,12.13,2
2641.3,-21.9,73.37,13.31,0.42,4244.7,13.3,31.47,0
2622.7,30.2,73.54,46.89,3.8,114.0,235.4,12.93,2
5471.3,-1.0,50.7,47.84,0.9,340.5,253.2,8.77,2
5235.8,-12.6,52.34,48.03,4.58,2292.8,238.9,9.02,2
2346.8,25.5,76.13,42.2,1.9,3691.2,199.5,14.58,2
5982.7,-10.4,47.29,19.46,3.39,797.0,64.3,16.05,2
6216.9,-14.9,45.79,5.49,1.2,1365.5,-2.0,29.57,1
2460.5,-24.5,75.05,29.3,1.28,1167.7,80.7,19.1,1
2626.5,-11.7,73.5,28.82,2.92,2001.3,92.2,18.94,1
3533.8,-16.2,65.48,42.8,2.85,1132.7,175.1,12.4,2
6146.7,10.8,46.24,49.81,3.87,1769.5,292.4,7.73,2
5757.9,-18.3,48.77,26.39,3.81,3645.4,94.4,13.4,2
1115.4,3.3,88.62,18.57,3.39,3058.9,54.4,31.02,0
2856.4,-35.1,71.4,10.92,2.3,415.1,-8.0,34.12,2
3820.2,-25.7,63.1,2.23,4.46,3192.4,-22.5,51.59,1
3518.8,-9.4,65.61,26.44,3.15,2390.6,88.0,18.0,1
1663.2,30.3,82.88,28.66,4.95,4673.5,127.3,21.43,2
5652.9,-11.7,49.47,41.6,4.11,1453.6,199.9,9.59,2
4561.6,9.8,57.26,26.22,0.32,3633.6,112.9,15.81,2
5527.5,-20.9,50.32,45.99,1.67,3657.0,220.6,8.99,2
5652.6,-30.5,49.47,32.15,2.9,1115.3,117.0,11.74,2
4990.1,-35.6,54.09,42.34,3.64,4517.1,171.8,10.34,2
3135.3,-17.1,68.91,9.12,2.8,2461.0,4.3,36.04,0
4163.3,-28.2,60.34,43.06,3.95,3397.6,172.9,11.37,2
1462.2,-26.9,84.95,34.41,1.49,737.8,96.8,19.13,1
4541.9,17.1,57.41,10.17,1.0,1296.4,44.4,28.46,1
1575.5,-38.8,83.78,11.11,0.36,2934.7,-13.2,39.69,2
4663.7,1.8,56.49,46.47,2.91,1601.9,233.1,10.0,2
1877.6,-11.5,80.71,3.55,3.47,2503.5,-6.3,59.58,0
1205.3,-2.0,87.66,24.2,1.7,1876.3,72.5,25.63,1
1491.7,2.2,84.64,17.05,3.11,3206.4,48.6,31.29,0
512.0,-16.5,95.32,33.92,0.36,2440.9,98.1,21.7,1
4812.4,-17.9,55.39,42.3,0.59,33.0,186.8,10.59,2
4894.4,15.0,54.79,19.3,3.54,3251.9,83.6,18.7,1
3589.6,25.3,65.01,22.49,1.9,2116.4,103.4,20.01,1
1468.2,-25.6,84.89,49.13,3.39,1715.1,178.4,14.36,2
1001.3,-32.7,89.86,39.63,4.18,479.8,114.0,18.11,2
614.8,27.3,94.15,45.07,4.28,1109.6,198.9,17.1,2
1494.5,-13.8,84.61,23.06,0.94,1126.6,57.1,25.59,1
5845.1,1.3,48.19,13.24,2.48,4677.5,44.5,20.74,1
1949.2,-13.0,80.0,21.77,3.7,2168.2,54.2,25.18,1
2625.6,-30.6,73.51,36.37,3.89,219.9,113.3,15.85,2
1132.1,4.2,88.44,7.25,3.94,702.7,17.9,51.26,1
1834.2,-0.6,81.15,14.98,1.22,404.4,38.9,32.48,0
3615.3,-24.8,64.79,4.24,1.04,2948.5,-17.2,45.51,0
4146.5,-6.1,60.47,22.75,2.99,941.2,76.1,18.46,1
1972.1,19.8,79.77,41.72,3.73,2497.8,187.1,15.42,2
846.4,4.3,91.56,3.18,1.66,1856.6,8.5,69.45,0
2846.2,-32.7,71.49,34.42,0.61,4021.3,102.3,16.1,2
1905.2,1.1,80.44,46.76,3.61,1609.2,196.6,14.17,2
1817.3,12.7,81.31,13.37,1.57,2296.7,46.4,34.79,0
6259.2,19.5,45.53,35.29,0.92,3609.2,194.7,10.05,2
4197.8,7.2,60.07,48.8,0.82,2172.4,247.3,10.21,2
3841.3,-28.6,62.93,48.19,1.64,3968.1,201.9,10.81,2
2994.7,13.3,70.16,13.28,3.0,3311.8,49.2,30.14,0
3073.7,10.8,69.45,6.82,1.86,2058.5,25.0,41.3,0
3745.4,-38.2,63.71,9.12,0.2,2524.9,-15.9,33.33,2
4678.6,-9.1,56.38,35.7,0.57,4836.3,150.9,12.34,2
4712.9,-15.0,56.13,36.84,1.52,3311.4,152.5,11.98,2
1530.2,10.2,84.24,34.36,3.33,4525.9,134.3,18.99,2
3500.7,-23.8,65.76,18.13,0.58,902.0,33.6,23.38,1
2971.7,4.3,70.36,10.15,2.85,2421.3,28.9,34.92,0
5723.2,28.5,49.0,29.88,0.69,4544.2,162.2,12.29,2
4288.5,19.8,59.36,25.22,1.14,1619.8,115.7,16.85,2
3695.0,29.1,64.13,36.98,0.94,4838.6,186.7,13.65,2
1192.4,33.4,87.8,23.19,0.43,494.4,103.5,26.46,1
4133.8,-39.2,60.57,18.25,3.39,4514.3,21.2,21.44,2
1203.2,6.7,87.68,16.09,2.37,2231.6,48.7,33.61,0
2523.2,-9.0,74.46,12.15,4.17,378.0,21.8,33.62,1
1357.1,24.5,86.05,14.76,0.58,4398.8,62.1,34.76,0
4652.4,-21.1,56.58,6.55,0.81,1267.2,-6.2,34.18,0
1737.5,33.6,82.12,18.65,1.6,121.0,87.0,28.66,0
2851.2,6.0,71.45,3.76,3.85,687.7,12.1,51.94,1
5874.0,19.5,48.0,10.95,1.6,3299.0,52.7,22.91,1
1725.9,-33.6,82.24,37.84,2.1,4889.3,110.2,17.19,2
3546.8,-26.2,65.37,17.62,1.58,566.2,29.1,23.66,1
3015.6,16.9,69.97,34.08,0.49,2315.1,151.4,15.87,2
608.7,-38.4,94.22,36.41,4.7,911.4,88.9,20.3,2
5256.5,21.3,52.19,29.9,2.79,3727.7,151.0,13.08,2
914.3,-39.0,90.81,48.02,3.96,599.1,152.0,15.65,2
3345.5,9.3,67.08,3.03,3.33,1206.8,13.9,51.49,0
3864.1,-12.6,62.74,37.46,2.62,990.1,149.6,13.22,2
4270.6,5.9,59.5,48.02,0.54,2767.1,241.8,10.25,2
4631.8,12.2,56.73,43.39,3.25,4367.2,221.8,10.63,2
2019.6,-14.3,79.3,10.06,0.86,2560.3,8.6,39.53,0
559.9,-31.9,94.78,17.69,2.13,300.6,14.3,34.23,2
4840.7,-34.8,55.18,10.28,3.18,2821.3,-6.5,27.21,2
3713.9,4.2,63.97,30.86,3.93,3989.6,126.7,15.66,2
5516.7,-1.0,50.39,36.19,3.46,669.5,171.5,10.91,2
5428.3,15.7,51.0,17.22,3.39,372.8,76.3,18.74,1
5560.0,-1.8,50.1,27.9,0.83,947.2,118.4,13.22,2
3410.6,-8.3,66.52,35.16,1.8,3733.0,135.9,14.73,2
2501.8,-10.1,74.67,22.22,0.31,2962.5,61.5,23.17,1
5249.3,-38.0,52.24,42.99,3.63,2707.6,177.6,9.86,2
3207.8,-14.8,68.28,39.03,4.77,1254.9,149.9,13.92,2
1600.7,33.2,83.52,5.1,1.39,1667.9,41.8,55.29,0
5629.8,25.5,49.63,31.81,0.53,4829.8,170.6,11.87,2
5795.4,-15.3,48.52,13.3,2.43,1210.7,28.0,20.83,1
3297.9,4.1,67.49,28.76,4.3,4509.2,112.1,17.41,2
954.2,23.5,90.37,47.93,2.8,2906.9,214.4,15.6,2
2827.0,-6.9,71.67,44.19,0.33,625.2,184.4,13.22,2
5321.2,-38.7,51.74,21.42,4.87,2341.9,43.0,16.47,2
5910.6,-34.4,47.76,15.99,4.16,4743.3,22.1,18.38,2
1720.8,-1.7,82.29,13.25,0.74,2098.6,31.4,35.39,0
901.8,32.7,90.95,27.56,4.62,4318.3,120.4,24.21,2
5764.1,12.0,48.73,7.48,2.31,1289.6,31.3,27.87,1
2836.4,-34.7,71.58,28.37,1.92,2858.9,68.2,18.66,2
3750.6,-25.8,63.67,2.06,2.36,4220.8,-23.0,52.78,0
6308.4,17.8,45.22,17.54,4.19,4604.2,83.9,16.42,2
899.4,23.1,90.98,12.56,3.33,2434.3,52.3,40.33,0
4389.9,6.3,58.57,48.62,0.39,3202.0,248.2,9.99,2
944.6,8.3,90.48,36.91,4.79,24.9,140.7,19.29,0
2752.8,-37.9,72.34,18.78,0.82,1273.6,19.6,25.13,2
5322.9,22.1,51.73,6.46,3.75,1400.8,37.4,31.43,0
3100.8,19.1,69.21,26.81,3.22,476.5,115.8,18.8,2
6483.1,-20.6,44.14,12.25,1.02,1405.7,19.9,19.84,1
3854.4,13.2,62.82,27.75,0.94,1612.4,119.7,16.64,2
2427.0,-23.9,75.37,42.1,4.36,4844.1,150.4,14.47,2
1820.7,-37.0,81.28,31.56,2.16,3346.3,75.2,19.56,2
2603.1,-24.9,73.72,32.42,3.31,2135.8,97.4,17.38,2
2735.2,-26.6,72.5,27.97,2.57,4940.4,73.7,19.09,1
912.3,-14.7,90.83,46.51,3.66,774.6,167.9,16.07,2
2717.4,-8.6,72.66,46.73,2.45,2385.5,196.8,12.81,2
3285.4,-1.9,67.6,26.61,1.51,3238.8,95.0,18.46,1
4836.4,-4.2,55.21,16.68,1.88,287.3,51.5,20.7,1
4440.4,-19.7,58.18,24.06,4.31,3587.8,71.0,17.08,2
4752.6,-37.8,55.83,10.95,2.39,508.3,-7.1,26.64,2
550.2,5.4,94.89,32.54,1.15,710.0,113.7,22.3,2
1806.0,-10.3,81.43,26.0,4.68,806.9,75.1,22.62,1
4470.1,-17.6,57.96,6.96,4.0,4645.2,-1.6,34.18,1
3403.9,25.0,66.58,11.49,0.37,3419.3,55.1,30.99,0
531.9,16.0,95.1,25.02,4.99,3280.6,90.9,27.15,1
5327.0,24.3,51.7,44.6,3.51,2781.9,252.5,9.47,0
5136.9,-2.9,53.04,29.19,0.89,1471.1,121.5,13.53,2
3790.5,-30.2,63.34,34.71,1.26,3108.2,115.0,14.17,2
898.8,12.2,90.98,18.27,3.49,2056.6,61.5,32.18,0
5099.1,-24.5,53.31,29.43,3.92,735.6,101.0,13.52,2
4002.3,-6.9,61.62,23.47,1.27,3451.1,78.2,18.41,1
5191.8,-35.1,52.65,33.64,1.36,656.6,117.2,12.07,2
5010.5,21.9,53.94,4.43,1.6,961.4,30.7,37.39,0
5318.0,-30.6,51.76,25.68,3.03,4090.3,74.7,14.51,2
3608.0,27.7,64.85,16.21,0.94,3304.0,77.1,24.75,1
1341.9,24.8,86.21,17.66,0.61,3158.6,73.1,31.17,0
4526.9,-5.2,57.52,48.12,3.43,2096.8,235.5,9.9,2
4222.8,15.8,59.87,10.77,3.92,1987.4,44.8,28.83,1
4953.5,6.5,54.36,16.94,2.55,3454.4,63.8,20.18,1
1519.3,20.2,84.36,26.47,1.88,3702.6,106.3,23.13,2
1669.9,-7.6,82.81,43.43,2.22,2556.0,166.1,15.5,2
5842.5,18.9,48.21,22.0,2.0,4846.7,106.8,15.07,2
4999.9,-5.3,54.02,37.71,4.8,4778.9,171.1,11.32,2
5949.4,30.6,47.51,43.11,3.86,2068.0,257.5,8.95,2
5052.3,-3.5,53.64,16.88,1.12,4104.9,54.0,19.96,1
4082.9,-5.3,60.98,20.85,1.98,2720.9,67.2,19.76,1
4424.8,18.9,58.3,19.11,2.77,2563.7,84.5,20.03,1
5834.8,21.6,48.26,41.98,3.1,284.3,238.6,9.28,2
3972.8,1.6,61.86,4.13,2.39,2874.1,9.0,43.78,0
4294.3,-26.5,59.31,16.8,4.07,4503.9,27.8,22.13,1
1438.9,-4.9,85.19,34.61,3.86,3902.9,119.7,19.1,2
3343.5,32.6,67.1,29.14,2.58,3933.7,143.0,17.14,2
4798.4,16.5,55.49,22.94,4.29,808.0,103.3,16.85,2
2125.7,20.8,78.26,27.92,3.78,1798.7,117.1,20.64,2
1713.5,-37.5,82.36,11.48,3.92,1173.7,-10.5,38.34,2
2383.0,-4.9,75.79,22.67,4.79,1586.4,68.2,23.19,1
1949.0,8.5,80.0,26.08,1.41,2901.9,95.0,22.17,1
1789.5,22.3,81.6,45.26,1.41,1830.3,207.6,14.77,2
3049.1,-36.3,69.67,14.52,4.46,2807.9,4.5,28.41,2
5947.0,23.9,47.52,43.66,3.88,2198.1,254.9,8.86,2
3542.4,1.1,65.41,32.92,4.64,1440.2,133.8,15.24,2
1627.5,-25.2,83.24,2.98,0.41,486.1,-21.1,64.15,0
961.8,-16.2,90.29,36.78,3.18,4460.3,115.6,19.3,2
4676.9,-18.9,56.39,3.71,0.81,66.8,-12.1,41.14,0
2796.8,-0.2,71.94,49.87,2.57,18.2,226.0,12.02,2
5431.0,-36.1,50.98,43.89,0.86,4135.7,188.5,9.46,2
4457.1,-28.1,58.06,16.27,0.73,4984.1,24.4,22.1,1
5277.4,21.0,52.05,14.36,0.16,3638.2,67.5,21.37,1
2131.7,-30.1,78.2,20.31,3.19,86.2,31.6,25.8,2
4654.2,-22.5,56.56,19.1,1.86,1141.2,44.0,19.44,1
2084.4,-6.0,78.67,19.87,0.62,4859.4,53.7,26.33,1
6134.4,-1.2,46.32,17.28,1.68,4044.9,62.7,16.98,2
4318.2,17.3,59.13,31.81,0.93,2838.3,150.2,14.14,2
2447.1,-6.5,75.18,9.88,4.71,1191.9,16.5,37.81,1
2117.1,19.2,78.35,42.61,1.67,81.7,193.1,14.89,2
1645.6,6.4,83.06,41.0,1.74,114.1,166.4,16.29,2
4667.8,-31.5,56.46,24.87,4.22,3063.8,64.9,16.19,2
1812.3,-28.3,81.37,42.93,3.27,118.9,144.2,15.37,2
4071.8,-7.2,61.07,13.86,3.58,4968.2,33.7,25.59,1
2087.8,-10.2,78.63,2.84,3.22,925.1,-6.3,61.23,0
4471.8,15.8,57.94,31.72,4.74,3556.4,149.5,13.89,2
5389.6,3.6,51.27,23.98,1.11,783.7,99.7,15.09,2
5168.2,-10.9,52.82,29.22,4.95,2705.1,114.0,13.47,2
5065.1,-27.2,53.55,45.17,4.17,412.3,201.0,9.71,2
1626.3,-23.0,83.25,48.56,2.99,3836.2,179.5,14.22,2
1030.3,3.2,89.54,32.45,3.35,2928.8,114.3,21.09,2
4693.7,-8.2,56.27,38.67,3.28,440.0,170.9,11.56,2
2710.1,-1.4,72.73,6.02,0.39,4244.4,10.3,45.39,0
3094.1,-27.2,69.27,9.71,1.17,2739.6,-3.9,35.14,0
686.9,9.7,93.34,37.19,4.81,4608.7,141.4,19.78,2
2057.5,23.9,78.93,22.71,2.72,4584.0,95.7,24.13,1
702.1,-20.7,93.17,23.41,1.95,4603.3,48.3,27.89,1
5775.1,-3.1,48.65,16.81,3.83,398.1,56.9,18.15,1
1960.4,33.2,79.89,31.15,2.67,613.6,144.2,19.41,2
3844.0,-15.0,62.9,10.89,0.16,4938.7,13.7,30.11,0
733.9,4.6,92.81,32.09,3.71,2443.1,112.1,22.05,2
4501.1,-33.2,57.72,10.34,3.69,1198.7,-5.3,28.37,2
2438.2,5.5,75.26,5.06,0.91,3850.6,14.4,49.96,0
5887.5,-33.3,47.91,17.86,4.79,1328.8,32.5,17.2,2
5828.7,31.9,48.3,13.09,1.2,3638.8,74.4,20.91,1
2451.7,13.7,75.14,44.67,2.34,4188.1,203.4,13.74,2
5905.8,19.1,47.79,4.64,0.66,3923.5,29.1,32.65,1
6476.9,12.8,44.18,10.48,3.06,1377.5,45.3,21.57,1
5452.5,4.2,50.83,28.34,1.94,2014.1,126.2,13.26,2
5569.2,-6.3,50.04,25.09,1.83,2072.1,97.4,14.26,2
1994.1,24.4,79.55,4.2,4.15,2461.5,31.1,56.02,1
3960.2,31.8,61.96,2.35,0.15,845.2,35.1,50.18,0
903.5,-2.6,90.93,49.43,4.01,2267.8,196.1,15.3,2
1069.5,29.9,89.12,33.62,2.9,2558.8,146.9,20.43,2
6493.4,3.7,44.08,19.54,4.93,2663.2,81.6,14.92,2
2459.8,0.4,75.06,24.58,2.99,4101.3,82.6,21.71,1
4989.1,-5.9,54.1,14.79,0.37,2591.5,41.7,21.82,1
5340.0,-24.3,51.61,18.55,0.35,1161.6,42.6,18.07,1
5648.1,-39.7,49.5,33.15,4.43,3319.0,114.2,11.47,2
6485.8,-21.9,44.12,44.37,4.22,3988.6,223.4,8.11,2
1949.0,-1.8,80.0,10.84,1.79,1603.7,23.5,38.39,0
742.1,-11.5,92.72,42.34,3.13,3230.1,146.9,17.72,2
2967.1,-6.4,70.4,7.83,2.5,743.2,10.8,39.47,0
1280.5,33.5,86.86,12.32,4.84,1716.2,62.6,38.92,1
634.6,-13.7,93.93,3.78,4.75,4547.0,-8.4,68.14,1
2662.6,-6.1,73.17,8.76,4.92,4557.4,13.6,39.01,1
5202.4,-30.0,52.57,46.03,4.35,2880.9,206.5,9.38,2
3897.1,-36.4,62.47,24.05,4.56,3514.7,51.0,18.35,2
2376.7,18.2,75.85,5.73,1.16,4271.5,28.8,48.22,0
4426.1,2.8,58.29,48.07,4.17,4793.2,241.4,10.04,2
1892.1,17.1,80.57,44.19,3.57,2454.5,197.5,14.87,2
586.3,-28.8,94.48,38.22,4.82,2812.3,107.2,19.59,2
5086.1,2.9,53.4,46.81,2.9,2084.1,243.1,9.4,2
4242.5,-21.0,59.72,12.57,0.52,369.2,15.1,26.46,1
5073.8,-22.9,53.49,42.15,3.03,2119.8,184.3,10.26,2
733.6,-39.1,92.82,35.12,3.46,3955.2,82.7,20.57,2
5522.7,-30.2,50.35,43.75,1.18,4026.4,194.8,9.37,2
4217.2,-16.8,59.92,40.25,2.03,4463.0,166.8,11.92,2
3880.4,-31.2,62.61,18.63,3.03,266.8,29.9,21.87,2
4247.7,33.9,59.68,39.17,1.93,2640.5,211.0,12.14,2
5686.6,-16.9,49.24,14.6,1.94,546.0,32.1,20.02,1
4021.6,-30.2,61.47,17.77,0.75,1011.7,27.5,22.13,2
3985.7,-25.1,61.76,7.18,4.71,4502.1,-8.9,35.95,1
6444.1,4.1,44.38,46.88,3.78,2489.0,268.2,7.8,2
5040.4,-35.2,53.73,15.97,0.11,3795.1,17.9,20.69,2
3153.8,24.7,68.75,26.99,3.85,331.3,122.6,18.59,2
4744.4,32.1,55.89,20.78,3.72,2090.0,107.5,18.16,2
2835.4,-21.5,71.59,48.08,0.15,3374.5,193.9,12.33,2
1873.3,-6.2,80.75,18.08,1.91,675.7,45.3,28.76,1
4081.1,-38.3,60.99,39.37,3.07,1635.8,138.1,12.35,2
6069.1,8.1,46.74,43.06,2.32,332.1,236.5,8.81,2
6074.8,-9.0,46.7,22.91,3.91,3260.2,85.5,14.19,2
2551.4,-19.7,74.2,20.15,2.18,4854.7,42.9,24.61,1
3666.1,-24.5,64.37,37.89,0.85,4137.0,138.3,13.44,2
1769.8,9.1,81.79,45.82,4.88,4873.4,197.4,14.65,2
6473.8,-8.8,44.2,38.24,1.29,4229.6,190.2,9.16,2
6386.7,-26.5,44.73,12.9,3.62,4277.4,16.7,19.53,1
4397.1,11.7,58.52,44.64,0.8,2890.1,226.4,10.71,2
5326.5,2.4,51.7,20.6,1.71,2596.1,79.8,16.89,2
4790.6,24.4,55.55,29.66,2.27,2037.2,148.7,14.01,2
4058.9,-31.2,61.17,41.91,1.04,4092.3,161.1,11.78,2
820.1,18.9,91.85,11.04,2.3,918.5,43.2,43.65,0
3228.6,10.5,68.09,39.66,0.87,290.6,179.2,13.71,2
4548.7,-31.4,57.36,30.62,2.84,4740.0,96.6,14.12,2
4565.2,12.1,57.23,44.88,3.35,28.9,230.9,10.43,2
2738.7,-6.9,72.47,10.25,0.41,4884.4,17.7,35.78,0
6150.2,30.9,46.22,22.19,4.37,3647.0,121.7,14.36,2
1504.1,-29.4,84.51,41.98,1.01,1649.2,134.6,16.26,2
3502.2,8.2,65.75,2.92,1.2,3492.1,12.7,50.87,0
4645.3,-11.4,56.63,7.39,3.34,4091.2,6.2,32.57,0
4682.8,31.8,56.35,49.55,2.4,1234.4,285.0,9.46,2
4391.8,-15.3,58.56,15.46,2.55,3856.8,33.4,23.0,1
2151.7,32.2,78.01,48.83,0.73,4023.8,243.0,13.26,2
1437.2,27.6,85.21,10.76,4.05,1254.3,51.9,41.04,1
4315.6,-19.7,59.15,19.33,3.12,219.2,46.5,20.16,1
4095.8,20.3,60.87,38.14,0.76,1028.6,189.2,12.65,2
1576.1,34.7,83.77,33.57,1.93,1011.2,155.1,19.22,2
4730.8,-21.1,55.99,29.89,4.07,335.5,104.2,14.04,2
3231.0,-7.2,68.07,27.44,2.88,3632.8,93.5,18.18,1
4506.6,-1.0,57.68,42.49,0.63,1906.1,200.8,10.99,2
5524.2,-17.9,50.34,13.28,1.93,4423.1,24.5,21.63,1
1518.4,-38.9,84.37,23.24,1.29,1268.3,32.9,25.38,2
614.9,-23.5,94.15,9.46,2.64,2271.6,-4.2,48.38,0
5174.6,-18.9,52.77,30.61,4.23,3198.7,114.5,13.0,2
4158.2,-6.7,60.38,14.03,2.24,4388.6,35.1,25.13,1
4697.8,-27.2,56.24,18.02,2.22,2627.9,34.4,20.07,1
5528.9,25.5,50.31,24.62,4.54,1873.9,126.2,14.53,2
5316.9,12.9,51.77,3.28,2.92,4336.4,18.8,38.97,0
6265.5,-33.6,45.49,6.41,2.87,1558.1,-17.5,27.71,2
3715.6,8.8,63.96,34.92,1.38,406.3,154.4,14.24,2
3431.0,9.0,66.35,22.59,3.08,2230.8,86.7,20.36,1
2911.3,31.7,70.9,43.51,2.92,3927.6,219.9,13.25,2
1422.1,-39.8,85.37,35.34,2.04,163.6,88.4,18.83,2
3935.6,-21.4,62.16,2.39,4.95,2933.6,-17.9,50.17,1
2162.1,29.6,77.91,31.6,4.42,2976.4,144.3,18.73,2
6027.8,29.9,47.0,6.5,3.77,4643.4,46.0,28.49,1
3999.1,14.0,61.65,39.48,2.73,1439.5,190.2,12.46,2
4057.0,17.4,61.18,49.59,2.36,1401.4,260.8,10.27,2
2629.5,-33.1,73.47,27.5,1.01,2208.0,64.1,19.59,2
811.9,-1.5,91.94,34.77,1.6,1791.0,119.3,20.54,2
690.5,-22.6,93.3,13.39,3.89,3684.4,8.9,39.89,1
3040.0,-26.4,69.75,23.0,2.32,3212.3,51.3,21.13,1
1007.4,20.8,89.79,43.09,4.42,3797.0,185.8,16.91,2
4141.1,-29.9,60.52,10.04,0.82,4102.0,-3.7,30.2,0
5785.8,-4.9,48.58,14.75,2.59,4615.7,45.1,19.63,1
5797.5,30.4,48.51,23.38,3.27,2160.4,125.8,14.53,2
4454.3,-26.1,58.08,36.19,2.63,4923.6,134.6,12.57,2
1767.4,33.3,81.82,20.04,4.46,1086.1,92.5,27.23,1
5678.0,34.6,49.3,46.53,4.95,3574.7,282.5,8.72,2
5816.6,1.7,48.38,6.53,0.67,2674.7,17.7,29.26,1
1679.9,-27.2,82.71,19.8,0.74,4086.3,30.6,27.75,1
4924.6,-16.3,54.57,36.03,0.74,2389.1,148.5,11.85,2
2219.1,-8.2,77.36,12.85,3.44,3921.9,24.5,33.86,0
5315.8,-16.8,51.78,33.51,1.93,4651.5,136.0,11.9,2
6483.4,-19.0,44.14,9.88,3.69,3664.1,11.0,22.2,1
680.2,32.9,93.42,4.69,2.09,3882.7,40.2,63.6,0
5884.2,-28.5,47.94,7.81,3.18,345.2,-7.8,26.92,1
4235.8,15.0,59.77,46.64,3.87,1032.7,240.9,10.55,2
6340.3,-40.0,45.02,28.48,2.79,4871.8,90.6,11.7,2
3290.1,4.7,67.56,40.22,2.74,3469.0,177.5,13.45,2
5584.3,28.7,49.93,17.97,0.53,2811.6,93.7,17.85,2
874.4,-18.4,91.25,30.45,2.11,1841.2,82.2,22.56,1
2511.7,-26.1,74.57,25.76,2.77,231.5,62.0,20.86,1
902.1,8.9,90.95,47.4,2.36,1852.0,196.2,15.85,2
6352.1,13.4,44.95,37.88,4.51,2499.6,208.2,9.39,2
5401.8,11.6,51.18,37.07,4.54,1065.2,188.6,10.87,2
5615.3,-16.1,49.72,4.22,4.13,874.0,-7.5,34.96,0
6127.8,-21.1,46.36,28.38,1.94,2547.0,106.9,12.08,2
1010.6,31.7,89.76,24.42,3.61,2933.7,106.2,26.08,2
2813.6,29.2,71.79,46.54,2.04,1207.2,234.8,12.7,2
926.2,-5.7,90.68,14.35,1.24,2941.1,29.5,37.24,0
1764.8,23.5,81.84,14.95,1.78,4502.7,62.7,32.8,0
1876.2,-6.1,80.72,21.74,0.45,2371.1,60.7,25.43,1
3314.6,-8.2,67.35,13.68,1.73,4288.4,30.1,28.44,1
2111.4,-28.2,78.4,8.2,2.36,4637.1,-10.9,43.08,0
1105.9,-8.0,88.73,43.16,4.78,471.0,158.3,16.69,2
1504.9,0.3,84.5,28.8,1.64,488.1,97.0,21.78,1
1383.7,-38.3,85.77,43.35,4.52,2385.5,131.9,16.08,2
6338.5,-6.7,45.03,41.89,1.22,2944.6,217.3,8.68,2
5055.8,18.6,53.62,15.54,1.04,2135.2,69.8,21.0,1
6306.6,11.0,45.23,28.29,2.64,1639.0,140.0,11.81,2
3138.4,7.6,68.88,5.99,3.4,3208.6,19.5,43.07,0
2170.2,28.2,77.83,45.93,0.32,20.4,222.0,13.91,2
5289.8,-38.6,51.96,21.4,1.18,4840.7,42.8,16.55,2
2457.5,1.8,75.08,20.9,2.33,1168.1,67.3,24.3,1
2296.3,19.1,76.61,16.53,1.72,4586.3,65.8,28.88,1
1895.0,0.6,80.54,24.11,3.59,554.0,77.9,23.61,1
1278.1,-15.7,86.88,14.08,2.6,1198.1,19.3,36.07,0
2038.8,-29.8,79.11,19.99,0.89,1182.0,30.2,26.38,1
2631.9,26.6,73.45,40.4,4.48,4980.8,193.2,14.57,2
4544.0,-4.7,57.39,42.04,1.54,33.0,194.7,11.03,2
875.4,25.9,91.24,16.6,3.68,3201.8,68.9,34.3,0
1763.0,3.9,81.86,24.51,3.92,4349.7,82.4,23.72,1
5354.1,10.6,51.51,43.94,4.82,3364.6,234.5,9.55,2
1381.5,20.3,85.79,4.53,2.54,1820.0,27.5,59.05,0
2555.9,9.4,74.16,44.68,3.12,4792.0,200.4,13.56,2
5688.0,-10.1,49.24,12.52,1.74,4468.7,29.3,21.86,2
1429.6,-1.5,85.29,34.57,3.42,2175.4,122.9,19.14,2
996.4,20.2,89.91,29.96,2.37,2870.9,119.4,22.5,2
3407.2,-12.0,66.55,28.54,2.24,4837.9,95.7,17.27,2
2314.5,-10.9,76.44,43.25,4.29,4913.0,168.9,14.36,2
3880.5,-32.8,62.61,6.88,0.35,2254.6,-17.7,37.1,2
5322.8,28.6,51.73,18.66,4.42,4238.3,95.9,18.05,0
1322.9,-33.2,86.41,27.84,4.28,1516.9,58.1,22.84,2
3984.2,8.6,61.77,40.94,2.58,1865.3,193.8,12.13,2
3533.1,-9.0,65.48,12.39,2.5,832.5,24.7,29.25,1
1364.5,-9.6,85.97,40.54,1.87,1053.8,145.2,17.01,2
4244.0,11.0,59.71,21.18,4.97,3287.8,85.8,19.15,1
2141.8,-35.0,78.11,11.07,0.64,2558.8,-8.6,37.07,2
3427.0,4.5,66.38,38.43,2.99,1163.3,168.0,13.71,2
993.6,17.9,89.94,6.36,3.44,2020.5,29.2,54.97,0
3257.5,22.1,67.84,26.71,4.68,1872.2,119.3,18.48,2
2338.8,-27.2,76.21,5.07,3.92,4936.9,-18.3,50.58,1
5434.3,27.3,50.96,19.11,3.25,4269.3,97.5,17.51,0
841.9,9.2,91.61,30.85,0.67,1946.0,111.5,22.43,2
3011.6,26.1,70.0,28.69,1.93,4570.4,131.9,18.09,2
3250.6,-3.6,67.9,21.42,0.78,1719.8,67.7,21.61,1
4850.0,0.7,55.11,22.59,4.42,3342.8,85.9,16.91,2
3945.7,28.9,62.08,12.88,3.77,4833.6,65.5,27.13,1
4503.3,27.5,57.7,23.88,3.81,1957.5,117.6,17.03,2
5162.3,-6.4,52.86,47.76,3.3,3402.6,241.9,9.15,2
5673.2,-19.4,49.33,42.82,2.58,1486.7,201.2,9.34,2
2383.3,-10.5,75.78,8.97,0.83,1338.9,9.4,39.95,0
3728.1,-10.9,63.86,3.43,1.72,2875.0,-5.3,47.55,0
5540.6,-18.5,50.23,46.81,0.77,4896.5,229.2,8.84,2
6436.7,-19.9,44.42,27.28,3.65,2271.1,103.9,11.91,2
5837.1,24.6,48.24,27.82,0.89,4688.8,146.5,12.76,2
2728.8,-34.8,72.56,39.47,3.54,4572.7,127.6,14.67,2
1671.0,10.8,82.8,17.11,3.49,1276.3,58.0,30.55,0
3436.4,-27.0,66.3,25.13,2.35,2015.1,63.2,18.87,1
4949.8,-14.2,54.38,48.5,0.76,3220.1,236.0,9.3,2
3455.4,-35.4,66.14,34.26,1.64,2595.0,104.1,14.94,2
3399.1,-19.8,66.62,9.38,1.67,488.8,2.9,34.38,0
5529.4,17.6,50.31,8.39,3.53,4968.6,40.0,27.35,1
2668.4,26.4,73.12,11.8,0.66,3765.7,56.2,33.53,0
5658.8,-23.4,49.43,38.8,4.16,2194.1,168.6,10.13,1
2940.8,-5.2,70.64,16.18,3.83,3094.7,42.0,26.98,1
2469.4,-4.7,74.97,3.03,1.01,447.0,-0.3,57.55,0
3223.9,25.5,68.13,47.32,3.62,2481.6,241.5,11.89,2
5074.7,17.2,53.48,10.15,3.38,4654.9,45.4,26.55,1
1256.0,-1.5,87.12,2.46,3.77,4484.0,1.5,69.93,0
1678.5,10.3,82.72,13.38,1.03,1693.5,43.7,35.38,0
6208.7,23.6,45.85,13.28,0.87,2661.5,68.0,19.69,1
1552.9,-39.3,84.01,22.26,1.26,3489.9,28.4,26.04,2
3906.4,-9.8,62.4,46.18,1.89,1706.6,208.3,11.11,2
3975.9,28.0,61.83,44.2,3.99,333.7,234.1,11.41,2
3437.7,15.5,66.29,23.93,3.72,2532.2,99.8,19.54,1
4368.5,0.7,58.74,21.72,4.63,3012.2,78.9,18.52,1
1879.0,-0.3,80.7,28.64,0.39,39.1,98.0,20.88,1
3816.0,-13.9,63.13,13.69,0.16,486.9,25.6,26.65,1
2733.0,-1.0,72.52,4.5,3.53,1044.4,6.8,50.0,0
4470.0,9.2,57.96,47.08,1.47,1746.8,241.6,10.15,0
1347.3,-8.6,86.15,10.96,1.74,2709.8,16.2,41.1,0
3925.3,13.6,62.24,11.52,2.78,1476.3,44.8,28.92,0
1611.6,24.6,83.4,24.68,0.6,1388.2,103.0,24.05,1
2171.9,-28.4,77.81,25.6,3.25,4348.1,57.1,21.86,2
1812.3,-6.1,81.37,2.88,1.69,733.8,-2.2,63.15,0
1597.0,-9.4,83.55,9.1,3.2,2482.3,10.0,43.74,0
5454.3,11.6,50.82,20.15,4.19,4764.6,87.2,16.85,2
2214.2,-21.3,77.4,34.82,0.94,3128.8,110.6,17.27,2
6062.7,8.0,46.78,12.96,4.66,3588.9,50.6,20.37,1
6319.6,25.8,45.15,22.3,2.7,2161.9,118.4,13.98,2
3927.6,-8.6,62.22,28.75,4.62,109.5,103.9,16.06,2
1358.0,28.3,86.04,44.65,1.12,3234.2,205.5,15.74,2
2747.3,34.5,72.39,17.65,3.06,3163.3,87.2,26.18,1
5286.4,-32.0,51.98,8.41,2.08,561.0,-10.0,28.24,2
2704.3,-22.5,72.78,25.49,3.89,2316.2,65.3,20.51,1
1022.1,31.3,89.63,37.84,3.07,4577.5,169.0,18.74,2
3840.7,31.9,62.93,7.27,2.52,1033.4,48.2,36.43,0
5570.7,-32.7,50.03,22.38,4.57,2310.9,55.7,15.45,2
5275.6,-38.9,52.06,2.85,1.95,2310.9,-34.0,40.5,2
1550.7,-27.9,84.03,3.61,1.18,4055.7,-22.6,61.74,0
4536.6,34.7,57.45,25.18,3.08,4124.6,131.9,16.33,2
1823.0,-26.5,81.26,16.31,3.16,3798.8,18.0,30.88,0
1809.2,-2.3,81.4,42.57,2.25,1833.6,168.0,15.48,2
5744.4,23.6,48.86,30.9,2.48,369.5,164.1,11.94,2
1998.0,-38.5,79.51,23.79,4.8,1753.9,37.9,23.53,2
2079.5,5.3,78.71,21.58,3.69,3402.2,72.3,24.92,1
503.9,-19.2,95.42,25.87,0.64,3516.7,59.1,26.6,1
5724.0,24.7,48.99,3.94,1.14,4825.4,32.5,35.14,0
5255.6,-18.7,52.2,44.85,4.88,2273.7,210.2,9.52,2
4264.0,11.5,59.55,49.92,3.66,3165.9,260.4,9.94,2
5001.6,10.6,54.01,10.71,4.58,2700.6,40.9,26.08,1
1412.3,-23.4,85.47,7.78,1.59,761.6,-8.0,48.08,0
3249.9,-37.4,67.91,8.89,3.74,2311.4,-16.6,35.95,2
2607.3,-9.3,73.68,33.73,3.6,2728.7,120.0,16.85,2
1062.7,-18.3,89.19,33.75,1.54,4754.2,99.3,20.39,1
3416.8,20.7,66.47,42.7,2.8,1839.0,210.0,12.61,2
6024.4,20.0,47.02,38.09,3.17,4900.7,211.8,9.78,2
740.4,-5.7,92.74,23.59,2.46,2716.1,64.1,27.61,1
2248.8,5.5,77.07,31.42,4.15,1219.9,119.9,18.61,2
1745.2,5.3,82.04,35.04,4.18,966.4,134.5,18.22,2
1928.9,22.0,80.2,26.61,4.27,717.1,110.9,21.91,2
5950.6,-8.1,47.5,24.83,4.04,2270.1,96.7,13.64,2
3308.4,-19.3,67.4,32.96,2.49,119.4,111.5,15.69,2
3297.8,-20.1,67.49,28.76,1.97,2230.8,87.9,17.41,2
5063.5,0.2,53.56,32.91,4.17,4942.1,146.7,12.48,2
1427.0,-6.3,85.32,31.42,2.5,3353.8,102.4,20.6,1
3423.6,-7.0,66.41,36.52,1.31,3801.3,145.2,14.28,2
3079.9,-33.2,69.4,32.85,2.59,603.8,95.2,16.19,2
4081.5,13.9,60.99,26.95,0.8,2370.8,117.7,16.51,2
6497.3,-24.0,44.05,34.73,3.49,1438.3,150.2,9.85,2
5116.7,-25.2,53.18,23.58,1.75,4471.5,66.9,15.84,2
2887.2,-9.0,71.12,13.6,1.38,914.6,27.8,30.14,0
5465.3,-22.9,50.74,2.07,4.79,2299.1,-19.8,42.05,1
1524.3,3.8,84.3,28.88,3.91,2944.4,101.0,21.68,1
682.8,-12.1,93.39,30.35,3.96,2575.1,86.9,23.14,1
1726.7,-6.3,82.23,48.66,3.16,4152.9,198.1,14.02,2
2542.5,0.3,74.28,19.35,4.21,1165.0,59.4,25.31,1
3563.5,-24.7,65.23,20.92,3.82,1893.2,45.6,21.1,1
4190.8,-28.3,60.12,11.69,3.03,3962.5,4.1,27.72,1
5963.6,26.0,47.42,5.39,4.81,2645.1,38.4,30.82,1
3559.1,-7.5,65.27,39.09,1.04,2016.6,161.4,13.29,2
3507.7,-9.1,65.7,13.98,4.72,156.9,30.8,27.39,1
801.5,-37.3,92.06,31.23,2.07,3769.4,66.5,22.33,2
709.5,-2.7,93.09,35.01,2.69,4861.2,118.5,20.68,2
3807.0,1.6,63.21,24.62,0.7,3105.2,91.4,18.26,1
3129.1,1.9,68.97,44.06,2.75,4284.1,196.2,12.76,2
5535.1,13.0,50.27,23.3,3.09,2589.2,106.3,15.09,1
1464.1,-26.7,84.93,15.68,4.99,1166.1,14.5,33.08,1
649.8,-21.1,93.76,45.01,4.88,82.1,150.5,17.04,2
3194.2,20.8,68.39,43.36,4.84,3270.5,211.5,12.82,2
1924.9,31.0,80.24,9.87,1.81,2470.6,53.2,40.37,0
797.7,-29.8,92.1,3.25,4.96,3912.7,-25.4,69.53,1
4847.6,-2.7,55.13,6.32,2.33,3476.5,11.7,33.78,0
1169.6,-23.9,88.04,15.75,4.27,4939.9,16.8,34.19,1
4149.9,-35.5,60.45,48.67,1.16,2556.5,203.0,10.3,2
2186.3,-15.6,77.67,28.81,2.58,2141.6,85.4,20.01,1
1541.0,-29.2,84.13,19.92,4.83,1440.8,28.6,28.12,1
2778.5,13.2,72.11,44.66,4.74,2389.5,206.8,13.19,2
5308.7,0.0,51.83,23.75,3.45,4365.6,94.4,15.36,2
2852.6,-29.2,71.43,17.13,4.01,221.8,21.6,26.33,1
5004.6,-39.3,53.99,47.18,0.96,4889.7,202.3,9.44,2
1252.9,20.6,87.15,42.78,3.64,4966.6,186.4,16.51,2
5136.6,-26.8,53.04,42.5,3.13,2993.1,183.8,10.1,2
1921.6,5.5,80.27,26.59,0.55,1664.4,94.2,21.94,1
4564.4,-14.7,57.24,39.89,0.65,1123.0,170.8,11.47,2
3894.7,3.9,62.49,10.61,0.63,1389.7,31.7,30.32,0
6074.9,-16.3,46.7,29.51,3.65,260.0,118.4,11.82,2
2823.9,-33.5,71.69,49.22,0.79,2380.8,189.0,12.11,2
897.0,-23.3,91.0,15.97,2.39,296.0,17.5,35.05,0
614.9,-25.9,94.15,40.13,1.85,3595.2,119.9,18.78,2
5461.2,-7.9,50.77,25.54,2.8,1865.9,97.6,14.28,2
3648.4,9.4,64.52,3.91,3.56,1004.8,16.1,46.38,0
5151.5,-20.2,52.94,38.62,3.46,2728.8,164.2,10.89,2
1906.6,-39.1,80.42,10.09,2.63,4869.1,-16.2,40.03,2
2570.5,-1.1,74.02,32.31,2.38,3478.7,120.4,17.5,2
680.6,5.4,93.41,6.11,2.05,2463.8,15.9,57.98,0
6269.0,32.2,45.47,47.45,4.32,3886.8,297.6,7.91,2
4507.2,4.2,57.67,16.0,1.72,3690.0,55.7,22.18,1
6099.2,-4.7,46.54,12.87,1.37,4459.8,37.6,20.35,1
2093.0,3.0,78.58,8.2,3.74,1031.3,20.3,43.18,0
4168.8,29.6,60.3,47.41,1.86,4295.8,259.7,10.5,2
4571.0,22.1,57.19,36.17,4.25,1512.1,183.9,12.39,2
2405.3,-15.8,75.58,37.6,1.71,4705.6,132.8,15.88,2
5588.7,-22.2,49.9,25.97,3.54,1412.5,86.7,13.87,2
6183.0,-20.3,46.01,24.79,0.32,4635.0,86.0,13.23,2
5809.1,-2.2,48.43,7.28,1.99,4819.3,16.5,28.02,2
4934.4,15.8,54.5,28.87,1.78,736.0,136.7,14.02,2
2164.8,-2.3,77.88,13.85,4.1,4872.8,33.9,32.65,1
2189.7,-34.9,77.64,48.9,4.84,437.8,176.9,13.18,2
6280.2,14.3,45.4,40.24,2.36,1100.7,225.1,9.04,2
561.7,20.4,94.76,21.82,4.14,2226.4,82.4,29.78,1
4796.3,-18.3,55.51,9.26,3.53,4968.1,6.1,28.81,1
4737.5,9.8,55.94,39.7,4.84,2447.9,196.2,11.26,2
4236.1,-8.0,59.77,7.86,4.07,2756.5,10.7,33.47,1
6440.7,26.7,44.4,11.09,0.48,3475.2,61.8,21.05,1
2371.3,23.4,75.9,12.15,3.6,4841.8,53.9,34.26,0
2539.8,-0.6,74.31,28.73,2.72,3918.9,102.2,19.19,1
973.6,11.9,90.16,39.78,0.18,1128.5,159.1,18.11,2
3156.8,26.3,68.72,17.09,1.33,1521.9,77.9,25.37,1
2066.3,-2.8,78.84,6.06,4.62,497.2,8.5,49.08,1
2560.3,-16.5,74.12,24.3,4.64,3225.8,64.9,21.61,0
5507.4,16.5,50.46,37.91,4.01,911.9,200.5,10.53,2
6112.9,-23.5,46.46,12.64,4.91,1294.5,17.7,20.52,1
1614.4,-10.9,83.38,12.56,4.05,4441.7,19.6,36.96,1
2735.1,24.9,72.5,47.47,0.15,1640.5,235.2,12.62,2
6071.8,14.3,46.72,47.8,1.51,2837.6,278.8,8.08,2
870.9,-9.7,91.29,49.54,0.25,1993.9,189.2,15.33,2
1054.2,-23.9,89.29,40.77,0.56,379.4,129.2,17.59,2
1476.7,-13.3,84.8,11.03,1.17,1820.7,11.9,40.32,0
4071.3,-18.7,61.07,12.18,2.57,2046.3,15.4,27.54,1
1402.8,-26.8,85.57,18.33,4.25,4479.5,24.3,30.2,1
6308.5,15.7,45.22,17.27,4.32,1629.0,80.4,16.58,2
3180.3,-21.1,68.52,47.91,3.12,1902.4,198.0,11.83,2
3509.1,-5.9,65.69,39.88,4.65,3916.7,167.1,13.17,2
1980.0,-11.1,79.69,36.75,2.55,3797.2,129.1,17.05,2
3325.8,33.7,67.25,10.93,4.46,3993.4,61.6,32.14,1
4471.5,-10.7,57.95,45.66,2.32,4769.3,212.0,10.41,2
5007.1,-34.0,53.97,41.74,1.46,3979.8,169.5,10.43,2
5023.2,-33.3,53.85,9.85,4.59,2044.0,-6.3,27.12,2
3967.3,4.3,61.9,43.82,2.0,4109.3,207.7,11.5,2
5926.2,5.0,47.66,15.07,2.57,2548.3,57.0,19.01,1
5404.4,-8.6,51.16,5.88,1.71,1395.8,4.9,32.22,0
5042.3,-7.6,53.72,33.53,3.35,1521.6,142.5,12.34,2
833.6,-36.0,91.7,33.38,4.98,1127.0,78.2,21.14,2
541.3,-1.3,94.99,6.56,0.23,733.5,10.2,57.37,0
1774.7,-2.1,81.74,17.3,4.51,930.6,46.1,29.94,1
4481.1,-28.8,57.87,49.66,0.12,325.3,221.9,9.7,2
2967.2,-32.2,70.4,34.56,1.88,4443.4,104.6,15.8,2
2914.4,-30.7,70.87,37.04,0.93,4655.7,119.5,15.07,2
5807.5,-32.4,48.44,12.22,3.81,2938.0,6.1,21.8,2
5873.4,5.7,48.01,5.78,0.35,4204.0,19.3,30.42,0
5955.1,-25.3,47.47,15.29,2.81,926.0,27.9,18.77,0
2383.3,-21.1,75.78,13.95,1.55,4509.4,15.9,31.65,0
4646.3,-27.0,56.62,13.26,0.75,2536.7,12.9,24.35,1
2129.8,31.8,78.22,11.25,3.88,345.2,58.8,36.81,1
1643.7,24.1,83.08,29.59,1.17,715.2,125.4,20.98,2
1607.8,-22.7,83.44,17.75,1.2,1551.8,26.7,30.07,0
2552.6,-15.4,74.19,41.38,1.45,227.4,156.1,14.44,2
3079.7,-24.3,69.4,10.83,2.98,1553.4,2.9,33.32,0
5485.7,-3.1,50.6,24.3,3.33,309.1,95.5,14.75,2
1219.3,-38.5,87.51,2.66,0.19,1187.8,-35.2,69.15,1
4909.6,10.4,54.68,25.12,1.29,1335.7,109.7,15.57,2
3688.7,-0.8,64.18,4.68,2.21,4971.9,8.0,43.72,0
2227.7,27.4,77.27,48.93,1.73,1185.4,239.9,13.11,2
3456.9,-27.7,66.13,39.95,4.43,1203.5,145.3,13.24,2
2299.7,20.3,76.58,25.53,3.96,3437.1,106.1,21.56,2
4076.5,19.4,61.03,6.16,3.17,4298.2,32.5,37.77,0
3103.1,-30.5,69.19,30.44,1.76,1941.4,85.1,17.11,2
1486.4,-10.1,84.7,38.42,3.53,4379.3,134.6,17.49,2
1199.5,-27.2,87.72,11.15,4.23,1707.3,-2.1,41.47,1
3780.2,-20.9,63.43,29.27,3.01,993.1,93.4,16.15,2
5914.5,-20.3,47.74,41.08,3.94,1654.9,191.4,9.35,2
2563.7,1.7,74.09,38.88,3.77,3050.7,159.0,15.16,2
4898.0,-9.1,54.76,40.54,2.9,1842.0,184.9,10.83,2
4452.0,31.1,58.1,44.21,1.63,3367.7,243.7,10.72,2
6089.3,-30.5,46.61,47.01,3.75,1192.3,228.2,8.18,2
5425.9,33.0,51.02,21.47,1.11,3508.0,115.5,16.21,2
3899.6,-22.7,62.45,29.3,3.92,1743.7,92.6,15.89,2
4442.2,18.0,58.17,39.95,4.04,2284.8,202.4,11.65,2
5890.3,-14.6,47.89,35.46,4.13,2793.1,157.4,10.53,2
2897.1,-29.3,71.03,49.78,2.42,3434.3,197.8,11.88,2
2460.8,24.3,75.05,2.66,1.04,1201.2,28.0,59.3,0
564.9,-16.8,94.72,19.05,0.59,4181.4,34.4,32.61,0
5459.3,9.4,50.79,15.49,3.74,3612.0,61.8,19.92,1
5305.9,2.5,51.85,14.59,4.44,1178.1,50.2,21.08,1
1126.7,-4.6,88.5,12.68,3.29,4875.1,25.4,39.02,0
3961.1,-2.8,61.95,36.04,0.81,3327.3,151.8,13.46,2
3283.9,14.9,67.61,6.07,4.68,2267.6,27.1,42.08,1
1212.3,-33.4,87.58,37.6,4.95,796.1,104.6,18.4,2
6383.4,10.1,44.75,35.28,2.22,2670.8,186.8,9.88,2
1788.2,27.2,81.61,14.04,3.01,832.2,63.2,33.95,0
903.4,-35.7,90.93,14.14,3.91,2153.2,-1.2,37.68,2
4069.1,-29.5,61.09,32.19,3.71,2049.5,103.5,14.48,2
4933.2,13.7,54.5,38.58,4.84,3602.5,195.2,11.22,2
694.7,-7.2,93.25,44.07,0.66,970.0,159.9,17.25,2
4452.3,-9.7,58.09,42.9,2.95,4111.1,194.1,10.98,2
3693.8,-29.7,64.14,48.31,3.49,1637.4,199.4,11.0,2
1119.6,-2.0,88.58,29.91,4.46,2225.5,97.6,22.2,1
1535.1,-30.5,84.19,45.62,4.38,3864.0,154.0,15.14,2
3907.8,-4.3,62.38,40.81,4.89,3130.7,179.2,12.28,2
2278.1,17.3,76.79,44.94,2.61,1547.0,206.5,13.98,2
6129.9,-20.6,46.35,2.56,4.17,1937.2,-16.2,36.91,1
5412.4,-3.9,51.11,48.36,2.19,1535.9,253.1,8.76,2
6401.4,34.4,44.64,24.73,2.17,2977.9,141.9,12.85,2
2058.0,11.5,78.92,40.31,1.34,1669.8,171.8,15.69,2
6318.3,23.1,45.16,8.11,4.11,3631.2,45.5,24.94,1
3087.4,-8.9,69.33,21.01,4.93,2903.1,59.8,22.36,1
2585.1,17.6,73.89,15.03,1.36,737.1,59.2,29.52,1
802.1,-37.0,92.05,16.0,0.38,1558.2,3.7,35.41,2
816.6,-30.8,91.89,7.92,4.1,1115.0,-15.6,51.29,2
4652.1,-24.8,56.58,40.68,3.14,1957.7,167.0,11.16,2
3247.6,-9.9,67.93,2.44,4.8,2584.8,-6.4,54.59,1
1859.1,23.4,80.9,17.0,1.34,2538.7,70.7,29.96,1
4183.8,-14.0,60.18,10.37,0.45,3775.1,13.4,29.54,1
2017.1,9.1,79.33,30.27,2.51,954.0,116.2,19.7,2
3965.8,13.2,61.92,14.2,0.52,4732.9,55.2,25.58,1
2655.3,4.0,73.24,14.43,1.38,1720.8,43.5,29.98,1
5441.3,-13.2,50.91,25.44,0.72,1508.2,91.6,14.36,2
5424.2,3.3,51.03,33.33,1.2,3429.0,156.0,11.78,2
3364.1,-14.3,66.92,7.82,0.62,4029.5,3.2,37.55,1
2604.9,-33.7,73.7,10.42,4.77,1898.6,-8.7,36.09,2
2675.4,34.5,73.05,13.86,1.46,3736.8,71.9,30.61,0
5334.3,-30.5,51.65,48.74,2.28,4419.8,228.0,8.79,2
2469.1,-34.6,74.97,21.06,4.5,3836.4,31.7,24.14,2
1754.4,25.9,81.95,30.75,3.42,180.6,133.6,20.11,2
1008.1,-17.4,89.79,13.59,3.13,4138.6,15.4,38.05,0
3300.2,8.8,67.47,25.54,3.56,3874.7,100.3,18.98,1
3392.8,-15.3,66.68,5.56,4.16,3349.8,-4.4,42.86,1
5545.5,-10.6,50.2,3.67,4.4,3802.5,-3.6,36.73,1
1827.4,-20.3,81.21,24.5,3.25,4897.3,58.4,23.54,1
2785.9,-14.3,72.04,21.14,4.46,2161.3,53.7,23.14,1
5350.4,-9.2,51.54,8.57,2.72,345.4,13.5,27.75,1
5441.7,14.0,50.91,35.0,1.46,2309.8,177.8,11.31,2
2807.7,-1.6,71.84,49.66,4.41,241.7,223.4,12.04,2
3254.7,30.8,67.87,20.99,2.75,1478.3,100.1,21.9,1
2319.7,-36.9,76.39,31.98,4.54,2938.5,81.0,18.2,2
6095.3,-2.3,46.57,48.22,0.3,1555.0,265.9,8.0,2
1211.9,3.8,87.59,41.91,2.05,3430.1,164.5,16.87,2
6102.5,29.0,46.52,24.25,4.74,4111.7,131.5,13.58,2
4603.2,-36.3,56.95,37.4,1.32,2108.0,133.6,12.01,2
3689.4,3.0,64.18,8.15,4.71,4501.7,22.0,35.36,1
696.0,24.0,93.24,26.58,4.77,408.4,106.4,25.49,2
3353.6,-21.9,67.01,15.39,4.42,4202.2,23.4,26.39,1
2946.5,25.7,70.59,9.74,2.86,4144.6,48.9,35.77,0
1467.3,-38.6,84.9,22.46,3.27,1616.7,29.6,26.15,2
4438.5,14.9,58.2,8.29,4.36,1500.6,35.3,31.82,1
6326.9,30.0,45.1,35.55,3.9,1532.4,207.8,9.9,2
3873.1,9.3,62.67,23.9,3.19,4058.9,95.8,18.49,1
4788.5,-7.1,55.56,27.49,4.91,4160.0,104.7,14.82,2
910.7,-36.6,90.85,9.03,3.46,1655.3,-18.2,47.75,2
3006.0,29.0,70.06,8.71,4.88,2967.0,48.9,37.44,1
1198.2,-4.7,87.74,30.0,0.38,703.3,95.8,21.93,1
4176.8,-37.8,60.23,49.28,0.78,2349.2,205.3,10.16,2
6130.9,11.7,46.34,6.62,2.31,4994.0,28.4,27.88,1
4470.7,-3.9,57.95,15.72,1.99,802.6,46.2,22.54,1
960.8,-30.7,90.3,43.73,3.94,4738.3,137.3,16.81,2
2628.0,-23.9,73.49,5.47,0.89,4123.0,-13.8,47.51,0
3804.0,-35.2,63.23,44.04,4.88,4861.4,167.6,11.7,2
2919.2,3.1,70.83,27.17,1.64,906.1,100.5,19.06,1
5501.9,6.7,50.49,21.6,2.2,1075.5,90.3,15.98,2
5388.0,-2.1,51.28,16.86,1.45,94.2,56.6,19.09,1
4171.0,21.3,60.28,16.26,2.94,3626.3,72.7,22.95,1
2740.7,24.6,72.45,16.68,0.39,3224.0,73.2,27.16,1
2032.0,6.2,79.18,44.47,0.83,898.5,189.8,14.54,2
1135.2,-39.0,88.41,36.74,3.75,3957.8,94.0,18.91,2
2629.4,12.1,73.48,34.15,1.01,1503.0,143.8,16.64,2
2979.0,-8.7,70.3,40.34,1.25,683.6,161.4,13.96,2
4554.9,2.4,57.31,14.34,3.99,2118.6,46.7,23.54,1
4449.0,8.7,58.12,31.67,0.56,463.9,141.9,13.95,2
920.6,-13.7,90.74,24.08,2.24,1323.6,59.0,26.62,1
2871.6,28.8,71.26,39.56,0.21,1863.0,193.1,14.38,2
1590.7,-30.0,83.62,16.84,1.8,4260.8,15.9,31.15,0
1440.9,10.4,85.17,32.87,3.53,3964.8,126.3,19.87,2
5463.8,-39.7,50.75,44.35,0.54,2219.3,188.8,9.34,2
751.5,29.3,92.62,21.3,4.45,3625.6,89.9,29.59,1
3015.1,-31.6,69.97,5.2,4.56,2847.6,-21.9,46.04,2
1509.2,-32.9,84.46,26.77,0.61,1710.8,54.5,22.97,2
5776.0,-15.0,48.65,18.61,4.95,3632.1,54.2,17.01,2
3842.2,-12.0,62.92,34.27,1.56,3420.7,131.0,14.21,2
1888.3,-23.9,80.6,47.65,0.51,3099.3,176.5,13.98,2
3514.6,3.9,65.64,25.31,0.12,3093.6,95.5,18.59,1
4888.9,-6.8,54.83,24.38,2.1,3418.1,88.3,15.95,2
6248.7,-37.4,45.59,33.42,3.19,1928.9,124.8,10.5,2
1822.7,-16.0,81.26,6.97,1.73,4346.7,-2.5,47.89,0
5817.1,20.8,48.38,14.17,4.2,819.9,68.1,20.02,1
6105.8,11.7,46.5,46.11,3.61,4420.6,263.8,8.29,2
5998.5,14.4,47.19,34.16,1.82,1718.0,178.8,10.69,2
4312.5,12.4,59.17,2.65,3.7,633.9,16.4,46.79,0
4278.9,-16.7,59.43,11.82,4.71,3004.1,16.5,27.24,1
2919.3,-32.5,70.83,34.78,0.56,1886.2,105.1,15.82,2
5014.4,-19.6,53.92,38.69,1.6,4079.3,163.6,11.07,2
3687.8,22.4,64.19,42.31,2.37,2159.6,212.6,12.27,2
4564.6,33.5,57.24,16.02,2.54,3346.1,85.3,21.99,1
3070.7,-3.0,69.48,46.69,2.76,1548.2,206.9,12.26,2
4889.0,-39.3,54.83,28.54,1.57,1055.2,79.3,14.23,2
5446.8,-29.5,50.87,35.43,3.37,1946.4,137.2,11.2,2
1378.6,-15.8,85.82,30.64,3.26,3038.0,88.9,21.12,1
5497.6,3.4,50.52,7.89,2.93,3288.2,23.8,28.24,1
3741.8,-34.4,63.74,48.23,0.66,2895.3,194.9,10.95,2
5568.0,30.8,50.04,7.9,2.44,4940.4,51.3,27.96,1
3087.8,-12.6,69.33,14.23,1.85,3458.5,27.2,28.61,1
2774.2,28.4,72.14,41.05,2.51,4658.3,200.5,14.13,2
5990.4,18.5,47.24,31.69,4.62,598.5,166.5,11.33,2
2007.0,16.7,79.43,42.23,2.45,316.3,187.2,15.21,2
5565.3,5.5,50.06,26.76,0.17,1561.9,118.9,13.62,2
3404.1,7.0,66.58,20.1,2.25,691.6,72.9,22.12,1
3584.6,7.9,65.05,46.25,4.12,2634.1,221.9,11.56,2
2350.8,7.2,76.09,3.74,3.92,2599.7,13.0,55.38,1
3938.3,1.5,62.14,43.09,2.62,2879.5,199.9,11.7,2
2451.3,34.0,75.14,13.08,1.32,3728.7,68.0,32.56,0
735.6,14.9,92.79,42.74,2.38,4856.9,175.4,17.59,2
2132.0,18.3,78.2,8.68,2.86,4392.5,37.0,41.86,0
538.3,25.4,95.02,29.85,5.0,600.7,121.4,23.84,2
6370.1,-23.8,44.84,44.63,3.26,1699.2,221.4,8.21,2
6294.5,-33.7,45.31,24.73,3.5,1286.6,73.0,13.05,2
2870.9,-3.8,71.27,37.84,2.51,892.3,150.6,14.9,2
4870.2,-1.4,54.96,40.62,1.84,2728.2,192.7,10.86,2
2574.8,22.2,73.98,37.35,4.08,2770.8,171.0,15.62,2
4526.6,-6.7,57.53,46.42,2.53,1144.0,222.0,10.2,2
5332.6,2.8,51.66,23.45,4.97,3562.4,95.6,15.45,2
6180.5,-0.5,46.02,10.31,2.34,3667.2,30.6,22.66,1
2901.3,-37.1,70.99,4.29,0.43,114.7,-29.8,49.66,2
5199.8,6.1,52.59,13.83,3.44,1984.8,50.1,22.07,1
2095.6,22.1,78.56,8.87,0.33,4451.8,41.4,41.62,0
6442.0,-28.2,44.39,28.78,1.33,2606.4,105.2,11.45,2
654.6,4.6,93.7,10.88,1.83,1744.7,28.1,44.88,0
4121.2,4.5,60.67,3.87,3.72,1275.8,11.4,43.75,0
4457.0,-27.7,58.06,3.73,2.52,1224.3,-21.0,42.29,0
4628.3,-30.7,56.76,41.92,0.24,507.8,168.9,10.93,2
1222.3,33.5,87.48,30.39,3.12,4088.0,136.0,21.66,2
6131.2,-10.5,46.34,19.19,2.12,442.4,63.5,15.88,2
1587.1,-22.9,83.66,44.92,4.62,1468.6,158.3,15.23,2
4236.5,-27.2,59.76,5.37,2.55,237.9,-16.2,38.88,0
1836.1,10.1,81.13,49.06,3.57,3909.1,218.2,13.74,2
2343.3,5.7,76.16,31.58,1.17,206.0,121.7,18.32,2
3778.8,8.3,63.44,10.81,3.83,1548.4,36.6,30.49,1
3003.2,-33.4,70.08,34.6,3.63,2870.8,103.9,15.71,2
1461.4,27.0,84.96,38.64,4.53,2053.7,172.6,17.47,2
1525.6,-10.8,84.29,22.61,0.27,1418.5,58.2,25.85,1
3008.9,-16.5,70.03,43.36,2.29,1383.2,172.0,13.12,2
5043.7,-5.3,53.71,9.24,3.43,3991.0,19.4,27.92,1
5887.8,-10.7,47.91,15.38,0.57,4870.2,42.7,18.87,1
1004.8,24.8,89.82,6.49,2.11,1746.7,36.4,54.48,0
2858.6,29.7,71.38,12.12,4.72,205.3,61.0,32.27,1
1101.5,-17.2,88.77,13.46,2.24,192.5,15.3,37.84,0
599.6,24.8,94.33,46.05,4.93,3798.5,201.4,16.83,2
4470.3,18.6,57.95,5.75,0.38,2766.3,30.9,36.8,0
4114.7,29.8,60.72,22.52,3.62,3920.1,110.7,18.68,2
1478.1,-21.6,84.78,27.56,2.95,3490.5,69.2,22.58,1
1902.9,3.3,80.46,45.14,2.55,4538.5,189.3,14.59,2
642.2,-19.4,93.84,49.89,4.86,4430.3,178.7,15.67,2
5509.7,21.8,50.44,38.16,0.74,3943.8,207.5,10.47,2
6348.1,-39.6,44.97,48.6,4.49,2381.2,236.3,7.67,2
1312.8,2.4,86.52,39.78,3.49,1547.6,152.7,17.38,2
1888.9,-14.6,80.6,48.23,1.37,2540.1,189.4,13.84,0
5710.5,-15.8,49.08,35.95,4.52,2515.3,157.4,10.68,2
6058.8,8.4,46.8,5.83,2.2,3055.3,22.3,29.57,1
3017.8,23.9,69.95,21.29,4.09,938.6,93.5,22.35,1
803.7,5.7,92.03,33.04,2.01,3281.5,118.0,21.39,2
736.4,24.0,92.79,18.83,4.27,2288.4,74.9,32.18,1
3943.7,-20.2,62.09,15.12,3.22,3104.8,25.6,24.72,1
2857.4,-1.0,71.39,29.72,0.79,1205.6,108.9,17.98,2
671.9,-6.2,93.51,46.81,3.28,2177.6,175.3,16.46,2
3999.5,-39.1,61.64,3.68,1.04,1058.9,-32.8,45.06,2
567.8,1.8,94.69,38.92,2.12,4377.8,141.1,19.35,2
5224.2,9.6,52.42,36.69,0.93,2444.9,182.0,11.23,2
2338.6,4.4,76.21,48.27,0.21,1132.7,214.3,13.08,2
741.5,15.2,92.73,46.67,1.14,215.6,196.8,16.36,2
4030.1,2.9,61.4,38.59,2.73,3381.9,173.8,12.64,2
2886.1,-35.0,71.13,26.98,2.46,1081.1,61.2,19.23,2
6342.8,-31.3,45.01,11.8,2.56,4948.0,6.8,20.64,2
3765.2,4.7,63.55,28.17,1.31,2673.2,112.9,16.65,2
2151.4,-19.4,78.01,38.74,3.46,1452.0,133.1,16.01,2
4756.6,-34.0,55.8,44.99,3.55,3291.8,188.3,10.15,2
2129.0,-7.8,78.23,39.91,1.85,1383.3,151.0,15.68,2
5925.5,1.6,47.67,11.37,4.42,4103.2,36.7,22.3,1
2748.3,-15.3,72.38,30.78,3.26,1548.1,99.4,17.75,2
3799.2,14.0,63.27,17.94,3.59,4941.4,71.7,22.64,1
803.4,8.3,92.04,2.44,1.46,3029.7,11.2,73.97,0
3056.7,-15.0,69.6,11.61,0.1,4223.6,14.8,32.21,0
5494.2,16.6,50.55,7.43,4.34,373.3,35.4,28.99,1
5333.9,8.7,51.65,42.45,4.13,1748.0,221.7,9.85,2
1845.9,7.8,81.03,14.41,0.7,3690.1,45.3,33.2,0
1856.5,1.5,80.92,15.67,1.93,3278.7,43.7,31.53,0
5403.8,-39.1,51.17,48.08,3.34,979.3,215.6,8.81,2
6082.4,12.2,46.65,20.2,3.3,1787.5,91.5,15.45,2
1072.2,-11.8,89.09,2.46,4.32,1324.6,-8.8,71.5,1
3200.4,30.7,68.34,15.62,0.79,3070.7,76.4,26.67,1
2524.7,21.3,74.45,7.73,2.21,1729.4,37.7,42.0,0
5724.1,4.1,48.99,6.93,0.58,1552.2,21.4,28.93,1
1001.1,-21.1,89.86,5.72,2.01,1044.8,-11.3,57.17,0
1766.8,-24.7,81.82,30.48,0.17,2051.0,81.7,20.22,1
5014.8,-14.5,53.91,11.09,4.5,985.6,17.4,25.56,1
807.8,-4.3,91.99,19.34,2.68,4813.2,48.8,31.35,0
3455.2,-17.8,66.14,43.38,4.26,781.0,176.2,12.39,2
3152.6,-1.4,68.76,22.37,0.39,4567.4,73.9,21.24,1
2506.4,-27.6,74.62,45.95,1.21,2148.1,170.4,13.34,2
2867.4,33.3,71.3,25.9,1.37,1895.6,124.1,19.86,2
3679.6,-31.9,64.26,21.14,1.99,1164.3,40.1,20.63,2
1468.2,29.9,84.89,38.02,4.03,3182.4,172.3,17.68,2
3932.0,28.5,62.19,5.51,1.99,3430.8,39.7,40.09,0
5332.6,-0.6,51.66,6.29,1.1,2343.2,14.1,31.7,0
5061.0,14.4,53.58,33.29,0.42,288.0,163.2,12.38,2
1423.4,-7.3,85.35,25.37,0.49,4593.4,73.3,24.13,1
1395.5,7.3,85.65,39.94,3.82,4901.8,159.2,17.15,2
2109.0,-14.5,78.42,45.98,2.28,2160.9,178.9,14.01,2
2666.4,-17.4,73.13,20.64,3.66,3072.2,47.8,23.87,1
2950.7,3.4,70.55,30.63,3.44,2257.0,118.8,17.36,2
4578.2,-2.6,57.14,26.03,0.76,1616.2,99.5,15.86,2
840.1,3.5,91.63,49.12,0.8,395.8,199.6,15.5,2
708.0,-18.5,93.1,41.89,3.8,2285.8,137.3,17.94,2
2851.5,-12.5,71.44,45.76,3.63,4093.7,188.8,12.81,2
4683.0,-33.7,56.35,14.21,1.95,95.0,10.4,23.28,2
1660.6,-36.1,82.9,39.08,0.48,2914.7,113.7,16.89,2
4349.0,-21.0,58.89,14.74,0.16,4405.1,24.4,23.8,1
2059.0,-34.4,78.91,12.02,1.51,1095.6,-5.0,35.84,2
5816.5,-32.2,48.38,47.32,0.15,924.4,224.1,8.44,2
5874.1,21.0,48.0,2.93,1.23,3863.7,26.2,37.13,0
2283.7,-37.1,76.73,48.34,2.16,1282.9,172.6,13.15,2
1880.0,9.4,80.69,9.16,0.69,968.0,29.4,42.1,0
2967.8,-19.6,70.4,41.33,0.61,1896.2,156.2,13.71,2
1943.2,25.4,80.06,15.24,4.49,1968.6,66.2,31.71,1
4534.3,-3.6,57.47,18.83,2.97,4371.8,61.1,19.93,1
5456.4,-17.1,50.81,12.4,4.68,3096.0,21.3,22.68,1
4538.6,-1.2,57.44,30.1,1.79,2035.7,123.7,14.32,2
5446.1,-11.4,50.88,18.71,3.42,2676.6,56.8,17.72,2
2882.0,2.3,71.17,33.55,1.1,4770.3,132.9,16.34,2
1437.9,-31.4,85.2,2.75,3.13,574.9,-27.8,66.82,2
4927.7,34.8,54.54,5.09,0.73,1046.5,45.4,36.15,0
2662.8,-8.1,73.17,6.78,0.11,4813.0,5.7,43.59,0
4527.6,-13.9,57.52,22.11,4.66,4787.1,67.1,17.91,2
2123.9,13.3,78.28,41.11,2.82,894.1,178.7,15.32,2
987.4,-12.7,90.01,44.63,4.64,734.1,160.4,16.48,2
6455.5,22.5,44.31,13.75,1.74,2111.2,70.0,18.66,1
1437.2,-5.9,85.21,29.57,1.71,258.1,94.0,21.53,1
6430.5,14.0,44.46,38.88,2.06,3278.0,217.0,9.1,2
6363.7,-31.9,44.88,15.86,3.56,396.7,25.7,17.35,2
5262.9,23.5,52.15,21.63,2.87,299.6,106.0,16.49,2
4456.5,15.2,58.06,27.15,4.63,2431.1,122.7,15.63,2
3966.8,-24.1,61.91,8.47,0.22,4789.4,-3.7,33.51,0
5696.6,-29.1,49.18,3.25,3.57,2139.7,-23.1,37.12,0
2236.6,-16.3,77.19,9.33,1.72,1788.8,4.6,39.92,0
3306.1,33.2,67.42,32.09,0.98,4989.8,159.2,16.02,2
4216.3,-20.7,59.92,5.53,2.6,2664.5,-9.3,38.58,0
2967.1,-5.8,70.4,11.11,2.57,1882.5,22.1,33.36,0
3064.9,-37.7,69.53,18.22,0.77,1935.4,18.4,24.64,2
2481.7,-10.2,74.85,5.74,1.09,982.8,0.5,47.56,0
3885.4,2.8,62.57,11.2,2.1,2566.0,32.8,29.51,1
5603.4,31.5,49.8,45.74,2.1,2199.9,272.3,8.93,2
1709.2,-1.2,82.41,2.93,1.66,1361.3,2.7,63.75,0
6106.6,21.4,46.5,33.36,0.83,811.1,181.7,10.72,2
4634.5,1.0,56.71,20.45,0.12,1563.1,74.2,18.62,1
5439.6,-36.9,50.92,34.29,4.85,2548.3,122.2,11.5,2
3837.1,-16.4,62.96,30.26,4.72,301.1,103.7,15.64,2
5177.1,3.2,52.75,12.73,2.47,777.2,42.2,23.21,1
597.2,31.3,94.35,42.67,4.98,4738.8,190.0,17.92,2
5410.3,24.4,51.12,25.61,3.4,2718.8,130.0,14.36,2
740.8,-22.9,92.74,41.48,0.44,326.6,131.1,18.01,2
5839.5,-23.5,48.23,21.49,0.68,3468.5,61.5,15.32,2
6451.8,-24.9,44.33,49.26,4.59,318.4,258.3,7.48,2
2264.4,29.2,76.92,38.98,3.19,3697.0,184.1,15.7,2
1761.9,23.9,81.87,48.37,4.23,3752.3,227.1,14.03,2
5092.2,18.1,53.36,26.69,4.5,3258.9,127.6,14.54,2
2018.2,-10.5,79.32,24.74,2.29,3663.7,70.2,22.83,1
5693.4,-2.2,49.2,38.26,0.34,448.9,186.6,10.19,2
1117.1,-5.2,88.61,44.25,1.02,3636.6,167.2,16.33,2
1255.7,-21.0,87.12,48.28,0.43,692.1,175.4,14.95,2
6374.9,-2.1,44.81,17.58,1.02,1704.1,64.4,16.25,2
4543.0,-37.7,57.4,40.34,2.11,4714.3,150.4,11.4,0
5581.3,-30.1,49.95,12.11,0.68,2519.3,7.3,22.59,2
2446.0,26.5,75.19,28.19,0.92,4837.5,126.0,19.69,2
4558.9,16.4,57.28,10.63,2.28,453.7,45.5,27.76,1
4065.5,-8.3,61.12,18.68,1.77,2393.0,53.8,21.31,1
4118.9,-1.2,60.69,46.71,2.39,321.4,223.4,10.7,2
4595.2,-12.3,57.01,9.01,2.2,3154.7,10.9,29.98,1
3952.2,15.6,62.03,32.36,3.26,402.7,148.5,14.64,2
3074.4,18.8,69.45,30.46,4.69,885.1,134.3,17.16,2
2155.5,17.2,77.97,7.8,0.63,1301.6,33.4,43.82,0
5111.5,14.2,53.22,17.65,0.59,3746.2,75.6,19.25,1
1857.6,-24.7,80.91,29.02,4.28,828.2,75.3,20.73,1
4654.1,-14.7,56.56,10.98,2.58,4234.7,16.0,26.95,1
1900.0,-4.8,80.49,40.43,3.86,668.2,154.6,15.96,2
4252.0,-15.2,59.64,48.66,1.16,185.9,224.8,10.17,2
4982.5,16.6,54.15,12.31,4.16,1981.3,53.4,24.27,1
1812.3,-15.3,81.37,10.97,4.63,4897.4,10.2,38.8,1
859.7,-29.6,91.42,23.84,3.21,560.6,41.7,27.02,1
1285.8,-10.1,86.8,37.89,0.62,517.6,130.1,18.12,2
4136.0,33.5,60.56,15.52,4.49,3758.3,81.6,23.73,1
5596.7,-23.1,49.85,2.95,3.98,1567.7,-17.9,38.48,1
770.0,5.9,92.41,27.98,3.78,3589.2,94.8,24.33,0
4904.9,-7.5,54.71,47.92,0.28,1008.1,237.7,9.45,2
2547.9,-34.7,74.23,20.78,4.01,2305.8,30.7,24.12,2
3371.2,-3.4,66.86,22.17,0.78,1333.8,72.0,20.79,1
6073.2,12.7,46.71,48.51,1.19,2263.1,282.7,7.98,2
2491.8,-1.5,74.76,35.34,2.93,3847.8,135.5,16.49,2
3292.0,25.4,67.54,36.52,1.4,3812.4,176.3,14.52,2
582.1,-18.3,94.52,29.01,3.34,2583.7,74.1,24.23,1
989.6,-33.5,89.99,48.78,3.08,4642.6,162.5,15.31,2
2051.5,30.2,78.99,35.07,0.63,1326.3,162.1,17.53,2
667.1,-11.6,93.56,44.96,3.31,1209.2,159.9,17.02,2
4288.3,3.2,59.36,35.57,4.63,3072.9,158.4,13.03,2
3058.4,19.4,69.59,37.29,0.89,3110.3,172.5,14.72,2
3788.9,-15.7,63.36,15.94,3.03,242.2,33.1,24.42,1
1547.9,13.7,84.06,16.57,1.78,3042.8,58.4,31.64,0
2275.6,-29.8,76.81,39.58,2.35,1878.4,128.6,15.49,2
4482.9,-18.2,57.86,16.24,1.51,3739.7,34.3,22.05,2
6291.8,-29.1,45.32,29.01,1.84,4042.4,104.3,11.62,2
802.5,20.8,92.05,13.97,0.24,2765.2,54.5,38.4,0
5842.3,-23.3,48.21,41.22,4.91,18.5,188.3,9.41,2
3961.3,13.8,61.95,7.3,3.16,3185.5,30.4,35.8,0
3883.5,30.7,62.58,41.81,2.55,3746.9,220.2,12.08,2
3501.7,-0.4,65.75,30.93,1.98,1252.4,120.8,16.06,2
916.4,0.5,90.79,10.97,2.74,2328.6,24.7,43.29,0
1039.3,-5.4,89.45,28.02,1.96,4829.0,85.1,23.53,1
4105.5,-15.6,60.8,15.56,1.86,1497.6,32.6,23.79,1
2545.8,-4.3,74.25,17.53,2.37,1123.5,47.2,26.98,1
6003.6,5.2,47.16,18.87,1.45,1062.2,76.9,16.33,2
2939.5,33.9,70.65,5.04,0.98,2798.4,43.2,46.98,0
1359.7,30.3,86.02,49.33,2.83,4749.4,234.0,14.5,2
4788.3,24.7,55.57,3.51,4.23,3047.4,30.9,41.12,1
2260.1,26.7,76.96,33.8,0.85,1523.6,153.5,17.57,2
3652.8,-4.9,64.48,19.82,0.26,3196.5,60.7,21.62,1
4687.0,9.3,56.32,33.01,1.31,3128.0,152.8,13.09,2
5901.6,27.1,47.82,19.1,4.9,2988.7,99.5,16.43,2
5253.1,-10.5,52.22,34.34,4.16,805.5,146.9,11.78,2
4558.2,32.1,57.29,37.0,3.02,3176.5,199.0,12.19,2
4577.8,-8.8,57.14,35.15,4.65,2156.5,146.7,12.66,2
6175.5,5.1,46.06,7.47,2.28,102.8,24.9,26.36,1
2274.9,13.2,76.82,33.53,4.92,2703.4,138.8,17.65,2
506.7,31.3,95.38,15.44,1.55,4946.4,69.3,37.49,0
2131.7,-21.7,78.2,3.38,1.28,1755.2,-16.6,58.44,0
1807.3,16.0,81.42,21.91,3.23,4828.1,83.2,25.51,1
4471.0,-0.9,57.95,22.81,1.95,490.1,83.4,17.66,2
4302.3,-19.9,59.25,24.42,3.17,3664.9,71.9,17.21,2
4060.8,18.2,61.15,35.83,1.59,580.5,172.7,13.34,2
597.5,1.4,94.35,16.82,3.13,1375.1,44.6,35.17,0
4872.7,9.6,54.95,17.13,1.45,2858.5,67.6,20.25,1
2441.2,-15.8,75.24,4.91,0.35,2968.0,-7.2,50.47,0
4490.3,-3.9,57.8,34.97,4.57,3878.3,149.6,12.85,2
3839.5,6.3,62.94,29.26,4.43,3080.4,120.9,16.03,2
2556.4,-9.6,74.15,18.77,4.86,2972.1,47.1,25.77,1
1307.5,-25.1,86.57,35.85,3.61,4562.6,104.8,18.88,1
1066.5,32.1,89.15,27.79,3.45,2266.3,121.7,23.59,2
5489.1,-1.6,50.58,24.52,2.84,1134.1,98.2,14.65,2
6010.4,15.0,47.11,26.54,0.72,817.3,130.6,12.89,2
4398.7,-9.2,58.5,32.54,1.03,2006.0,128.8,13.75,2
1120.6,-13.4,88.57,33.68,1.52,3566.6,104.3,20.28,1
2912.2,-9.5,70.9,15.87,4.46,222.3,36.4,27.4,1
4873.6,-9.3,54.94,8.76,0.95,654.0,13.3,29.29,1
5178.9,0.8,52.74,9.52,4.62,539.5,26.8,27.02,1
1209.3,0.8,87.62,32.69,2.66,2930.4,114.2,20.52,2
500.2,-2.7,95.46,43.9,3.61,1221.9,161.5,17.71,2
4772.8,-29.9,55.68,21.66,0.64,839.6,50.1,17.59,2
2639.6,-2.8,73.38,10.14,1.42,2967.9,21.3,36.44,0
2026.9,-27.3,79.23,38.32,4.8,3808.9,121.7,16.4,2
577.4,-30.5,94.58,41.96,1.4,1667.5,124.3,18.2,2
3741.8,29.9,63.74,44.27,1.55,2895.2,233.3,11.75,2
5606.9,5.4,49.78,31.13,1.07,499.6,145.9,12.1,2
6245.8,9.5,45.61,43.31,0.73,4676.6,242.6,8.56,2
3894.5,-9.9,62.49,2.74,1.24,1691.1,-5.7,49.05,0
3586.8,28.2,65.03,7.15,3.25,4987.6,43.8,37.93,0
1010.3,7.8,89.76,6.44,2.33,4893.2,19.4,54.59,0
3793.2,17.7,63.32,36.21,2.81,3896.3,171.7,13.7,2
2779.9,-12.4,72.09,5.34,0.7,110.1,-2.5,47.0,0
4142.8,32.0,60.5,25.83,4.03,2721.9,130.2,16.89,2
2832.4,21.5,71.62,24.69,3.94,443.3,106.3,20.64,2
1941.8,24.0,80.07,16.91,0.21,4476.7,71.2,29.75,1
1069.8,-27.1,89.12,43.78,1.98,3950.3,142.3,16.57,2
2389.5,-19.7,75.73,10.18,0.44,4862.0,4.2,37.52,0
1079.9,-18.6,89.01,18.92,3.98,3045.8,33.8,30.78,1
1561.4,-19.7,83.92,39.16,3.71,2615.6,129.6,17.07,2
6424.0,24.2,44.5,3.46,4.52,2599.7,31.0,33.06,1
3164.6,-37.6,68.65,34.3,1.26,1938.4,99.5,15.5,2
3691.2,-34.3,64.16,41.19,2.34,2348.8,148.9,12.53,2
5741.7,-19.5,48.88,46.75,1.0,3180.7,231.2,8.61,2
6473.4,-25.0,44.2,44.06,1.92,4665.4,217.6,8.18,2
3996.3,-22.6,61.67,17.33,2.66,2983.5,33.0,22.56,1
5374.8,19.8,51.37,30.15,0.36,4287.0,152.1,12.8,2
2461.6,2.2,75.04,5.71,3.6,4315.3,12.9,47.77,0
2334.5,-39.6,76.25,14.38,2.76,2599.0,-1.1,31.28,2
2916.2,-7.8,70.86,6.52,4.16,1743.9,5.4,42.89,1
4535.0,-9.4,57.46,17.13,1.43,3201.5,47.3,21.18,1
4593.2,-31.5,57.02,44.01,4.53,2234.9,181.8,10.56,2
2391.4,10.7,75.71,18.66,4.99,416.4,66.4,26.41,1
1299.3,12.7,86.66,28.97,4.6,1895.3,109.0,22.24,2
4294.4,14.1,59.31,22.8,3.91,4970.4,97.3,18.08,1
1270.0,14.6,86.97,24.03,4.08,252.1,88.6,25.56,1
3971.0,-40.0,61.87,48.54,2.91,3486.4,194.8,10.57,2
4660.5,31.5,56.52,16.22,1.03,4207.5,84.5,21.56,1
4703.7,21.1,56.19,32.11,3.42,3247.1,159.2,13.34,0
5020.8,27.8,53.87,22.16,3.59,2853.0,111.8,16.75,2
5737.2,-38.8,48.91,4.94,4.93,3540.7,-28.1,32.75,2
3499.8,30.0,65.77,25.49,2.75,2152.4,122.5,18.53,2
4881.5,20.7,54.88,41.04,1.43,465.9,217.9,10.75,2
4215.0,22.8,59.93,6.74,3.45,4812.2,37.8,35.8,0
1619.8,-33.0,83.32,5.34,4.9,2167.2,-23.8,54.31,2
654.1,15.4,93.71,9.37,0.97,3330.3,34.5,48.37,0
2207.2,32.0,77.47,38.69,1.7,2661.2,184.8,15.91,2
3158.2,10.9,68.71,36.75,2.76,282.8,161.8,14.7,2
4202.6,2.8,60.03,29.12,0.93,4764.2,119.4,15.34,2
5599.8,30.9,49.83,24.47,0.21,3964.8,131.2,14.45,2
1677.5,-6.8,82.73,44.64,1.75,754.0,173.8,15.14,2
1253.3,4.9,87.15,38.8,4.34,4908.4,149.6,17.86,2
6280.9,-4.3,45.39,40.97,0.31,3687.1,212.0,8.91,2
1148.3,30.0,88.27,41.04,2.2,2366.9,185.4,17.3,2
3370.9,-34.3,66.86,32.85,3.83,3060.7,96.5,15.6,2
4013.4,-2.4,61.53,23.98,4.77,542.6,85.3,18.11,1
3748.2,11.5,63.69,43.5,4.93,2806.5,210.1,11.9,2
1016.2,19.4,89.7,46.45,2.17,377.6,202.8,15.89,2
842.2,3.7,91.61,3.14,4.76,2728.8,7.9,69.7,1
1132.9,28.2,88.44,4.47,0.27,2768.0,35.1,61.1,0
4013.5,30.6,61.53,48.02,3.75,4373.4,262.6,10.61,2
3766.1,-35.2,63.54,15.3,3.25,3628.0,10.9,25.11,2
1902.4,-9.8,80.46,43.92,1.32,1255.3,169.2,14.92,2
4326.6,-38.2,59.06,20.66,2.59,4443.2,34.5,19.26,2
5420.4,-15.3,51.05,7.72,0.73,2870.5,4.4,28.82,1
749.5,0.3,92.64,5.86,4.37,3035.8,10.2,58.41,1
3488.8,28.3,65.86,9.51,1.85,853.2,51.6,33.75,0
4635.9,23.5,56.7,13.99,3.17,4290.3,66.5,23.63,1
2013.9,-30.4,79.36,25.45,0.88,4655.5,53.5,22.39,2
2346.6,-33.0,76.13,35.67,1.11,3877.2,104.5,16.67,2
4181.8,4.2,60.19,49.35,4.96,4704.4,247.8,10.14,2
5887.6,-0.1,47.91,23.19,3.79,1518.5,94.8,14.43,2
5359.5,-20.0,51.47,26.87,4.81,4307.0,92.5,13.96,2
3998.8,27.5,61.65,27.05,1.55,2449.6,131.2,16.64,2
4881.3,29.6,54.88,27.89,0.91,827.9,144.3,14.48,2
2688.9,-9.8,72.93,26.85,2.57,3347.3,84.6,19.79,1
4345.8,26.8,58.91,2.42,2.52,3423.8,30.4,47.43,0
3297.1,-11.2,67.5,2.08,0.96,1441.8,-8.5,55.86,0
1639.6,15.3,83.12,6.69,3.69,147.2,27.9,49.81,0
4710.4,-4.3,56.14,6.87,1.87,1007.2,11.7,33.27,0
3838.8,-30.8,62.95,35.84,1.01,2004.9,121.4,13.73,2
2651.7,29.6,73.27,11.84,1.73,846.1,59.5,33.55,0
5968.0,-5.9,47.39,44.95,2.86,978.2,235.0,8.62,2
625.6,15.1,94.03,46.57,3.66,1963.0,194.8,16.62,2
2394.6,-12.5,75.68,48.84,2.46,4809.3,201.7,12.86,2
841.3,-38.6,91.62,47.08,2.68,3823.6,146.3,16.05,2
5099.2,-32.5,53.31,15.05,0.78,1605.5,16.6,21.28,2
4712.6,-2.8,56.13,26.47,4.58,4758.5,102.7,15.39,2
2488.1,11.7,74.79,10.42,4.65,3231.8,36.5,36.62,1
4554.0,-14.9,57.32,40.7,3.45,2282.7,175.7,11.31,2
2875.6,12.2,71.22,44.64,0.19,2346.8,206.8,13.03,2
5037.5,12.4,53.75,42.86,2.73,2059.6,224.1,10.17,2
3225.1,12.8,68.12,22.8,3.18,1172.6,90.5,20.77,1
2973.7,-3.1,70.34,38.42,4.97,1939.3,155.7,14.53,2
6108.4,28.6,46.48,6.68,4.98,2644.2,45.5,27.86,1
2005.3,-3.3,79.44,3.93,4.3,2644.9,2.8,57.02,1
1222.7,-6.2,87.47,38.16,0.41,3811.1,134.8,18.16,2
4007.3,-25.0,61.58,22.42,4.77,1800.4,54.8,19.0,1
6315.9,-16.9,45.17,49.79,3.1,3586.8,267.8,7.56,2
2767.0,-36.8,72.21,6.67,4.02,2894.7,-23.3,43.32,2
872.2,7.5,91.28,43.07,2.1,4809.6,171.1,17.2,2
2535.8,-21.4,74.35,25.04,1.67,1932.6,63.4,21.22,1
3535.6,-17.2,65.46,41.7,2.37,4507.1,167.4,12.66,2
1471.5,17.8,84.85,41.22,0.82,4105.0,177.3,16.57,2
4448.6,-15.5,58.12,45.97,1.85,3191.9,209.0,10.38,2
6486.5,-21.8,44.12,16.3,4.3,3276.0,38.5,16.78,2
3210.4,-27.3,68.25,47.59,0.29,432.4,190.2,11.85,2
2628.4,18.1,73.49,9.28,0.84,4751.6,39.4,38.11,0
2904.2,-30.3,70.97,5.93,0.71,543.6,-18.7,44.54,2
1190.9,-6.0,87.81,22.72,2.08,2820.5,62.1,26.84,1
5799.6,-2.0,48.49,41.76,4.99,1657.1,212.9,9.37,2
2989.0,11.6,70.21,24.72,0.95,2155.0,97.3,20.22,1
2823.6,7.5,71.7,41.81,0.81,3054.8,184.5,13.84,2
4458.1,20.8,58.05,37.02,4.58,4545.2,186.7,12.34,2
3152.2,-36.6,68.76,12.05,4.42,2293.3,-5.0,31.18,2
4389.4,-17.8,58.58,47.55,0.26,4938.8,216.7,10.18,2
868.7,-19.0,91.32,4.92,3.78,2968.1,-11.2,61.21,0
5382.3,-29.0,51.32,45.12,3.31,811.2,203.7,9.31,2
6143.0,-18.3,46.26,16.61,3.86,958.1,42.2,17.38,2
4392.6,-16.8,58.55,26.01,2.52,3583.4,84.0,16.26,2
6227.4,-0.9,45.73,22.27,4.96,261.5,90.9,14.17,2
1408.6,9.8,85.51,10.25,0.31,2406.9,32.4,42.23,0
3364.5,-11.4,66.92,19.19,1.25,749.6,50.2,22.92,1
4110.8,14.0,60.76,11.26,2.04,2171.8,44.6,28.58,1
3990.4,-14.8,61.72,11.79,2.3,3752.1,17.6,28.33,1
2908.8,-18.2,70.93,10.98,4.61,2299.5,9.1,33.81,1
2528.5,0.6,74.42,25.47,2.84,825.6,87.4,20.98,1
1260.9,-38.2,87.07,40.3,0.32,1267.1,114.3,17.31,2
2850.5,-34.0,71.45,29.31,2.1,1844.0,73.8,18.18,2
1476.0,-8.7,84.81,44.87,2.14,357.1,171.0,15.45,2
4906.2,30.7,54.7,32.55,4.83,2925.8,173.5,12.85,2
1753.0,14.1,81.96,35.09,3.04,3041.6,143.6,18.18,2
851.4,-33.4,91.51,34.05,3.21,320.1,84.1,20.78,2
3814.2,23.5,63.15,23.57,3.59,2017.5,108.0,18.81,2
4071.4,14.9,61.07,35.09,3.87,2075.9,165.0,13.54,2
5731.5,5.8,48.94,5.35,3.21,1675.8,17.9,31.89,0
3961.9,21.5,61.95,43.27,1.26,2793.1,221.3,11.63,2
2572.9,-9.7,74.0,39.33,4.38,1736.3,150.3,15.0,2
5318.1,-23.4,51.76,13.77,3.69,2087.9,20.6,21.78,1
3741.7,-1.6,63.74,38.87,3.74,3989.6,167.9,13.04,2
975.7,1.2,90.14,2.61,4.98,818.9,4.4,71.5,1
3895.1,0.4,62.49,12.43,4.03,3099.4,35.1,27.86,1
5948.1,2.4,47.52,5.13,4.16,2532.9,13.9,31.41,1
2877.9,31.2,71.2,39.45,4.76,1532.3,194.9,14.4,2
2278.0,27.7,76.79,38.28,0.84,3640.4,178.8,15.9,2
1360.8,25.7,86.01,41.05,2.54,2760.4,183.2,16.85,2
1408.7,20.1,85.51,2.22,2.94,2392.0,22.8,70.0,0
3096.6,30.8,69.25,26.06,1.71,3341.7,123.7,19.2,2
4074.1,-32.6,61.05,35.83,4.21,4013.4,121.9,13.32,2
983.7,-20.1,90.05,9.46,3.84,4863.6,-0.4,46.28,1
6137.4,-2.9,46.3,33.19,3.63,3150.5,156.6,10.72,2
5030.8,23.5,53.8,6.04,4.99,4373.5,37.1,33.55,1
4019.7,-2.1,61.48,10.7,1.37,15.4,26.3,29.7,1
5470.6,16.1,50.71,24.84,3.7,2655.9,117.6,14.56,2
981.1,-29.6,90.08,33.37,2.8,1081.1,85.6,20.77,1
3361.0,-21.1,66.95,9.0,1.63,480.0,0.3,35.23,0
4280.6,14.9,59.42,10.89,0.89,2664.5,44.5,28.44,1
5471.9,-27.6,50.7,11.81,4.49,3736.7,8.2,23.24,1
5200.8,-13.6,52.59,13.46,3.02,2067.2,28.6,22.42,1
2162.4,-20.1,77.91,12.87,4.14,3353.8,12.5,34.06,1
6145.3,-13.8,46.25,20.97,2.77,2453.7,70.1,14.93,2
1246.1,13.1,87.22,33.38,1.18,2191.1,130.2,20.11,2
5750.8,-12.4,48.82,23.03,1.75,1458.4,80.6,14.78,2
6325.6,1.6,45.11,39.25,1.97,1919.1,205.9,9.16,2
1562.9,-32.5,83.91,36.52,4.87,1755.5,102.9,18.03,2
4832.4,20.4,55.24,8.07,0.13,3234.5,40.5,30.56,0
741.7,-12.3,92.73,4.34,4.93,588.9,-5.7,64.64,1
2932.5,8.6,70.71,44.14,4.9,472.3,200.9,13.06,2
3597.7,14.4,64.94,5.83,4.98,3303.5,26.2,41.02,1
3983.9,-24.3,61.77,9.12,2.44,2736.0,-1.7,32.31,0
6115.6,26.4,46.44,3.06,4.82,2156.7,32.0,35.55,1
4533.5,6.2,57.47,32.16,2.04,770.7,143.1,13.63,2
3387.7,-7.8,66.72,29.95,0.23,2061.0,107.2,16.7,2
5358.1,-26.3,51.48,49.37,1.2,3950.8,237.3,8.67,2
6203.2,30.7,45.88,44.57,4.73,4449.2,272.7,8.41,2
632.4,16.6,93.95,21.72,0.17,3515.9,78.4,29.62,1
6395.1,-24.4,44.68,19.84,2.78,309.0,54.5,14.98,2
1016.8,-14.7,89.69,16.25,0.47,3355.3,27.5,34.17,0
5386.3,20.7,51.29,9.32,1.5,1212.5,46.3,26.55,1
2182.0,12.2,77.72,8.63,0.53,1583.1,30.8,41.72,0
1293.1,17.4,86.73,8.35,4.31,987.4,34.3,47.26,1
3139.1,-6.9,68.88,7.48,3.0,3881.0,9.3,39.41,0
4363.7,13.7,58.77,13.54,4.52,3246.5,54.1,24.96,1
2785.7,-11.0,72.04,16.72,3.47,3063.1,37.9,26.96,1
827.4,-24.2,91.77,48.16,4.86,3343.2,166.5,15.78,2
4096.8,7.5,60.87,29.77,2.6,1191.5,126.8,15.31,2
5914.4,33.2,47.74,49.4,3.23,2228.8,307.2,8.04,2
2799.3,-16.7,71.92,19.88,2.92,3169.9,45.7,24.07,1
1798.0,-5.4,81.51,23.97,2.47,3186.6,70.7,24.0,1
3155.5,10.6,68.73,17.58,4.25,3961.3,64.3,24.92,1
790.2,0.6,92.19,10.78,3.26,1442.6,24.0,44.37,0
5422.9,23.3,51.04,8.87,4.03,3854.0,47.2,27.04,1
5458.0,17.1,50.79,47.36,3.95,2206.5,267.5,8.85,2
4028.0,-35.6,61.42,49.37,1.04,3354.2,205.7,10.35,2
2618.6,34.9,73.58,4.16,3.29,2284.0,41.8,51.98,0
5298.7,16.4,51.9,9.22,1.08,4743.6,41.5,27.01,1
3828.1,24.8,63.03,22.33,2.96,904.7,103.2,19.5,1
5455.6,8.8,50.81,10.94,3.42,3378.3,41.0,24.26,1
4288.8,24.2,59.36,19.47,4.99,2886.9,90.9,20.14,1
5206.4,-31.6,52.55,8.2,0.25,871.9,-10.4,28.88,2
4091.4,-13.9,60.91,23.91,0.55,339.4,73.9,17.96,2
2984.8,25.7,70.24,15.04,0.48,3997.7,68.5,28.05,1
6247.7,-24.9,45.6,18.89,2.05,795.7,48.1,15.78,2
3746.7,-34.1,63.7,6.53,4.13,940.7,-20.2,38.54,2
4130.5,19.1,60.6,22.55,4.24,4892.4,100.2,18.62,1
1822.9,22.7,81.26,49.2,3.71,3589.1,231.5,13.73,2
4253.9,-27.8,59.63,17.78,4.49,1259.9,30.8,21.46,1
3929.6,24.1,62.21,44.07,1.68,2958.8,228.6,11.51,2
1609.0,11.5,83.43,42.47,0.53,2675.2,179.3,15.9,2
857.5,-1.0,91.44,47.7,0.38,4223.9,187.5,15.85,2
4126.2,22.3,60.63,39.93,4.28,3649.3,202.7,12.14,2
5082.2,-8.6,53.43,33.66,3.68,4160.3,142.8,12.24,2
3640.4,-25.5,64.58,43.12,3.52,1065.4,169.3,12.16,2
1860.6,-18.6,80.88,5.63,1.76,3204.7,-8.6,51.74,0
4499.1,-2.1,57.73,24.22,1.96,210.8,89.7,16.87,2
980.6,-0.2,90.09,49.48,4.79,354.0,199.8,15.14,2
3151.0,20.4,68.77,38.94,0.41,3570.5,184.0,14.05,2
1480.2,19.4,84.76,48.18,3.89,131.9,217.9,14.57,2
1606.8,3.6,83.45,39.42,1.62,2903.0,154.7,16.89,2
1713.8,18.6,82.36,43.99,0.29,4203.6,195.9,15.25,2
2820.2,-25.6,71.73,35.91,3.74,1905.9,117.4,15.62,2
806.9,-36.2,92.0,38.5,1.72,233.8,103.0,18.97,2
2886.8,25.5,71.12,27.11,3.64,3572.1,122.4,19.16,2
3570.2,-34.3,65.17,46.36,3.57,4649.1,180.2,11.56,2
3399.8,-21.5,66.62,41.6,2.72,3588.7,160.9,12.91,2
2796.7,12.1,71.94,42.51,3.91,2896.5,193.0,13.7,2
5534.9,-9.3,50.27,34.3,2.95,1157.8,151.0,11.35,2
1372.0,25.7,85.89,16.62,1.5,86.7,70.2,32.27,0
3534.2,-17.7,65.48,3.71,3.7,3476.4,-11.4,47.76,0
872.2,-39.1,91.28,46.91,2.99,1162.8,145.2,16.04,2
926.9,-17.5,90.67,30.13,0.16,4292.2,82.1,22.59,1
3943.2,3.4,62.1,16.31,4.52,2337.2,54.3,23.6,1
3896.1,-11.8,62.48,9.16,2.77,2657.9,10.8,32.61,0
5768.2,0.1,48.7,41.82,4.36,3772.1,214.9,9.4,2
3847.2,25.7,62.88,42.15,4.43,3899.4,216.9,12.06,2
6258.7,28.4,45.53,41.1,2.28,3216.8,245.3,8.91,2
792.2,-20.1,92.16,32.96,2.59,4692.8,91.9,21.45,1
1088.0,-5.3,88.92,19.57,2.14,4911.7,49.6,30.07,0
764.4,1.2,92.47,16.6,2.3,4735.0,43.9,34.77,0
1611.7,31.2,83.4,2.41,4.49,4122.7,34.2,67.2,1
3747.6,34.9,63.69,42.01,3.96,3531.1,224.0,12.25,2
4373.4,-22.3,58.7,6.2,0.72,3320.0,-8.8,36.24,0
773.5,14.5,92.37,32.28,3.09,527.7,123.1,21.85,2
6175.8,-11.6,46.05,26.2,4.98,1364.7,103.1,12.72,2
5553.0,-39.4,50.15,27.28,3.02,38.4,77.0,13.45,2
2279.7,-39.3,76.77,46.48,3.95,695.7,159.1,13.59,2
963.1,-5.5,90.28,3.52,3.87,2201.8,-0.5,66.79,1
1519.3,-3.4,84.36,39.12,1.82,741.2,145.3,17.17,2
1261.7,-38.3,87.06,4.5,1.92,4509.3,-31.2,60.05,2
1239.7,11.5,87.29,3.83,3.65,4030.4,17.2,63.11,0
3611.4,-17.9,64.83,22.63,2.55,367.3,60.9,19.87,1
1975.1,2.0,79.74,5.03,2.9,1252.1,10.6,53.06,0
2648.8,-17.4,73.3,39.88,3.59,4097.2,146.4,14.69,2
6437.0,-27.5,44.42,27.42,3.91,4017.2,97.1,11.87,2
4605.9,-9.5,56.93,3.39,1.43,4727.8,-3.6,42.5,0
6193.9,-22.6,45.94,3.94,0.82,4987.8,-14.5,32.95,0
1355.3,0.1,86.07,31.41,1.53,4881.6,108.3,20.79,2
2792.8,-25.1,71.98,40.69,2.59,2056.6,145.0,14.2,2
3828.4,-1.9,63.03,23.01,1.78,1259.1,80.0,19.09,1
960.5,-28.2,90.31,28.62,2.88,3794.5,64.6,23.38,1
525.1,10.3,95.17,40.39,0.36,1503.4,156.7,18.89,2
4522.6,16.5,57.56,31.3,2.6,4033.9,148.3,13.93,2
4350.9,-31.7,58.87,12.79,1.9,2674.4,5.5,25.83,2
2964.7,-4.9,70.42,31.43,2.72,3971.7,114.8,17.0,2
3437.9,-34.7,66.29,32.16,2.17,1386.6,92.8,15.72,2
2992.7,4.9,70.17,37.24,1.49,2545.1,157.0,14.86,2
644.0,-20.2,93.82,31.8,4.53,2824.5,85.3,22.44,1
2512.2,-0.4,74.57,48.52,1.01,4716.1,213.4,12.74,2
1562.5,-1.2,83.91,11.47,3.44,1340.3,25.6,39.08,0
1090.5,29.3,88.89,47.65,4.63,4684.1,220.2,15.42,2
6240.3,1.2,45.65,27.84,2.74,4026.2,126.7,12.06,2
4096.2,3.7,60.87,34.25,4.39,3657.2,149.0,13.76,2
4871.9,-9.9,54.95,6.77,0.71,3936.5,5.9,32.76,0
2392.2,31.2,75.7,20.27,2.52,3031.1,93.7,25.01,1
2858.9,18.3,71.38,38.93,2.34,1228.0,178.8,14.59,2
1921.5,-18.6,80.27,35.93,0.14,955.6,116.7,17.48,2
1081.8,23.3,88.99,3.93,2.27,4333.0,29.1,63.9,0
1574.2,-7.6,83.79,28.24,1.91,3628.4,86.9,21.91,1
5285.1,22.2,51.99,6.24,3.38,1073.9,36.6,32.02,0
4565.3,21.7,57.23,49.8,4.7,3079.3,274.8,9.57,2
3781.6,-25.8,63.42,45.07,0.52,2243.3,183.2,11.52,2
3350.5,12.6,67.04,3.01,1.7,801.7,17.2,51.52,0
6034.6,-18.2,46.96,43.22,2.28,2664.0,210.9,8.82,2
936.4,-17.7,90.57,46.13,2.33,1414.8,163.1,16.13,2
2183.6,-17.8,77.7,18.97,3.9,490.3,38.5,26.82,1
2599.6,14.4,73.75,36.54,2.27,2340.1,158.9,15.85,2
5194.6,-22.8,52.63,23.22,0.23,2954.6,67.9,15.84,2
6455.1,-39.9,44.31,33.45,3.58,244.1,124.8,10.2,2
1944.0,13.6,80.05,18.34,4.44,2016.4,66.5,28.25,1
5745.8,-27.2,48.85,17.48,2.62,1295.7,36.1,17.77,2
5483.7,-32.2,50.62,22.37,2.95,162.9,55.6,15.64,2
1847.9,-22.2,81.01,8.99,0.9,637.1,-2.8,42.66,0
2896.0,-11.5,71.04,41.89,1.18,703.8,166.8,13.69,2
2958.0,-4.3,70.48,18.74,1.25,922.5,53.7,24.53,1
6369.3,-36.7,44.84,21.21,2.21,4018.9,49.9,14.37,2
1585.4,32.8,83.67,44.91,4.65,2203.1,213.9,15.24,2
5294.9,13.7,51.92,25.84,2.66,744.0,119.7,14.49,2
2505.2,-15.8,74.63,28.12,1.04,510.5,83.8,19.58,1
4885.2,-16.1,54.85,47.91,1.4,1496.7,228.8,9.47,2
3020.1,-6.4,69.93,44.56,1.98,3992.1,189.6,12.82,2
3970.2,7.0,61.88,10.13,3.15,1828.7,33.2,30.73,0
5495.7,-29.0,50.54,24.71,2.26,807.9,72.0,14.56,2
5325.0,-25.8,51.71,48.62,2.02,2026.5,231.6,8.82,2
5698.5,24.5,49.16,19.87,2.87,2781.0,99.9,16.46,1
857.7,-20.8,91.44,19.84,1.28,157.6,34.4,30.65,0
4652.3,-11.5,56.58,11.36,0.49,3141.9,20.7,26.49,1
1339.9,25.3,86.23,7.49,0.22,1981.6,39.9,49.31,0
2994.9,9.7,70.15,37.53,1.33,58.5,163.6,14.76,2
3791.5,-14.4,63.33,38.96,0.55,3372.7,156.2,12.94,2
2916.4,11.3,70.86,48.51,1.75,3564.8,230.5,12.11,2
3617.7,-38.5,64.77,39.12,3.89,3147.9,131.2,13.19,2
6479.2,15.2,44.16,13.68,3.61,1716.2,62.4,18.65,1
1311.3,-3.5,86.53,3.93,3.09,2652.7,2.4,62.14,0
4552.7,21.0,57.33,49.3,4.28,1941.9,270.3,9.67,2
2876.0,31.6,71.22,18.34,1.48,3506.1,87.6,25.13,1
1298.1,29.4,86.67,16.97,4.44,2922.1,75.0,32.13,1
1452.4,28.2,85.05,45.49,2.06,418.2,211.1,15.33,2
6195.6,-1.6,45.93,30.08,2.06,3219.0,137.9,11.46,2
5777.6,-13.0,48.64,12.31,2.09,3439.3,25.8,21.8,1
5942.3,-5.1,47.56,44.68,0.58,1859.8,233.4,8.7,2
6449.2,11.7,44.35,49.68,4.88,4380.2,298.3,7.43,2
1749.9,26.3,82.0,6.16,0.78,4216.6,37.6,50.74,0
2632.6,-24.5,73.45,43.39,1.77,884.1,159.7,13.76,2
4515.3,28.9,57.61,20.74,1.66,4522.3,102.9,18.74,1
3402.8,21.1,66.59,27.16,0.47,2210.0,121.5,17.92,2
3010.3,33.4,70.02,45.91,0.85,3621.5,237.6,12.52,2
2646.9,26.0,73.31,48.72,0.32,4072.3,242.9,12.48,2
4062.7,-19.0,61.14,14.58,1.53,2530.5,24.9,24.87,1
3953.6,-32.1,62.01,12.22,4.35,2001.5,1.9,27.91,2
1468.7,-31.6,84.88,5.86,1.76,4578.1,-21.2,53.5,2
3330.4,-18.2,67.21,28.97,0.71,1162.0,91.2,17.25,2
3820.8,6.1,63.09,2.65,3.26,1292.3,10.0,49.86,0
3921.7,20.3,62.27,21.77,4.98,1814.5,96.5,19.6,1
1760.6,27.4,81.89,5.52,1.24,4298.7,37.2,52.75,0
4953.6,6.8,54.36,21.45,1.47,4694.6,86.6,17.28,2
651.2,-39.6,93.74,3.92,4.86,1108.1,-34.0,67.36,2
2629.0,-26.0,73.48,42.09,0.98,4320.7,150.5,14.11,2
5181.3,-32.5,52.72,12.07,2.6,1298.4,3.7,23.89,2
3883.4,-12.8,62.58,17.76,1.27,4853.5,44.4,22.55,1
2067.0,-2.4,78.84,43.76,4.67,2991.1,177.5,14.66,2
4669.7,-36.7,56.45,37.82,4.91,45.4,136.6,11.8,2
3904.3,-13.9,62.41,12.51,4.09,180.3,21.2,27.72,1
5277.5,-26.6,52.05,5.45,1.64,745.9,-14.6,33.68,0
4910.2,8.5,54.67,36.35,2.08,946.0,175.2,11.79,2
4160.6,-5.2,60.36,20.75,1.29,3840.4,67.2,19.63,1
3429.1,-2.9,66.37,38.77,4.46,1121.6,162.7,13.61,2
1299.1,-7.9,86.66,23.37,4.58,4846.0,63.4,25.97,0
2068.0,31.7,78.83,18.61,2.15,3184.2,86.1,27.55,1
3014.6,-23.9,69.98,23.66,3.32,3465.7,56.8,20.79,1
4095.8,-1.3,60.87,37.93,0.91,1096.9,166.4,12.7,2
3582.2,15.2,65.07,45.31,2.23,4464.6,223.1,11.77,2
2229.1,1.8,77.26,4.39,3.19,3342.4,9.0,53.69,0
538.8,29.7,95.02,27.16,1.99,4323.4,113.7,25.57,2
3477.4,-11.7,65.96,3.58,1.85,4782.8,-5.7,48.58,0
2213.8,-5.2,77.41,24.48,0.1,636.9,75.3,22.45,1
4907.6,-33.4,54.69,44.49,4.04,492.0,187.8,10.04,2
643.7,5.7,93.83,19.36,4.46,4019.0,58.3,31.96,1
4009.0,-18.4,61.57,46.76,4.85,4332.0,205.0,10.85,2
6148.8,-28.0,46.23,32.27,3.62,2923.0,125.4,10.94,2
1546.5,0.8,84.08,46.84,2.79,1836.3,192.5,14.79,2
3329.9,-0.1,67.22,38.34,1.42,3266.6,161.9,13.9,2
1048.5,-34.3,89.35,6.96,5.0,1535.3,-21.4,52.67,2
4254.1,12.4,59.63,13.1,2.99,1199.5,50.6,25.82,1
3803.2,6.8,63.24,20.92,3.44,2445.8,78.3,20.45,1
2944.2,-25.8,70.61,10.17,3.44,1088.6,-1.2,35.01,0
3628.3,-4.8,64.69,25.76,4.24,2423.7,89.8,18.09,1
5879.4,14.0,47.97,24.63,0.15,4783.5,117.2,13.85,2
1677.8,-0.3,82.73,47.9,1.18,4200.5,199.0,14.29,2
635.4,-10.3,93.92,22.82,3.36,4708.7,55.9,28.62,1
5670.0,-15.8,49.36,39.71,4.49,4033.6,182.7,9.93,2
3962.7,5.8,61.94,47.21,3.46,1780.2,231.5,10.83,2
5844.0,30.4,48.2,44.1,2.13,4062.1,263.0,8.91,2
4081.7,10.4,60.99,12.02,1.87,4615.3,43.9,27.7,1
5361.0,-34.4,51.46,25.81,3.72,4735.7,71.9,14.37,2
3078.0,-5.4,69.42,18.69,3.73,3419.2,52.8,24.19,1
4999.2,26.8,54.03,21.19,3.07,1064.7,105.6,17.32,2
5978.2,-32.9,47.32,19.32,1.53,208.2,41.0,16.14,2
3932.7,34.2,62.18,41.67,4.63,744.5,223.3,12.04,2
1584.7,31.2,83.68,23.7,2.8,4828.1,105.2,24.83,2
2112.8,-34.1,78.39,27.14,3.97,2315.9,58.3,21.11,2
1691.9,30.0,82.58,49.16,1.15,4276.4,236.9,13.96,2
1981.1,-12.8,79.68,4.88,1.79,2330.6,-4.5,53.55,0
2338.5,23.4,76.21,25.42,4.39,3307.5,108.9,21.52,2
3830.8,-8.6,63.01,39.15,0.35,130.5,163.6,12.82,2
4027.9,-6.9,61.42,9.26,2.61,1256.8,16.2,31.89,0
3059.0,7.6,69.58,31.35,2.46,2187.0,127.7,16.83,2
4192.5,18.1,60.11,13.49,3.78,3156.8,57.8,25.58,1
989.4,-37.5,89.99,43.64,1.48,865.9,130.3,16.78,2
1026.7,4.5,89.58,17.7,1.17,3825.1,52.0,32.34,0
1531.0,-26.0,84.24,17.8,4.64,1828.4,23.4,30.31,1
3608.5,-14.1,64.85,30.71,2.9,4089.0,106.8,15.93,2
1784.0,-13.9,81.65,10.81,0.61,498.9,11.1,39.23,0
2199.7,-4.8,77.54,15.67,1.05,3402.0,38.3,30.2,0
2901.9,-14.9,70.99,22.0,4.99,1473.7,57.5,22.18,1
5371.2,-31.9,51.39,18.97,1.06,3979.0,37.2,17.74,2
583.2,-29.1,94.51,27.19,3.09,2016.8,55.3,25.41,1
4396.3,-37.5,58.52,30.78,2.16,3330.1,90.1,14.35,2
4513.3,-4.7,57.63,29.2,4.44,4672.2,114.7,14.7,2
5291.9,31.6,51.95,33.4,3.8,112.9,183.4,11.97,2
6096.5,-31.3,46.56,16.77,3.03,65.5,29.8,17.39,2
620.8,31.0,94.09,8.07,0.15,3853.7,46.4,52.07,0
1422.7,15.0,85.36,38.52,4.41,3235.5,159.6,17.59,2
5817.0,7.8,48.38,42.84,2.28,1472.0,230.7,9.16,2
3251.1,8.4,67.9,14.34,4.66,2477.0,49.0,27.9,1
3887.5,22.0,62.55,21.54,2.53,219.3,96.9,19.83,1
4478.2,-32.0,57.89,25.93,3.5,970.3,68.9,16.11,2
4574.4,-2.1,57.16,27.6,0.44,2128.2,108.7,15.2,2
6090.4,12.3,46.6,33.66,3.75,4171.9,174.3,10.67,2
6481.7,4.0,44.15,4.0,1.76,2403.5,12.4,31.54,0
4820.9,22.5,55.33,36.63,1.82,2935.9,189.9,11.86,2
2223.3,-34.6,77.32,4.97,0.68,4370.0,-25.9,51.63,2
5778.5,11.8,48.63,24.48,0.82,1551.0,113.4,14.11,2
795.3,0.1,92.13,41.73,1.01,3506.5,155.8,17.81,2
1886.5,-11.6,80.62,23.66,1.71,4309.7,63.7,23.95,1
5884.3,-14.5,47.93,9.16,4.47,1021.1,11.3,25.02,1
2037.1,6.6,79.13,49.28,1.9,1788.8,218.7,13.35,2
1823.9,26.8,81.25,44.69,3.65,4899.3,209.3,14.86,2
1328.8,-2.8,86.35,39.02,0.51,4916.3,143.7,17.61,2
5654.7,21.9,49.46,21.75,3.0,1123.9,107.2,15.58,2
3500.3,-9.8,65.76,10.82,2.46,341.6,18.0,31.58,0
4549.4,-32.3,57.35,47.19,4.89,1361.9,202.1,10.03,2
1934.4,-35.4,80.14,27.55,4.25,1994.7,58.0,21.34,2
5048.2,-36.1,53.67,42.91,2.33,2210.6,176.0,10.14,2
5060.0,-11.5,53.59,18.42,3.9,3097.8,53.5,18.86,1
2375.6,-14.7,75.86,18.09,1.05,4498.5,38.6,27.0,1
2964.1,13.8,70.43,49.31,2.86,1658.4,238.8,11.88,2
1758.1,15.7,81.91,27.05,0.47,4251.4,105.7,22.11,1
6359.4,-36.2,44.9,8.75,1.81,476.5,-11.1,23.94,2
4373.6,-23.4,58.7,12.54,1.21,219.0,12.8,26.04,1
6107.3,-19.4,46.49,25.13,3.62,2525.2,88.4,13.23,2
2320.3,1.1,76.38,4.04,2.5,307.7,7.6,54.41,0
5191.3,-29.2,52.65,24.2,3.78,1968.5,66.9,15.39,2
5095.2,-30.0,53.34,22.11,2.62,4484.9,54.2,16.61,2
4649.9,30.8,56.6,39.41,0.52,1215.0,214.2,11.45,2
6293.8,20.3,45.31,19.04,3.7,3532.8,94.3,15.6,2
2861.3,-26.5,71.35,49.16,4.18,1518.8,196.1,12.06,2
1284.3,-9.5,86.82,10.68,4.53,234.2,14.3,41.99,1
4530.3,-13.3,57.5,30.37,2.9,2787.9,113.0,14.24,2
4875.9,19.3,54.92,6.31,3.79,4175.9,33.6,33.68,0
3950.4,-1.7,62.04,37.23,3.79,2053.2,160.0,13.14,2
1740.9,-30.4,82.09,49.75,0.86,3090.3,180.6,13.74,2
3526.7,15.4,65.54,41.32,0.9,4501.1,197.5,12.77,2
2373.1,-10.2,75.88,28.67,0.45,3950.6,91.2,19.62,1
3064.8,-20.3,69.53,25.27,1.67,977.4,68.5,19.72,1
4371.3,-11.8,58.72,42.08,2.42,3669.6,185.5,11.27,2
4971.3,-2.7,54.23,46.93,4.99,2514.4,236.6,9.53,2
1893.3,-14.3,80.55,49.48,2.21,3732.4,197.1,13.54,2
2932.0,-21.9,70.72,21.03,3.66,2477.6,46.3,22.79,1
2115.0,-10.1,78.37,49.56,3.5,648.5,204.7,13.16,2
1691.8,-38.6,82.58,9.48,1.1,2853.8,-17.9,42.38,2
5200.3,17.9,52.59,14.17,0.39,2465.7,63.4,21.76,1
5955.5,-27.2,47.47,6.27,2.78,2594.4,-11.9,29.17,1
2721.4,-36.7,72.63,15.04,3.53,4395.7,5.3,29.0,2
5007.7,9.0,53.96,38.86,4.99,4475.2,193.2,11.04,2
5882.0,18.0,47.95,42.94,1.86,2273.2,242.7,9.06,2
5576.7,21.0,49.98,39.39,4.49,2284.1,216.0,10.12,2
1596.9,-3.0,83.56,32.29,1.97,2580.8,111.2,19.76,2
6237.8,-24.6,45.66,26.67,3.48,2602.8,93.6,12.45,2
2760.1,15.3,72.27,36.02,3.03,4752.4,158.4,15.71,2
2535.4,12.5,74.35,20.76,0.36,3250.5,77.7,24.17,1
874.6,-21.5,91.25,42.38,0.48,1394.5,138.4,17.42,2
3417.0,27.8,66.47,34.51,0.2,2662.4,168.3,14.94,2
1154.1,-32.2,88.21,35.49,1.92,3139.8,94.7,19.39,2
1991.2,33.7,79.58,27.72,3.75,3202.5,128.2,21.1,2
2401.7,24.5,75.61,44.49,0.95,2930.4,212.6,13.88,2
5353.0,11.6,51.52,14.1,3.07,896.9,57.2,21.38,1
5752.9,30.4,48.8,20.3,1.52,177.6,108.4,16.11,2
2314.8,14.2,76.44,39.33,4.01,1695.8,171.5,15.5,2
5652.2,-25.7,49.48,25.65,4.01,2143.3,81.8,13.88,2
5643.4,-6.8,49.53,44.68,3.9,318.4,226.9,9.06,2
5087.9,-34.6,53.39,18.63,2.67,4076.7,31.5,18.65,2
1380.2,-10.8,85.81,19.73,1.49,1726.9,45.8,28.86,1
4641.9,15.6,56.66,44.66,4.07,4569.0,234.0,10.37,2
6170.1,-11.0,46.09,24.29,1.01,780.5,92.2,13.44,2
4595.2,-15.2,57.01,26.77,1.52,294.1,91.1,15.5,2
2489.7,4.7,74.78,17.97,1.0,2416.8,57.8,26.73,1
3503.5,25.4,65.73,15.28,3.4,953.8,70.6,26.0,1
4374.4,-36.4,58.69,33.49,3.46,4687.6,106.9,13.5,2
3563.4,-11.1,65.23,7.75,3.3,61.4,6.4,36.74,0
1219.7,-28.1,87.51,44.21,2.14,2069.0,145.1,16.14,2
2372.4,12.2,75.89,39.4,0.59,4634.5,170.5,15.36,2
5314.4,-32.1,51.79,11.16,4.56,1928.2,0.7,24.48,2
5668.5,9.9,49.37,35.31,2.59,474.6,178.3,10.89,2
1323.8,-18.5,86.4,30.93,2.09,1521.4,87.2,21.11,1
6214.3,-25.1,45.81,10.86,2.99,2495.1,8.5,21.96,1
2472.9,30.2,74.94,15.11,1.04,933.9,71.9,29.84,1
4473.9,-38.6,57.93,21.63,0.75,2338.1,39.7,18.31,2
5011.0,-7.2,53.94,35.56,2.09,4183.4,155.5,11.84,2
5371.7,-38.4,51.39,32.66,1.21,4364.4,109.6,12.05,2
6174.5,-3.7,46.06,27.55,1.3,255.8,119.4,12.27,2
2377.5,-2.4,75.84,38.88,4.47,812.9,153.1,15.51,2
5651.0,-15.9,49.48,38.38,2.7,1383.7,173.1,10.23,2
1290.1,-30.1,86.76,31.66,2.47,2978.4,78.9,20.83,2
4730.2,-11.8,56.0,39.78,3.48,1811.4,175.0,11.25,2
4951.9,10.4,54.37,18.04,4.76,4221.8,73.1,19.39,1
4566.3,18.7,57.22,44.3,0.65,3586.2,233.5,10.54,2
2013.9,-0.2,79.36,31.52,4.18,511.3,113.1,19.12,2
5738.3,4.2,48.9,41.47,2.96,3126.5,216.2,9.5,2
1513.2,-25.0,84.42,28.22,0.82,573.9,69.1,22.09,1
821.8,-18.5,91.83,12.49,1.56,1282.6,10.3,40.84,0
4804.8,-27.9,55.44,28.04,2.46,897.6,87.2,14.58,2
3352.9,-21.3,67.02,19.81,3.49,873.6,43.1,22.48,1
5594.6,-23.1,49.86,35.48,1.29,3085.8,145.5,10.96,2
2800.4,-1.0,71.91,24.84,2.72,2822.4,84.2,20.64,1
1509.7,2.2,84.46,42.13,3.45,888.4,167.1,16.2,2
5518.7,30.9,50.38,34.55,2.3,4951.0,192.5,11.31,2
3793.5,-25.3,63.32,34.86,4.33,2115.0,120.7,14.12,2
1635.2,8.1,83.16,12.42,4.36,494.4,38.2,37.09,1
4822.3,21.3,55.32,49.24,2.41,611.6,274.7,9.34,2
3566.7,2.0,65.2,42.4,4.87,2923.6,191.3,12.44,2
4125.9,-20.9,60.64,39.87,0.47,4895.6,159.2,12.16,2
3265.4,-20.3,67.77,17.85,0.12,2864.0,35.0,24.34,2
5472.3,-37.1,50.7,27.71,1.97,4745.7,81.3,13.44,2
5477.4,-17.1,50.66,8.58,3.05,2226.2,5.8,27.27,1
4756.3,15.8,55.8,27.85,3.18,2184.8,129.4,14.74,2
1132.4,-36.4,88.44,9.0,2.43,2505.0,-17.9,46.54,2
5533.1,-23.6,50.28,28.55,0.71,3490.2,100.3,13.04,2
4526.1,13.0,57.53,33.14,0.94,1844.4,155.7,13.34,2
4682.1,18.7,56.35,20.73,4.28,4320.8,93.5,18.34,1
2677.9,-5.9,73.03,25.93,4.35,156.1,84.0,20.33,1
5775.7,12.4,48.65,44.03,3.4,2204.4,243.4,9.0,2
4852.2,-10.9,55.1,7.21,3.35,2559.8,6.3,32.01,0
1175.5,-28.0,87.98,40.0,3.03,3039.1,122.2,17.59,2
2946.7,-10.1,70.59,10.2,1.09,1387.6,14.6,34.95,0
5818.3,3.5,48.37,3.76,2.2,2143.1,10.9,35.15,0
783.2,31.1,92.26,10.91,3.51,2427.8,54.9,44.13,0
6268.5,-34.8,45.47,38.72,2.73,3437.7,164.8,9.33,2
4575.0,-1.9,57.16,21.45,0.19,3870.0,75.9,18.18,1
4288.3,-15.3,59.36,43.88,4.77,3691.8,192.8,11.02,2
2123.4,-1.9,78.29,27.19,4.24,1714.5,90.8,21.05,1
1992.8,-38.2,79.57,3.07,1.38,4997.3,-33.9,60.89,2
6152.3,-16.5,46.2,36.4,3.12,4244.8,165.1,9.96,2
2289.6,21.5,76.68,7.29,4.62,1307.5,36.3,44.34,1
5153.0,1.5,52.92,39.89,0.57,983.6,194.4,10.61,2
2858.7,-6.2,71.38,10.07,2.56,1577.0,18.0,35.57,0
1335.5,-18.6,86.28,18.58,2.34,2267.2,33.3,30.19,0
564.3,-17.6,94.73,38.54,2.11,4255.5,119.8,19.51,2
3765.5,-11.3,63.55,47.8,4.19,3894.0,215.5,10.99,2
6354.7,22.7,44.93,19.83,1.97,4257.7,101.4,15.06,2
2714.8,32.5,72.69,41.81,0.41,1367.1,208.3,14.03,2
2643.2,-7.1,73.35,11.16,0.42,2971.4,20.4,34.67,2
2564.5,-10.5,74.08,40.74,0.31,1423.4,157.5,14.6,2
3623.3,23.5,64.73,33.56,2.1,554.0,160.4,14.86,2
3144.0,-8.0,68.83,11.25,3.62,3424.1,20.8,32.39,0
5779.5,1.4,48.63,16.52,1.1,723.6,60.0,18.34,1
3533.1,-22.7,65.48,8.33,3.27,3341.8,-3.3,35.73,0
3546.5,15.8,65.37,20.38,3.47,3243.3,83.6,21.52,1
1330.2,-0.1,86.33,11.78,1.35,4053.1,27.3,39.65,0
6396.4,20.7,44.67,32.91,3.04,706.4,181.1,10.41,2
1999.8,18.6,79.5,49.74,3.46,3919.6,232.9,13.31,2
940.2,-23.9,90.53,2.58,2.39,4996.4,-20.7,71.98,0
4478.9,13.7,57.89,27.96,1.75,4256.7,125.8,15.25,2
4072.2,20.0,61.06,29.54,3.13,3761.5,137.9,15.44,2
2990.9,-14.0,70.19,45.88,4.89,3314.2,189.7,12.56,2
3033.2,-27.1,69.81,26.29,2.19,2114.7,66.6,19.24,1
5210.4,-39.8,52.52,28.1,2.02,3655.2,78.8,13.79,2
1674.3,-6.2,82.76,24.64,2.37,3623.6,72.4,23.89,1
5421.5,-13.6,51.05,14.91,0.47,3161.2,35.9,20.49,1
4392.5,1.6,58.55,4.69,2.81,3983.4,10.8,39.86,0
3013.8,-25.9,69.99,21.62,1.71,2249.3,45.2,22.14,1
3248.2,24.5,67.92,4.52,0.69,615.1,32.6,46.77,0
2039.9,-20.7,79.1,28.42,2.38,2799.7,77.5,20.59,1
5012.7,-23.0,53.93,16.75,0.12,1332.6,33.7,20.16,1
3577.2,-3.9,65.11,27.61,2.07,1928.3,100.0,17.31,2
2425.1,-2.6,75.39,8.45,0.62,96.9,15.8,40.87,0
4076.3,-23.9,61.03,46.77,0.22,1920.1,200.6,10.75,2
6474.4,-19.6,44.19,44.94,4.14,4045.9,229.8,8.04,2
3111.6,-27.3,69.12,11.12,4.59,2718.2,1.0,32.73,1
6024.1,13.9,47.02,18.49,1.12,58.9,83.6,16.51,2
2570.1,17.8,74.03,31.45,2.74,2354.5,134.7,17.86,2
828.4,-5.3,91.76,6.59,1.46,1464.3,6.5,55.3,0
1725.5,13.6,82.24,19.02,2.52,2393.0,68.4,28.34,1
3012.2,15.2,70.0,14.05,2.24,2029.4,54.1,29.1,1
1817.8,-29.6,81.31,45.94,1.42,4660.6,160.0,14.53,2
501.4,32.5,95.45,42.92,3.53,215.5,191.6,18.04,2
5990.0,21.6,47.25,29.83,0.72,3421.1,157.5,11.86,2
5563.3,-24.7,50.08,26.98,0.36,4256.6,90.0,13.54,2
4953.8,-26.0,54.35,46.67,3.86,4796.6,211.1,9.59,2
1506.9,-30.6,84.48,46.76,3.36,896.4,160.1,14.89,2
1222.2,-29.6,87.48,48.53,2.54,2661.2,167.8,14.95,2
905.6,16.1,90.91,8.02,2.39,227.5,31.7,50.45,0
4844.2,-4.8,55.15,9.71,2.54,2500.9,21.3,27.99,1
6072.8,18.7,46.71,34.48,2.24,636.0,186.2,10.5,2
3083.2,16.0,69.37,27.99,2.03,4191.1,118.6,18.26,2
1214.8,5.3,87.56,2.89,2.55,578.2,9.1,67.95,0
3574.4,11.5,65.14,4.97,2.69,2571.3,20.9,43.5,0
2593.0,-38.6,73.81,44.63,3.49,2610.3,152.5,13.51,2
2748.9,-16.6,72.38,43.71,3.58,4858.5,170.8,13.48,2
4228.0,7.8,59.83,19.15,1.95,3278.4,72.8,20.53,1
4812.3,-39.3,55.39,44.77,2.13,1446.3,182.3,10.11,2
1163.6,-37.5,88.11,30.5,1.93,1211.6,65.1,21.76,2
713.5,23.9,93.04,40.68,2.73,650.0,173.4,18.36,2
6466.0,11.3,44.24,22.52,2.32,3785.0,106.0,13.61,2
1896.4,-20.1,80.52,7.44,4.46,3456.9,-5.2,46.16,1
823.0,11.6,91.82,22.82,3.51,3053.3,78.6,27.98,1
1639.3,19.4,83.12,23.95,4.5,213.8,94.8,24.48,1
733.7,-17.0,92.82,28.45,3.57,3816.5,73.7,24.14,1
2850.9,-37.3,71.45,7.07,4.86,3213.0,-22.6,41.86,2
5314.4,30.0,51.79,49.59,3.22,4819.8,294.4,8.69,2
2547.5,-14.1,74.24,13.72,4.82,2940.1,22.4,31.3,1
3165.1,-32.0,68.65,11.53,0.88,1526.7,-2.2,31.88,2
4553.5,-3.1,57.32,27.29,0.36,1913.8,105.8,15.37,2
3553.4,17.6,65.31,27.79,2.94,887.4,122.3,17.29,2
5668.7,-23.4,49.36,23.11,4.92,3617.3,69.6,14.91,2
5696.2,-19.8,49.18,39.05,2.15,3541.5,174.5,10.03,2
559.5,-21.8,94.78,26.8,1.14,1011.2,60.8,25.76,1
5168.3,34.4,52.82,31.27,2.66,800.9,171.7,12.8,2
3264.4,-25.2,67.78,36.74,3.28,394.3,126.7,14.5,2
6433.0,3.2,44.45,3.2,1.64,4560.8,9.3,33.67,0
3399.4,29.4,66.62,29.39,3.6,1173.0,141.5,16.91,2
6421.4,-29.0,44.52,44.44,4.88,1727.4,215.7,8.18,2
5027.4,32.8,53.82,2.83,4.5,1409.7,37.5,41.94,1
1991.6,31.1,79.58,21.45,1.53,2074.0,97.1,25.3,1
3730.4,26.3,63.84,46.46,1.7,3573.1,243.8,11.31,1
6452.8,-23.9,44.32,18.95,1.92,4354.3,50.4,15.31,2
5645.2,7.6,49.52,24.02,2.03,921.2,105.6,14.56,2
1084.2,17.1,88.96,49.11,0.59,3435.2,216.2,15.05,2
4738.2,34.0,55.94,11.57,3.83,1769.3,67.1,25.94,1
2573.5,-26.5,74.0,5.13,1.89,4902.8,-17.2,48.9,0
541.9,17.5,94.98,43.25,4.41,1501.6,178.7,17.84,2
2920.9,-14.6,70.82,43.69,4.64,45.9,174.8,13.19,2
1908.5,-26.8,80.4,24.66,0.22,2583.0,53.0,23.2,1
5413.2,-8.4,51.1,26.68,4.94,762.1,103.4,13.93,2
2524.0,19.5,74.46,42.12,3.58,232.0,195.0,14.29,2
5465.1,-5.1,50.75,37.45,2.65,3494.4,175.2,10.69,2
503.6,0.3,95.42,14.73,2.01,3664.0,35.9,38.59,0
2346.9,34.6,76.13,2.81,2.64,2308.9,38.6,59.43,0
1947.0,-10.1,80.02,25.03,1.69,3387.7,71.6,22.85,1
1901.4,6.2,80.47,43.23,3.15,2695.8,181.2,15.12,2
909.1,-12.6,90.87,45.0,0.56,3152.7,161.7,16.52,2
1622.7,-10.5,83.29,47.9,3.14,2987.6,188.1,14.39,2
3833.3,12.2,62.99,44.22,1.45,3332.5,216.4,11.62,2
2248.2,30.3,77.08,29.84,0.19,1006.2,136.8,19.35,2
3004.4,0.7,70.07,23.34,2.81,1350.8,79.8,21.02,1
2761.2,17.6,72.26,39.19,2.93,2205.4,178.7,14.69,2
5755.4,-33.3,48.78,37.51,2.19,2236.2,151.0,10.27,2
5931.8,-24.2,47.62,27.83,0.45,3874.3,98.7,12.59,2
3457.7,-2.3,66.12,6.19,4.48,1843.3,10.4,40.84,1
2480.9,-38.5,74.86,46.45,3.1,820.9,162.2,13.26,2
1140.8,-21.0,88.35,23.87,0.67,1264.8,51.7,26.09,1
6220.4,-1.2,45.77,19.44,2.6,1081.5,74.6,15.55,2
861.4,-38.9,91.4,32.22,2.54,3661.0,70.0,21.65,2
2285.9,-20.2,76.71,34.34,0.4,2357.0,109.8,17.3,2
2288.4,-1.4,76.69,12.11,3.07,3546.1,28.8,34.68,0
2422.4,3.0,75.41,42.17,4.06,2086.9,177.7,14.45,2
1485.7,29.4,84.7,15.92,3.77,4449.8,71.6,32.68,0
5199.0,8.4,52.6,10.96,1.09,4917.8,40.1,25.09,1
1235.0,-8.9,87.34,21.51,4.33,3352.5,54.3,27.72,1
4309.4,29.8,59.19,37.07,1.78,4320.4,194.4,12.58,2
1243.1,18.9,87.26,48.34,4.74,2544.6,215.5,14.96,2
923.2,-25.0,90.71,40.85,0.45,4673.8,127.3,17.84,2
5956.6,-30.2,47.46,47.14,2.48,4159.6,227.1,8.31,2
1640.8,10.7,83.11,8.75,3.03,4959.0,29.1,44.33,0
5427.5,2.0,51.0,5.42,1.31,3119.2,14.0,33.08,0
3767.8,19.2,63.53,28.77,3.88,3898.2,130.6,16.39,2
967.1,15.4,90.23,15.93,3.17,2718.9,56.3,34.79,0
6232.7,6.9,45.69,41.75,0.19,1303.0,228.1,8.83,2
1981.8,34.0,79.68,34.26,3.08,1780.2,161.0,18.0,2
5657.9,0.0,49.44,48.59,2.51,4471.1,263.1,8.44,2
1512.9,-31.5,84.42,14.23,1.06,289.2,4.6,34.84,2
5623.7,22.1,49.67,25.32,4.98,2961.5,127.5,14.06,2
579.4,-21.1,94.56,26.06,4.5,1868.7,58.4,26.22,1
3570.7,18.3,65.17,13.48,1.53,1939.6,56.4,27.75,1
5116.7,31.8,53.18,30.32,2.75,4424.0,162.9,13.19,2
6108.8,12.3,46.48,23.28,1.65,4270.6,109.1,13.97,2
5955.2,4.7,47.47,23.44,3.9,2998.2,101.5,14.19,2
5417.7,-5.5,51.07,19.41,4.66,1371.9,66.2,17.36,2
5829.1,-12.7,48.3,2.81,1.86,2382.5,-7.7,37.69,0
1695.3,-13.5,82.55,27.06,4.05,2047.4,76.2,22.27,1
2205.1,7.7,77.49,18.09,2.54,1774.6,60.4,27.59,1
2233.8,16.3,77.21,2.06,2.04,522.9,18.9,64.01,0
2762.3,10.9,72.25,16.78,4.7,2720.1,60.0,26.98,1
2859.9,-25.1,71.37,15.37,2.6,1516.1,18.6,28.13,1
3767.3,-3.0,63.53,20.89,2.39,3307.4,68.2,20.57,1
1459.3,19.4,84.98,8.33,3.39,1602.8,36.4,46.36,0
4647.5,-4.3,56.61,26.37,1.38,2161.5,100.2,15.57,2
1505.4,0.2,84.5,35.24,1.69,271.3,128.6,18.68,2
2361.9,17.8,75.99,32.25,4.67,4962.8,137.4,17.99,2
3520.1,9.6,65.59,40.58,3.42,2543.0,187.1,12.97,2
5278.6,-9.3,52.04,23.7,4.15,130.9,84.5,15.44,2
4936.8,27.2,54.48,26.92,1.43,2710.7,136.8,14.76,2
4373.2,-27.8,58.7,40.9,2.76,4353.1,161.9,11.53,2
1434.6,34.7,85.24,22.53,4.86,3865.0,103.0,26.2,1
3782.3,-31.1,63.41,35.68,1.66,3507.5,119.6,13.88,2
1024.7,-38.9,89.61,22.86,0.89,705.9,29.1,27.27,2
2764.2,26.8,72.24,22.05,2.6,3292.1,98.8,22.54,1
2981.1,-21.6,70.28,38.49,2.0,3833.8,137.6,14.49,2
738.9,14.7,92.76,10.39,0.88,2866.4,36.9,45.49,0
2143.9,20.8,78.08,18.25,4.45,4464.8,74.0,27.64,1
6233.9,24.4,45.69,12.76,4.95,1392.2,66.5,20.07,1
6221.8,34.4,45.76,19.24,2.89,1218.3,109.1,15.65,2
2614.0,-17.9,73.62,13.06,3.9,4349.2,16.3,31.93,1
758.6,13.3,92.54,29.81,4.31,3130.7,110.3,23.24,2
1574.6,-31.3,83.79,40.31,3.53,17.2,124.2,16.65,2
2853.3,-9.5,71.43,39.76,0.32,1772.1,155.8,14.35,2
6186.7,23.6,45.99,19.5,0.87,4290.7,99.6,15.59,2
1347.2,-12.4,86.15,49.46,0.45,146.3,191.9,14.49,2
5081.1,4.3,53.44,30.51,0.15,26.2,136.2,13.19,2
1152.1,-2.2,88.23,21.17,1.6,1413.5,59.3,28.3,1
6387.5,8.4,44.73,42.11,2.02,4570.9,234.8,8.58,2
2789.7,33.0,72.0,37.03,1.28,4508.4,182.0,15.31,2
5151.4,-35.8,52.94,37.97,0.42,2598.6,144.2,11.04,2
2555.5,3.0,74.16,11.41,2.7,2770.7,31.3,34.63,0
4266.0,24.7,59.53,24.48,1.44,1666.7,116.5,17.27,2
1652.1,-3.9,82.99,43.37,4.0,1226.2,169.3,15.55,2
1376.1,-34.1,85.85,26.19,0.14,4078.0,49.9,23.72,1
6128.4,2.0,46.36,34.81,4.23,540.4,172.3,10.35,2
6005.9,-15.1,47.14,30.22,4.78,2441.9,123.5,11.72,2
5824.8,-28.4,48.33,42.43,3.61,3175.6,191.7,9.22,2
4252.6,23.7,59.64,15.66,3.69,527.4,72.8,23.24,1
5349.6,-0.9,51.54,29.62,4.67,2602.8,128.0,13.01,2
914.2,30.0,90.81,7.92,1.12,2891.8,45.3,50.69,0
2508.7,20.5,74.6,35.13,4.97,3715.1,156.4,16.53,2
2382.2,12.0,75.79,37.13,3.89,1181.8,157.8,16.08,2
4313.9,-39.6,59.16,4.06,3.66,1473.7,-32.2,42.09,2
2635.7,-7.9,73.42,34.44,1.87,2851.9,125.4,16.52,2
1391.0,-25.2,85.69,21.91,2.77,4915.8,40.3,26.86,1
4078.8,28.3,61.01,7.96,3.3,1095.3,47.1,33.98,0
5386.3,-26.9,51.29,22.16,3.14,4929.7,59.1,15.95,2
2792.7,-18.5,71.98,11.32,3.55,3574.6,9.8,33.75,0
1293.6,-1.2,86.72,21.95,0.5,4132.1,64.0,27.14,1
1680.1,-20.2,82.7,20.45,1.84,457.3,40.3,27.16,1
1924.9,-24.3,80.24,37.44,2.23,1509.1,119.1,16.91,2
2299.4,4.9,76.58,39.16,1.38,298.1,161.2,15.58,2
4356.8,-33.3,58.83,31.14,0.95,1864.0,96.0,14.3,2
4105.7,-35.6,60.8,3.09,0.78,4906.6,-30.6,46.45,2
4676.5,-12.1,56.4,46.69,1.9,535.3,220.8,9.95,2
2675.0,14.0,73.05,34.94,2.52,2816.2,150.4,16.26,2
5444.0,1.6,50.89,3.64,0.41,40.3,8.5,37.31,0
1724.5,-8.3,82.25,41.3,4.74,3566.3,154.2,16.03,2
3314.2,2.4,67.35,11.61,3.85,994.0,32.8,31.16,1
5305.6,-12.6,51.85,29.8,3.68,656.6,117.0,13.03,2
1581.0,30.2,83.72,24.4,0.95,1691.7,107.3,24.34,2
1159.2,-35.9,88.15,22.15,3.06,3857.5,29.7,27.42,2
5802.1,10.5,48.48,44.71,2.7,542.0,246.9,8.86,2
2557.6,26.8,74.14,22.99,4.91,1156.9,102.2,22.47,1
4603.2,20.3,56.95,5.62,3.76,52.2,32.2,36.47,0
652.1,-26.2,93.73,47.44,2.92,4842.4,158.6,16.32,1
4640.3,-17.8,56.67,46.19,4.27,2964.8,211.1,10.09,2
2396.6,13.8,75.66,34.85,0.86,3602.3,147.3,16.87,2
834.4,-33.7,91.69,24.46,0.17,3260.4,40.2,26.61,2
4158.9,20.9,60.37,6.46,3.48,730.4,35.0,36.69,0
1944.8,13.9,80.04,39.96,0.58,2978.8,171.1,16.02,2
2820.8,14.7,71.72,5.62,0.67,665.8,25.4,45.91,0
983.5,-32.5,90.05,5.29,3.75,2012.2,-23.7,58.89,2
1383.0,13.8,85.78,27.79,1.43,2849.1,105.2,22.7,2
2287.9,11.0,76.69,9.69,3.18,2798.8,33.1,38.96,0
1038.6,22.3,89.46,2.37,4.6,604.2,25.2,72.31,1
5965.0,-36.9,47.41,22.31,1.65,181.8,53.5,14.67,2
536.3,-38.3,95.05,8.59,1.16,3993.2,-21.5,51.14,2
3403.2,-12.0,66.59,9.7,0.62,3632.4,11.7,33.79,0
1239.5,-28.8,87.29,5.69,0.74,418.3,-19.0,55.63,0
2346.1,1.9,76.14,11.84,0.4,645.8,31.3,34.85,0
6056.4,28.8,46.82,36.34,0.53,4464.0,208.8,10.1,0
1470.2,-10.6,84.87,40.83,2.22,3848.0,146.7,16.7,1
6295.0,23.4,45.3,23.72,1.67,4980.8,124.1,13.43,2
1734.8,-40.0,82.15,26.31,3.56,1277.4,46.5,22.62,2
4949.4,-27.4,54.39,3.57,4.36,2444.1,-20.9,40.09,1
3780.1,-37.7,63.43,5.33,3.95,1189.9,-27.2,41.38,2
5806.9,-15.4,48.44,14.36,2.7,3117.8,32.9,19.88,1
3824.0,28.1,63.07,28.11,0.6,585.9,136.4,16.55,2
3707.4,-32.7,64.03,37.5,3.58,644.9,128.1,13.48,2
1672.7,5.5,82.78,31.04,1.88,368.7,114.0,20.17,2
1497.4,-6.1,84.58,20.82,0.52,3471.0,55.3,27.44,1
5998.9,30.4,47.19,7.68,4.23,2475.4,50.7,26.69,1
2467.0,-30.8,74.99,39.48,1.76,3092.5,128.9,15.16,2
2732.5,-24.1,72.53,19.46,1.17,4397.7,36.2,24.62,1
5058.9,-37.8,53.6,37.33,4.37,3704.2,136.9,11.32,2
2532.9,-7.5,74.37,26.62,4.52,2314.0,84.9,20.31,1
6212.4,-19.2,45.82,37.46,1.76,4921.9,170.7,9.66,2
4927.6,25.2,54.54,45.55,1.84,2286.7,254.0,9.82,2
4084.6,5.4,60.96,46.21,2.94,571.1,226.2,10.85,2
5785.4,6.1,48.59,27.69,3.69,4963.3,126.8,12.89,2
797.6,-0.1,92.1,26.55,0.41,123.9,82.6,25.2,1
2042.4,-33.1,79.08,14.75,3.01,2753.9,6.1,31.95,2
3290.2,-6.6,67.56,46.92,4.77,1552.4,207.7,11.87,2
1861.9,35.0,80.87,23.98,1.38,2522.7,111.5,23.8,2
4963.4,22.6,54.28,8.12,4.55,2798.0,43.2,29.95,1
6015.2,27.0,47.08,22.77,4.76,1208.1,120.3,14.37,2
3042.6,21.7,69.73,8.1,1.42,2788.7,39.8,38.53,0
2552.8,-32.3,74.19,26.12,3.8,3782.7,57.8,20.54,2
6269.3,-22.9,45.46,28.94,1.27,1339.9,109.9,11.68,2
3169.1,-39.8,68.61,18.21,3.71,1923.3,16.8,24.32,2
3434.3,-17.2,66.32,5.44,4.01,1348.5,-6.6,42.96,1
2609.9,-31.9,73.66,47.29,1.31,4104.6,175.6,12.86,2
5957.3,-4.5,47.46,39.12,3.61,3627.7,193.7,9.66,2
3913.7,10.8,62.34,42.27,4.08,4357.3,203.5,11.93,2
5073.0,25.6,53.49,19.61,1.86,858.5,96.6,18.07,1
5370.8,16.2,51.4,38.52,0.92,377.2,202.6,10.59,2
2551.1,30.4,74.2,25.3,0.55,605.7,116.5,21.02,2
3102.2,-36.0,69.2,11.65,2.92,813.5,-5.8,31.96,2
5590.8,-39.1,49.89,7.97,4.89,2670.1,-18.2,27.76,2
2679.5,9.6,73.01,18.56,4.13,4854.9,65.9,25.56,1
5263.6,-18.3,52.14,8.6,2.24,1792.6,4.4,28.03,1
6146.0,-21.0,46.24,49.92,2.73,4793.0,261.5,7.72,2
4239.3,-15.2,59.74,4.36,1.47,200.6,-7.0,41.6,0
4949.8,-19.8,54.38,23.17,0.9,4635.1,69.2,16.39,2
5330.6,-1.6,51.68,23.7,2.46,914.0,92.5,15.33,2
5570.2,-7.0,50.03,16.43,2.37,4563.3,50.3,18.93,1
2870.3,-1.6,71.27,29.42,2.66,290.6,107.0,18.08,2
807.6,10.5,91.99,9.2,4.77,4741.6,29.2,47.92,1
2911.3,-11.0,70.9,39.63,3.06,1012.0,154.2,14.29,2
4542.5,-21.2,57.4,17.96,3.07,1520.5,39.4,20.53,1
3202.1,-27.5,68.33,30.38,0.73,2459.8,88.4,16.92,2
4993.8,-13.8,54.06,36.35,4.98,1909.8,153.8,11.66,2
2641.9,15.6,73.36,44.67,3.89,3341.0,207.6,13.42,2
4308.5,16.8,59.2,42.12,4.4,4874.3,213.6,11.36,2
1618.5,10.0,83.33,31.2,2.13,3036.1,119.0,20.23,2
4996.2,-22.4,54.05,20.64,2.56,3610.2,53.5,17.64,2
3774.2,4.1,63.48,26.15,2.66,449.1,101.6,17.56,2
1724.4,2.8,82.25,38.9,1.05,3142.8,152.2,16.82,2
2251.5,-3.7,77.04,44.12,3.48,2274.7,180.4,14.24,2
4991.7,1.2,54.08,6.98,4.52,4430.1,17.9,31.85,1
3395.6,-3.1,66.65,20.47,0.9,1947.2,64.4,21.87,1
1796.2,2.4,81.53,39.25,0.52,3400.5,154.4,16.55,2
6303.6,13.7,45.25,22.72,3.72,1148.5,108.5,13.83,2
4790.8,-31.8,55.55,17.95,1.44,1304.3,29.8,19.88,2
6242.8,16.2,45.63,21.74,3.16,1886.9,105.1,14.37,2
3062.6,-29.8,69.55,30.94,3.51,1527.3,88.1,16.99,2
3350.6,-35.0,67.04,49.99,1.68,1276.9,200.1,11.17,2
5887.7,33.2,47.91,25.66,4.09,257.8,142.5,13.43,2
3650.3,31.8,64.5,12.01,2.79,4185.4,64.3,29.31,1
4743.7,-35.5,55.9,9.82,4.36,330.9,-9.1,28.21,2
2013.0,-6.8,79.37,4.03,3.84,4438.0,-0.4,56.56,1
3180.4,-26.0,68.52,28.82,4.36,636.1,81.5,17.65,2
1240.7,-3.6,87.28,28.14,0.2,335.7,88.6,22.88,1
1735.9,22.3,82.14,11.85,1.29,2819.4,50.6,37.59,0
505.7,31.3,95.4,35.38,0.54,2517.2,152.7,21.02,2
735.6,7.6,92.79,37.57,2.27,2461.3,141.5,19.51,2
6363.7,-13.5,44.88,14.44,4.46,2876.8,37.0,18.36,1
1954.1,5.2,79.95,18.52,2.39,1442.4,58.8,28.04,1
4479.9,-16.6,57.88,49.54,4.26,3318.1,233.2,9.72,2
5534.6,28.2,50.27,19.96,1.7,2517.0,103.3,16.78,2
3804.0,25.3,63.23,38.52,1.76,1680.4,193.3,13.03,2
1418.9,1.9,85.4,23.73,4.49,4134.2,75.3,25.32,1
4868.7,-15.6,54.97,40.08,2.19,3641.3,174.9,10.98,2
4101.5,-18.0,60.83,38.91,3.97,1974.1,155.8,12.44,2
4887.5,-37.5,54.84,34.05,1.26,4239.6,114.4,12.45,2
5118.5,21.2,53.17,43.03,4.75,4602.1,235.2,10.03,2
6352.5,-6.2,44.94,47.08,2.92,2689.0,257.8,7.87,2
3941.4,-15.6,62.11,29.84,3.82,1082.6,103.0,15.59,2
2549.8,-4.7,74.22,13.4,0.54,4579.8,30.7,31.72,0
4390.8,21.4,58.57,21.13,2.51,955.5,96.8,18.81,1
910.6,-30.7,90.85,38.4,4.52,251.6,108.9,18.77,2
5884.4,24.3,47.93,33.24,4.4,1644.2,181.4,11.08,2
1216.3,27.3,87.54,10.53,0.33,3637.6,50.6,42.63,0
2467.1,31.0,74.99,4.46,1.59,4617.1,38.5,51.86,0
5394.5,-10.2,51.23,34.78,2.27,3190.1,151.6,11.44,2
4083.9,-23.7,60.97,14.05,0.94,4759.7,18.0,25.35,1
